SampleTime,VehicleSpeed,EngineSpeed,CalculateLoad,MAF,AtmospherePressure,CoolantTemp,IntakeAir,EngineRunTime,InitialEngineCoolantTemp,InitialIntakeAirTemp,BatteryVoltage,AccelSens.No.1Volt%,AccelSens.No.2Volt%,AccelSensorOutNo.1,AccelSensorOutNo.2,AcceleratorIdlePosition,AccelFullyClose#1(AD),AccelFullyCloseLearn#1,AccelFullyCloseLearn#2,ThrottleSensorVolt%,ThrottleSensor2Volt%,ST1,SystemGuard,OpenSideMalfunction,ThrottleIdlePosition,ThrottleRequirePosition,ThrottleSensorPosition,ThrottlePositionNo.1,ThrottlePositionNo.2,ThrottlePositionCommand,ThrottleSensOpenPos#1,ThrottleSensOpenPos#2,ThrottleSensOpen#1(AD),ThrottleMotor,ThrottleMotorCurrent,ThrottleMotorDUTY,ThrottleMotorDuty(Open),ThrottleMotorDuty(Close),ThrottleFullyCloseLearn,ETCSActuatorPower,+BMVoltage,ActuatorPowerSupply,FailSafeDrive,FailSafeDrive(MainCPU),Injector(Port),InjectionVolum(Cylinder1),FuelPump/SpeedStatus,EvapPurgeFlow,PurgeDensityLearnValue,EVAPPurgeVSV,TargetAir-FuelRatio,O2SB1S1,ShortFTB1S1,LongFTB1S1,FuelSystemStatus#1,O2FTB1S1,IGNAdvance,KnockFeedbackValue,KnockCorrectLearnValue,VVTControlStatus#1,VVTAimAngle#1,VVTChangeAngle#1,VVTOCVDuty#1,StarterSignal,PowerSteeringSignal,PowerSteer.Sig.Record,StopLightSwitch,A/CSignal,ClosedThrottlePositionSW,ElectricalLoadSignal,CheckMode,SPDTestResult,#Codes(IncludeHistory),MIL,TimeafterDTCCleared,DistancefromDTCCleared,WarmupCycleClearedDTC,OBDRequirements,NumberofEmissionDTC,TCandTE1,ACTVSV,IdleFuelCut,FCTAU,ModelCode,EngineType,CylinderNumber,TransmissionType,Destination,ModelYear,SystemIdentification
00:00.000,0.000000,705.000000,18.000000,2.530000,101.000000,85.000000,30.000000,889.000000,27.500000,26.800000,13.500000,15.600000,31.700000,0.700000,1.500000,1.000000,0.700000,19.500000,39.500000,15.200000,46.200000,0.000000,1.000000,0.000000,1.000000,0.700000,0.000000,0.700000,2.300000,0.700000,0.900000,2.000000,0.700000,1.000000,1.200000,15.200000,0.000000,15.000000,0.600000,1.000000,13.400000,1.000000,0.000000,0.000000,2.300000,0.105000,1.000000,1.600000,1.000000,0.000000,1.000000,0.760000,-1.600000,0.700000,2.000000,-1.563000,9.500000,-3.000000,17.000000,1.000000,0.000000,0.000000,0.000000,0.000000,0.000000,1.000000,0.000000,0.000000,1.000000,0.000000,0.000000,0.000000,0.000000,0.000000,1.000000,0.000000,0.000000,5.000000,0.000000,0.000000,1.000000,0.000000,0.000000,0.000000,0.000000,4.000000,1.000000,0.000000,2011.000000,1.000000
00:00.324,0.000000,706.000000,18.000000,2.510000,101.000000,85.000000,30.000000,889.000000,27.500000,26.800000,13.500000,15.600000,31.700000,0.700000,1.500000,1.000000,0.700000,19.500000,39.500000,15.200000,46.200000,0.000000,1.000000,0.000000,1.000000,0.700000,0.000000,0.700000,2.300000,0.700000,0.900000,2.000000,0.700000,1.000000,1.200000,15.200000,0.000000,20.000000,0.600000,1.000000,13.400000,1.000000,0.000000,0.000000,2.300000,0.105000,1.000000,1.600000,1.000000,0.000000,1.000000,0.700000,-1.600000,0.700000,2.000000,-1.563000,9.000000,-3.000000,17.000000,1.000000,0.000000,0.000000,0.000000,0.000000,0.000000,1.000000,0.000000,0.000000,1.000000,0.000000,0.000000,0.000000,0.000000,0.000000,1.000000,0.000000,0.000000,5.000000,0.000000,0.000000,1.000000,0.000000,0.000000,0.000000,0.000000,4.000000,1.000000,0.000000,2011.000000,1.000000
00:00.606,0.000000,710.000000,17.600000,2.510000,101.000000,85.000000,30.000000,889.000000,27.500000,26.800000,13.500000,15.600000,31.700000,0.700000,1.500000,1.000000,0.700000,19.500000,39.500000,15.200000,46.200000,0.000000,1.000000,0.000000,1.000000,0.700000,0.000000,0.700000,2.300000,0.700000,0.900000,2.000000,0.700000,1.000000,1.300000,15.200000,0.000000,17.000000,0.600000,1.000000,13.400000,1.000000,0.000000,0.000000,2.170000,0.102000,1.000000,1.600000,1.000000,0.000000,1.000000,0.620000,-2.400000,0.700000,2.000000,-2.344000,9.000000,-3.000000,17.000000,1.000000,0.000000,0.000000,0.000000,0.000000,0.000000,1.000000,0.000000,0.000000,1.000000,0.000000,0.000000,0.000000,0.000000,0.000000,1.000000,0.000000,0.000000,5.000000,0.000000,0.000000,1.000000,0.000000,0.000000,0.000000,0.000000,4.000000,1.000000,0.000000,2011.000000,1.000000
00:00.889,0.000000,707.000000,17.600000,2.500000,101.000000,85.000000,30.000000,889.000000,27.500000,26.800000,13.500000,15.600000,31.700000,0.700000,1.500000,1.000000,0.700000,19.500000,39.500000,15.200000,46.200000,0.000000,1.000000,0.000000,1.000000,0.700000,0.000000,0.700000,2.300000,0.700000,0.900000,2.000000,0.700000,1.000000,1.300000,15.200000,0.000000,20.000000,0.600000,1.000000,13.400000,1.000000,0.000000,0.000000,2.170000,0.102000,1.000000,1.600000,1.000000,0.000000,1.000000,0.350000,-0.800000,0.700000,2.000000,-0.782000,9.500000,-3.000000,17.000000,1.000000,0.000000,0.000000,0.000000,0.000000,0.000000,1.000000,0.000000,0.000000,1.000000,0.000000,0.000000,0.000000,0.000000,0.000000,1.000000,0.000000,0.000000,5.000000,0.000000,0.000000,1.000000,0.000000,0.000000,0.000000,0.000000,4.000000,1.000000,0.000000,2011.000000,1.000000
00:01.171,0.000000,703.000000,18.000000,2.530000,101.000000,85.000000,30.000000,890.000000,27.500000,26.800000,13.500000,15.600000,31.700000,0.700000,1.500000,1.000000,0.700000,19.500000,39.500000,15.200000,46.200000,0.000000,1.000000,0.000000,1.000000,0.700000,0.000000,0.700000,2.300000,0.700000,0.900000,2.000000,0.700000,1.000000,1.300000,15.200000,0.000000,21.000000,0.600000,1.000000,13.400000,1.000000,0.000000,0.000000,2.300000,0.102000,1.000000,1.600000,1.000000,0.000000,1.000000,0.090000,-0.800000,0.700000,2.000000,-0.782000,8.500000,-3.000000,17.000000,1.000000,0.000000,0.000000,0.000000,0.000000,0.000000,1.000000,0.000000,0.000000,1.000000,0.000000,0.000000,0.000000,0.000000,0.000000,1.000000,0.000000,0.000000,5.000000,0.000000,0.000000,1.000000,0.000000,0.000000,0.000000,0.000000,4.000000,1.000000,0.000000,2011.000000,1.000000
00:01.454,0.000000,703.000000,18.000000,2.530000,101.000000,85.000000,30.000000,890.000000,27.500000,26.800000,13.500000,15.600000,31.700000,0.700000,1.500000,1.000000,0.700000,19.500000,39.500000,15.200000,46.200000,0.000000,1.000000,0.000000,1.000000,0.700000,0.000000,0.700000,2.300000,0.700000,0.900000,2.000000,0.700000,1.000000,1.100000,15.200000,0.000000,18.000000,0.600000,1.000000,13.400000,1.000000,0.000000,0.000000,2.300000,0.102000,1.000000,1.600000,1.000000,0.000000,1.000000,0.030000,0.000000,0.700000,2.000000,0.000000,8.500000,-3.000000,17.000000,1.000000,0.000000,0.000000,0.000000,0.000000,0.000000,1.000000,0.000000,0.000000,1.000000,0.000000,0.000000,0.000000,0.000000,0.000000,1.000000,0.000000,0.000000,5.000000,0.000000,0.000000,1.000000,0.000000,0.000000,0.000000,0.000000,4.000000,1.000000,0.000000,2011.000000,1.000000
00:01.737,0.000000,700.000000,18.000000,2.500000,101.000000,85.000000,30.000000,890.000000,27.500000,26.800000,13.500000,15.600000,31.700000,0.700000,1.500000,1.000000,0.700000,19.500000,39.500000,15.200000,46.200000,0.000000,1.000000,0.000000,1.000000,0.700000,0.000000,0.700000,2.300000,0.700000,0.900000,2.000000,0.700000,1.000000,1.200000,15.200000,0.000000,18.000000,0.600000,1.000000,13.400000,1.000000,0.000000,0.000000,2.300000,0.102000,1.000000,1.600000,1.000000,0.000000,1.000000,0.030000,0.700000,0.700000,2.000000,0.781000,8.000000,-3.000000,17.000000,1.000000,0.000000,0.000000,0.000000,0.000000,0.000000,1.000000,0.000000,0.000000,1.000000,0.000000,0.000000,0.000000,0.000000,0.000000,1.000000,0.000000,0.000000,5.000000,0.000000,0.000000,1.000000,0.000000,0.000000,0.000000,0.000000,4.000000,1.000000,0.000000,2011.000000,1.000000
00:02.019,0.000000,699.000000,18.000000,2.510000,101.000000,85.000000,30.000000,890.000000,27.500000,26.800000,13.500000,15.600000,31.700000,0.700000,1.500000,1.000000,0.700000,19.500000,39.500000,15.200000,46.200000,0.000000,1.000000,0.000000,1.000000,0.700000,0.000000,0.700000,2.300000,0.700000,0.900000,2.000000,0.700000,1.000000,1.200000,15.200000,0.000000,15.000000,0.600000,1.000000,13.400000,1.000000,0.000000,0.000000,2.300000,0.102000,1.000000,1.600000,1.000000,0.000000,1.000000,0.050000,1.500000,0.700000,2.000000,1.562000,7.500000,-3.000000,17.000000,1.000000,0.000000,0.000000,0.000000,0.000000,0.000000,1.000000,0.000000,0.000000,1.000000,0.000000,0.000000,0.000000,0.000000,0.000000,1.000000,0.000000,0.000000,5.000000,0.000000,0.000000,1.000000,0.000000,0.000000,0.000000,0.000000,4.000000,1.000000,0.000000,2011.000000,1.000000
00:02.302,0.000000,703.000000,18.000000,2.510000,101.000000,85.000000,30.000000,891.000000,27.500000,26.800000,13.500000,15.600000,31.700000,0.700000,1.500000,1.000000,0.700000,19.500000,39.500000,15.200000,46.200000,0.000000,1.000000,0.000000,1.000000,0.700000,0.000000,0.700000,2.300000,0.700000,0.900000,2.000000,0.700000,1.000000,1.200000,15.200000,0.000000,16.000000,0.600000,1.000000,13.400000,1.000000,0.000000,0.000000,2.300000,0.103000,1.000000,1.600000,1.000000,0.000000,1.000000,0.070000,2.300000,0.700000,2.000000,2.343000,7.500000,-3.000000,17.000000,1.000000,0.000000,0.000000,0.000000,0.000000,0.000000,1.000000,0.000000,0.000000,1.000000,0.000000,0.000000,0.000000,0.000000,0.000000,1.000000,0.000000,0.000000,5.000000,0.000000,0.000000,1.000000,0.000000,0.000000,0.000000,0.000000,4.000000,1.000000,0.000000,2011.000000,1.000000
00:02.584,0.000000,710.000000,17.600000,2.510000,101.000000,85.000000,30.000000,891.000000,27.500000,26.800000,13.500000,15.600000,31.700000,0.700000,1.500000,1.000000,0.700000,19.500000,39.500000,15.200000,46.200000,0.000000,1.000000,0.000000,1.000000,0.700000,0.000000,0.700000,2.300000,0.700000,0.900000,2.000000,0.700000,1.000000,1.200000,15.200000,0.000000,19.000000,0.600000,1.000000,13.400000,1.000000,0.000000,0.000000,2.300000,0.103000,1.000000,1.600000,1.000000,0.000000,1.000000,0.190000,3.100000,0.700000,2.000000,3.125000,7.000000,-3.000000,17.000000,1.000000,0.000000,0.000000,0.000000,0.000000,0.000000,1.000000,0.000000,0.000000,1.000000,0.000000,0.000000,0.000000,0.000000,0.000000,1.000000,0.000000,0.000000,5.000000,0.000000,0.000000,1.000000,0.000000,0.000000,0.000000,0.000000,4.000000,1.000000,0.000000,2011.000000,1.000000
00:02.867,0.000000,711.000000,17.600000,2.500000,101.000000,85.000000,30.000000,891.000000,27.500000,26.800000,13.500000,15.600000,31.700000,0.700000,1.500000,1.000000,0.700000,19.500000,39.500000,15.200000,46.200000,0.000000,1.000000,0.000000,1.000000,0.700000,0.000000,0.700000,2.300000,0.700000,0.900000,2.000000,0.700000,1.000000,1.100000,15.200000,0.000000,16.000000,0.600000,1.000000,13.400000,1.000000,0.000000,0.000000,2.300000,0.103000,1.000000,1.600000,1.000000,0.000000,1.000000,0.700000,1.500000,0.700000,2.000000,1.562000,7.000000,-3.000000,17.000000,1.000000,0.000000,0.000000,0.000000,0.000000,0.000000,1.000000,0.000000,0.000000,1.000000,0.000000,0.000000,0.000000,0.000000,0.000000,1.000000,0.000000,0.000000,5.000000,0.000000,0.000000,1.000000,0.000000,0.000000,0.000000,0.000000,4.000000,1.000000,0.000000,2011.000000,1.000000
00:03.150,0.000000,705.000000,18.000000,2.510000,101.000000,85.000000,30.000000,892.000000,27.500000,26.800000,13.500000,15.600000,31.700000,0.700000,1.500000,1.000000,0.700000,19.500000,39.500000,15.200000,46.200000,0.000000,1.000000,0.000000,1.000000,0.700000,0.000000,0.700000,2.300000,0.700000,0.900000,2.000000,0.700000,1.000000,1.200000,15.200000,0.000000,19.000000,0.600000,1.000000,13.400000,1.000000,0.000000,0.000000,2.300000,0.103000,1.000000,1.600000,1.000000,0.000000,1.000000,0.780000,0.700000,0.700000,2.000000,0.781000,7.500000,-3.000000,17.000000,1.000000,0.000000,0.000000,0.000000,0.000000,0.000000,1.000000,0.000000,0.000000,1.000000,0.000000,0.000000,0.000000,0.000000,0.000000,1.000000,0.000000,0.000000,5.000000,0.000000,0.000000,1.000000,0.000000,0.000000,0.000000,0.000000,4.000000,1.000000,0.000000,2011.000000,1.000000
00:03.473,0.000000,711.000000,17.600000,2.510000,101.000000,85.000000,30.000000,892.000000,27.500000,26.800000,13.500000,15.600000,31.700000,0.700000,1.500000,1.000000,0.700000,19.500000,39.500000,15.200000,46.200000,0.000000,1.000000,0.000000,1.000000,0.700000,0.000000,0.700000,2.300000,0.700000,0.900000,2.000000,0.700000,1.000000,1.300000,15.200000,0.000000,18.000000,0.600000,1.000000,13.400000,1.000000,0.000000,0.000000,2.300000,0.103000,1.000000,1.600000,1.000000,0.000000,1.000000,0.800000,0.700000,0.700000,2.000000,0.781000,7.500000,-3.000000,17.000000,1.000000,0.000000,0.000000,0.000000,0.000000,0.000000,1.000000,0.000000,0.000000,1.000000,0.000000,0.000000,0.000000,0.000000,0.000000,1.000000,0.000000,0.000000,5.000000,0.000000,0.000000,1.000000,0.000000,0.000000,0.000000,0.000000,4.000000,1.000000,0.000000,2011.000000,1.000000
00:03.756,0.000000,707.000000,17.600000,2.510000,101.000000,85.000000,30.000000,892.000000,27.500000,26.800000,13.500000,15.600000,31.700000,0.700000,1.500000,1.000000,0.700000,19.500000,39.500000,15.200000,46.200000,0.000000,1.000000,0.000000,1.000000,0.700000,0.000000,0.700000,2.300000,0.700000,0.900000,2.000000,0.700000,1.000000,1.300000,15.200000,0.000000,18.000000,0.600000,1.000000,13.400000,1.000000,0.000000,0.000000,2.300000,0.103000,1.000000,1.600000,1.000000,0.000000,1.000000,0.780000,0.000000,0.700000,2.000000,0.000000,8.000000,-3.000000,17.000000,1.000000,0.000000,0.000000,0.000000,0.000000,0.000000,1.000000,0.000000,0.000000,1.000000,0.000000,0.000000,0.000000,0.000000,0.000000,1.000000,0.000000,0.000000,5.000000,0.000000,0.000000,1.000000,0.000000,0.000000,0.000000,0.000000,4.000000,1.000000,0.000000,2011.000000,1.000000
00:04.038,0.000000,700.000000,18.000000,2.510000,101.000000,85.000000,30.000000,892.000000,27.500000,26.800000,13.500000,15.600000,31.700000,0.700000,1.500000,1.000000,0.700000,19.500000,39.500000,15.200000,46.200000,0.000000,1.000000,0.000000,1.000000,0.700000,0.000000,0.700000,2.300000,0.700000,0.900000,2.000000,0.700000,1.000000,1.200000,15.200000,0.000000,15.000000,0.600000,1.000000,13.400000,1.000000,0.000000,0.000000,2.300000,0.104000,1.000000,1.600000,1.000000,0.000000,1.000000,0.760000,0.000000,0.700000,2.000000,0.000000,8.500000,-3.000000,17.000000,1.000000,0.000000,0.000000,0.000000,0.000000,0.000000,1.000000,0.000000,0.000000,1.000000,0.000000,0.000000,0.000000,0.000000,0.000000,1.000000,0.000000,0.000000,5.000000,0.000000,0.000000,1.000000,0.000000,0.000000,0.000000,0.000000,4.000000,1.000000,0.000000,2011.000000,1.000000
00:04.321,0.000000,703.000000,18.000000,2.510000,101.000000,85.000000,30.000000,893.000000,27.500000,26.800000,13.500000,15.600000,31.700000,0.700000,1.500000,1.000000,0.700000,19.500000,39.500000,15.200000,46.200000,0.000000,1.000000,0.000000,1.000000,0.700000,0.000000,0.700000,2.300000,0.700000,0.900000,2.000000,0.700000,1.000000,1.200000,15.200000,0.000000,18.000000,0.600000,1.000000,13.400000,1.000000,0.000000,0.000000,2.300000,0.104000,1.000000,1.600000,1.000000,0.000000,1.000000,0.740000,-0.800000,0.700000,2.000000,-0.782000,9.000000,-3.000000,17.000000,1.000000,0.000000,0.000000,0.000000,0.000000,0.000000,1.000000,0.000000,0.000000,1.000000,0.000000,0.000000,0.000000,0.000000,0.000000,1.000000,0.000000,0.000000,5.000000,0.000000,0.000000,1.000000,0.000000,0.000000,0.000000,0.000000,4.000000,1.000000,0.000000,2011.000000,1.000000
00:04.604,0.000000,707.000000,17.600000,2.510000,101.000000,85.000000,30.000000,893.000000,27.500000,26.800000,13.500000,15.600000,31.700000,0.700000,1.500000,1.000000,0.700000,19.500000,39.500000,15.200000,46.200000,0.000000,1.000000,0.000000,1.000000,0.700000,0.000000,0.700000,2.300000,0.700000,0.900000,2.000000,0.700000,1.000000,1.200000,15.200000,0.000000,18.000000,0.600000,1.000000,13.400000,1.000000,0.000000,0.000000,2.300000,0.104000,1.000000,1.600000,1.000000,0.000000,1.000000,0.720000,-1.600000,0.700000,2.000000,-1.563000,8.000000,-3.000000,17.000000,1.000000,0.000000,0.000000,0.000000,0.000000,0.000000,1.000000,0.000000,0.000000,1.000000,0.000000,0.000000,0.000000,0.000000,0.000000,1.000000,0.000000,0.000000,5.000000,0.000000,0.000000,1.000000,0.000000,0.000000,0.000000,0.000000,4.000000,1.000000,0.000000,2011.000000,1.000000
00:04.886,0.000000,707.000000,18.000000,2.530000,101.000000,85.000000,30.000000,893.000000,27.500000,26.800000,13.500000,15.600000,31.700000,0.700000,1.500000,1.000000,0.700000,19.500000,39.500000,15.200000,46.200000,0.000000,1.000000,0.000000,1.000000,0.700000,0.000000,0.700000,2.300000,0.700000,0.900000,2.000000,0.700000,1.000000,1.200000,15.200000,0.000000,20.000000,0.600000,1.000000,13.400000,1.000000,0.000000,0.000000,2.170000,0.104000,1.000000,1.600000,1.000000,0.000000,1.000000,0.720000,-1.600000,0.700000,2.000000,-1.563000,9.000000,-3.000000,17.000000,1.000000,0.000000,0.000000,0.000000,0.000000,0.000000,1.000000,0.000000,0.000000,1.000000,0.000000,0.000000,0.000000,0.000000,0.000000,1.000000,0.000000,0.000000,5.000000,0.000000,0.000000,1.000000,0.000000,0.000000,0.000000,0.000000,4.000000,1.000000,0.000000,2011.000000,1.000000
00:05.169,0.000000,702.000000,18.000000,2.530000,101.000000,85.000000,30.000000,894.000000,27.500000,26.800000,13.500000,15.600000,31.700000,0.700000,1.500000,1.000000,0.700000,19.500000,39.500000,15.200000,46.200000,0.000000,1.000000,0.000000,1.000000,0.700000,0.000000,0.700000,2.300000,0.700000,0.900000,2.000000,0.700000,1.000000,1.200000,15.200000,0.000000,21.000000,0.600000,1.000000,13.400000,1.000000,0.000000,0.000000,2.170000,0.104000,1.000000,1.600000,1.000000,0.000000,1.000000,0.680000,-2.400000,0.700000,2.000000,-2.344000,9.000000,-3.000000,17.000000,1.000000,0.000000,0.000000,0.000000,0.000000,0.000000,1.000000,0.000000,0.000000,1.000000,0.000000,0.000000,0.000000,0.000000,0.000000,1.000000,0.000000,0.000000,5.000000,0.000000,0.000000,1.000000,0.000000,0.000000,0.000000,0.000000,4.000000,1.000000,0.000000,2011.000000,1.000000
00:05.451,0.000000,704.000000,18.000000,2.530000,101.000000,85.000000,30.000000,894.000000,27.500000,26.800000,13.500000,15.600000,31.700000,0.700000,1.500000,1.000000,0.700000,19.500000,39.500000,15.200000,46.200000,0.000000,1.000000,0.000000,1.000000,0.700000,0.000000,0.700000,2.300000,0.700000,0.900000,2.000000,0.700000,1.000000,1.300000,15.200000,0.000000,17.000000,0.600000,1.000000,13.400000,1.000000,0.000000,0.000000,2.170000,0.104000,1.000000,1.600000,1.000000,0.000000,1.000000,0.500000,-2.400000,0.700000,2.000000,-2.344000,9.500000,-3.000000,17.000000,1.000000,0.000000,0.000000,0.000000,0.000000,0.000000,1.000000,0.000000,0.000000,1.000000,0.000000,0.000000,0.000000,0.000000,0.000000,1.000000,0.000000,0.000000,5.000000,0.000000,0.000000,1.000000,0.000000,0.000000,0.000000,0.000000,4.000000,1.000000,0.000000,2011.000000,1.000000
00:05.734,0.000000,706.000000,18.000000,2.530000,101.000000,85.000000,30.000000,894.000000,27.500000,26.800000,13.500000,15.600000,31.700000,0.700000,1.500000,1.000000,0.700000,19.500000,39.500000,15.200000,46.200000,0.000000,1.000000,0.000000,1.000000,0.700000,0.000000,0.700000,2.300000,0.700000,0.900000,2.000000,0.700000,1.000000,1.200000,15.200000,0.000000,18.000000,0.600000,1.000000,13.400000,1.000000,0.000000,0.000000,2.300000,0.102000,1.000000,1.600000,1.000000,0.000000,1.000000,0.110000,-0.800000,0.700000,2.000000,-0.782000,8.500000,-3.000000,17.000000,1.000000,0.000000,0.000000,0.000000,0.000000,0.000000,1.000000,0.000000,0.000000,1.000000,0.000000,0.000000,0.000000,0.000000,0.000000,1.000000,0.000000,0.000000,5.000000,0.000000,0.000000,1.000000,0.000000,0.000000,0.000000,0.000000,4.000000,1.000000,0.000000,2011.000000,1.000000
00:06.017,0.000000,712.000000,17.600000,2.510000,101.000000,85.000000,30.000000,894.000000,27.500000,26.800000,13.500000,15.600000,31.700000,0.700000,1.500000,1.000000,0.700000,19.500000,39.500000,15.200000,46.200000,0.000000,1.000000,0.000000,1.000000,0.700000,0.000000,0.700000,2.300000,0.700000,0.900000,2.000000,0.700000,1.000000,1.200000,15.200000,0.000000,17.000000,0.600000,1.000000,13.400000,1.000000,0.000000,0.000000,2.300000,0.102000,1.000000,1.600000,1.000000,0.000000,1.000000,0.050000,0.000000,0.700000,2.000000,0.000000,8.000000,-3.000000,17.000000,1.000000,0.000000,0.000000,0.000000,0.000000,0.000000,1.000000,0.000000,0.000000,1.000000,0.000000,0.000000,0.000000,0.000000,0.000000,1.000000,0.000000,0.000000,5.000000,0.000000,0.000000,1.000000,0.000000,0.000000,0.000000,0.000000,4.000000,1.000000,0.000000,2011.000000,1.000000
00:06.299,0.000000,713.000000,17.600000,2.510000,101.000000,85.000000,30.000000,895.000000,27.500000,26.800000,13.500000,15.600000,31.700000,0.700000,1.500000,1.000000,0.700000,19.500000,39.500000,15.200000,46.200000,0.000000,1.000000,0.000000,1.000000,0.700000,0.000000,0.700000,2.300000,0.700000,0.900000,2.000000,0.700000,1.000000,1.200000,15.200000,0.000000,16.000000,0.600000,1.000000,13.400000,1.000000,0.000000,0.000000,2.300000,0.102000,1.000000,1.600000,1.000000,0.000000,1.000000,0.050000,0.700000,0.700000,2.000000,0.781000,7.500000,-3.000000,17.000000,1.000000,0.000000,0.000000,0.000000,0.000000,0.000000,1.000000,0.000000,0.000000,1.000000,0.000000,0.000000,0.000000,0.000000,0.000000,1.000000,0.000000,0.000000,5.000000,0.000000,0.000000,1.000000,0.000000,0.000000,0.000000,0.000000,4.000000,1.000000,0.000000,2011.000000,1.000000
00:06.623,0.000000,700.000000,18.000000,2.510000,101.000000,85.000000,30.000000,895.000000,27.500000,26.800000,13.500000,15.600000,31.700000,0.700000,1.500000,1.000000,0.700000,19.500000,39.500000,15.200000,46.200000,0.000000,1.000000,0.000000,1.000000,0.700000,0.000000,0.700000,2.300000,0.700000,0.900000,2.000000,0.700000,1.000000,1.200000,15.200000,0.000000,18.000000,0.600000,1.000000,13.400000,1.000000,0.000000,0.000000,2.300000,0.102000,1.000000,1.600000,1.000000,0.000000,1.000000,0.070000,1.500000,0.700000,2.000000,1.562000,8.000000,-3.000000,17.000000,1.000000,0.000000,0.000000,0.000000,0.000000,0.000000,1.000000,0.000000,0.000000,1.000000,0.000000,0.000000,0.000000,0.000000,0.000000,1.000000,0.000000,0.000000,5.000000,0.000000,0.000000,1.000000,0.000000,0.000000,0.000000,0.000000,4.000000,1.000000,0.000000,2011.000000,1.000000
00:06.905,0.000000,700.000000,18.000000,2.500000,101.000000,85.000000,30.000000,895.000000,27.500000,26.800000,13.500000,15.600000,31.700000,0.700000,1.500000,1.000000,0.700000,19.500000,39.500000,15.200000,46.200000,0.000000,1.000000,0.000000,1.000000,0.700000,0.000000,0.700000,2.300000,0.700000,0.900000,2.000000,0.700000,1.000000,1.200000,15.200000,0.000000,20.000000,0.600000,1.000000,13.400000,1.000000,0.000000,0.000000,2.300000,0.102000,1.000000,1.600000,1.000000,0.000000,1.000000,0.070000,2.300000,0.700000,2.000000,2.343000,7.500000,-3.000000,17.000000,1.000000,0.000000,0.000000,0.000000,0.000000,0.000000,1.000000,0.000000,0.000000,1.000000,0.000000,0.000000,0.000000,0.000000,0.000000,1.000000,0.000000,0.000000,5.000000,0.000000,0.000000,1.000000,0.000000,0.000000,0.000000,0.000000,4.000000,1.000000,0.000000,2011.000000,1.000000
00:07.188,0.000000,700.000000,18.000000,2.530000,101.000000,85.000000,30.000000,896.000000,27.500000,26.800000,13.500000,15.600000,31.700000,0.700000,1.500000,1.000000,0.700000,19.500000,39.500000,15.200000,46.200000,0.000000,1.000000,0.000000,1.000000,0.700000,0.000000,0.700000,2.300000,0.700000,0.900000,2.000000,0.700000,1.000000,1.200000,15.200000,0.000000,15.000000,0.600000,1.000000,13.400000,1.000000,0.000000,0.000000,2.300000,0.102000,1.000000,1.600000,1.000000,0.000000,1.000000,0.090000,2.300000,0.700000,2.000000,2.343000,7.000000,-3.000000,17.000000,1.000000,0.000000,0.000000,0.000000,0.000000,0.000000,1.000000,0.000000,0.000000,1.000000,0.000000,0.000000,0.000000,0.000000,0.000000,1.000000,0.000000,0.000000,5.000000,0.000000,0.000000,1.000000,0.000000,0.000000,0.000000,0.000000,4.000000,1.000000,0.000000,2011.000000,1.000000
00:07.471,0.000000,700.000000,18.000000,2.530000,101.000000,85.000000,30.000000,896.000000,27.500000,26.800000,13.500000,15.600000,31.700000,0.700000,1.500000,1.000000,0.700000,19.500000,39.500000,15.200000,46.200000,0.000000,1.000000,0.000000,1.000000,0.700000,0.000000,0.700000,2.300000,0.700000,0.900000,2.000000,0.700000,1.000000,1.200000,15.200000,0.000000,19.000000,0.600000,1.000000,13.400000,1.000000,0.000000,0.000000,2.300000,0.104000,1.000000,1.600000,1.000000,0.000000,1.000000,0.190000,3.100000,0.700000,2.000000,3.125000,7.000000,-3.000000,17.000000,1.000000,0.000000,0.000000,0.000000,0.000000,0.000000,1.000000,0.000000,0.000000,1.000000,0.000000,0.000000,0.000000,0.000000,0.000000,1.000000,0.000000,0.000000,5.000000,0.000000,0.000000,1.000000,0.000000,0.000000,0.000000,0.000000,4.000000,1.000000,0.000000,2011.000000,1.000000
00:07.753,0.000000,703.000000,18.000000,2.510000,101.000000,85.000000,30.000000,896.000000,27.500000,26.800000,13.500000,15.600000,31.700000,0.700000,1.500000,1.000000,0.700000,19.500000,39.500000,15.200000,46.200000,0.000000,1.000000,0.000000,1.000000,0.700000,0.000000,0.700000,2.300000,0.700000,0.900000,2.000000,0.700000,1.000000,1.200000,15.200000,0.000000,16.000000,0.600000,1.000000,13.400000,1.000000,0.000000,0.000000,2.300000,0.104000,1.000000,1.600000,1.000000,0.000000,1.000000,0.740000,1.500000,0.700000,2.000000,1.562000,7.500000,-3.000000,17.000000,1.000000,0.000000,0.000000,0.000000,0.000000,0.000000,1.000000,0.000000,0.000000,1.000000,0.000000,0.000000,0.000000,0.000000,0.000000,1.000000,0.000000,0.000000,5.000000,0.000000,0.000000,1.000000,0.000000,0.000000,0.000000,0.000000,4.000000,1.000000,0.000000,2011.000000,1.000000
00:08.036,0.000000,703.000000,18.000000,2.510000,101.000000,85.000000,30.000000,896.000000,27.500000,26.800000,13.500000,15.600000,31.700000,0.700000,1.500000,1.000000,0.700000,19.500000,39.500000,15.200000,46.200000,0.000000,1.000000,0.000000,1.000000,0.700000,0.000000,0.700000,2.300000,0.700000,0.900000,2.000000,0.700000,1.000000,1.300000,15.200000,0.000000,18.000000,0.600000,1.000000,13.400000,1.000000,0.000000,0.000000,2.300000,0.104000,1.000000,1.600000,1.000000,0.000000,1.000000,0.780000,1.500000,0.700000,2.000000,1.562000,7.500000,-3.000000,17.000000,1.000000,0.000000,0.000000,0.000000,0.000000,0.000000,1.000000,0.000000,0.000000,1.000000,0.000000,0.000000,0.000000,0.000000,0.000000,1.000000,0.000000,0.000000,5.000000,0.000000,0.000000,1.000000,0.000000,0.000000,0.000000,0.000000,4.000000,1.000000,0.000000,2011.000000,1.000000
00:08.318,0.000000,702.000000,18.000000,2.510000,101.000000,85.000000,30.000000,897.000000,27.500000,26.800000,13.500000,15.600000,31.700000,0.700000,1.500000,1.000000,0.700000,19.500000,39.500000,15.200000,46.200000,0.000000,1.000000,0.000000,1.000000,0.700000,0.000000,0.700000,2.300000,0.700000,0.900000,2.000000,0.700000,1.000000,1.200000,15.200000,0.000000,18.000000,0.600000,1.000000,13.400000,1.000000,0.000000,0.000000,2.300000,0.104000,1.000000,1.600000,1.000000,0.000000,1.000000,0.800000,0.700000,0.700000,2.000000,0.781000,7.500000,-3.000000,17.000000,1.000000,0.000000,0.000000,0.000000,0.000000,0.000000,1.000000,0.000000,0.000000,1.000000,0.000000,0.000000,0.000000,0.000000,0.000000,1.000000,0.000000,0.000000,5.000000,0.000000,0.000000,1.000000,0.000000,0.000000,0.000000,0.000000,4.000000,1.000000,0.000000,2011.000000,1.000000
00:08.601,0.000000,713.000000,17.600000,2.510000,101.000000,85.000000,30.000000,897.000000,27.500000,26.800000,13.500000,15.600000,31.700000,0.700000,1.500000,1.000000,0.700000,19.500000,39.500000,15.200000,46.200000,0.000000,1.000000,0.000000,1.000000,0.700000,0.000000,0.700000,2.300000,0.700000,0.900000,2.000000,0.700000,1.000000,1.200000,15.200000,0.000000,18.000000,0.600000,1.000000,13.400000,1.000000,0.000000,0.000000,2.300000,0.104000,1.000000,1.600000,1.000000,0.000000,1.000000,0.800000,0.700000,0.700000,2.000000,0.781000,7.500000,-3.000000,17.000000,1.000000,0.000000,0.000000,0.000000,0.000000,0.000000,1.000000,0.000000,0.000000,1.000000,0.000000,0.000000,0.000000,0.000000,0.000000,1.000000,0.000000,0.000000,5.000000,0.000000,0.000000,1.000000,0.000000,0.000000,0.000000,0.000000,4.000000,1.000000,0.000000,2011.000000,1.000000
00:08.884,0.000000,710.000000,18.000000,2.530000,101.000000,85.000000,30.000000,897.000000,27.500000,26.800000,13.500000,15.600000,31.700000,0.700000,1.500000,1.000000,0.700000,19.500000,39.500000,15.200000,46.200000,0.000000,1.000000,0.000000,1.000000,0.700000,0.000000,0.700000,2.300000,0.700000,0.900000,2.000000,0.700000,1.000000,1.200000,15.200000,0.000000,18.000000,0.600000,1.000000,13.400000,1.000000,0.000000,0.000000,2.300000,0.104000,1.000000,1.600000,1.000000,0.000000,1.000000,0.800000,0.000000,0.700000,2.000000,0.000000,7.500000,-3.000000,17.000000,1.000000,0.000000,0.000000,0.000000,0.000000,0.000000,1.000000,0.000000,0.000000,1.000000,0.000000,0.000000,0.000000,0.000000,0.000000,1.000000,0.000000,0.000000,5.000000,0.000000,0.000000,1.000000,0.000000,0.000000,0.000000,0.000000,4.000000,1.000000,0.000000,2011.000000,1.000000
00:09.166,0.000000,718.000000,17.600000,2.530000,101.000000,85.000000,30.000000,898.000000,27.500000,26.800000,13.500000,15.600000,31.700000,0.700000,1.500000,1.000000,0.700000,19.500000,39.500000,15.200000,46.200000,0.000000,1.000000,0.000000,1.000000,0.700000,0.000000,0.700000,2.300000,0.700000,0.900000,2.000000,0.700000,1.000000,1.200000,15.200000,0.000000,17.000000,0.600000,1.000000,13.400000,1.000000,0.000000,0.000000,2.300000,0.105000,1.000000,1.600000,1.000000,0.000000,1.000000,0.780000,0.000000,0.700000,2.000000,0.000000,8.000000,-3.000000,17.000000,1.000000,0.000000,0.000000,0.000000,0.000000,0.000000,1.000000,0.000000,0.000000,1.000000,0.000000,0.000000,0.000000,0.000000,0.000000,1.000000,0.000000,0.000000,5.000000,0.000000,0.000000,1.000000,0.000000,0.000000,0.000000,0.000000,4.000000,1.000000,0.000000,2011.000000,1.000000
00:09.628,0.000000,714.000000,17.600000,2.510000,101.000000,85.000000,30.000000,898.000000,27.500000,26.800000,13.500000,15.600000,31.700000,0.700000,1.500000,1.000000,0.700000,19.500000,39.500000,15.200000,46.200000,0.000000,1.000000,0.000000,1.000000,0.700000,0.000000,0.700000,2.300000,0.700000,0.900000,2.000000,0.700000,1.000000,1.300000,15.200000,0.000000,17.000000,0.600000,1.000000,13.400000,1.000000,0.000000,0.000000,2.170000,0.105000,1.000000,1.600000,1.000000,0.000000,1.000000,0.760000,-0.800000,0.700000,2.000000,-0.782000,8.500000,-3.000000,17.000000,1.000000,0.000000,0.000000,0.000000,0.000000,0.000000,1.000000,0.000000,0.000000,1.000000,0.000000,0.000000,0.000000,0.000000,0.000000,1.000000,0.000000,0.000000,5.000000,0.000000,0.000000,1.000000,0.000000,0.000000,0.000000,0.000000,4.000000,1.000000,0.000000,2011.000000,1.000000
00:09.910,0.000000,703.000000,18.000000,2.510000,101.000000,85.000000,30.000000,898.000000,27.500000,26.800000,13.500000,15.600000,31.700000,0.700000,1.500000,1.000000,0.700000,19.500000,39.500000,15.200000,46.200000,0.000000,1.000000,0.000000,1.000000,0.700000,0.000000,0.700000,2.300000,0.700000,0.900000,2.000000,0.700000,1.000000,1.200000,15.200000,0.000000,20.000000,0.600000,1.000000,13.400000,1.000000,0.000000,0.000000,2.300000,0.105000,1.000000,1.600000,1.000000,0.000000,1.000000,0.720000,-1.600000,0.700000,2.000000,-1.563000,9.500000,-3.000000,17.000000,1.000000,0.000000,0.000000,0.000000,0.000000,0.000000,1.000000,0.000000,0.000000,1.000000,0.000000,0.000000,0.000000,0.000000,0.000000,1.000000,0.000000,0.000000,5.000000,0.000000,0.000000,1.000000,0.000000,0.000000,0.000000,0.000000,4.000000,1.000000,0.000000,2011.000000,1.000000
00:10.193,0.000000,705.000000,18.000000,2.540000,101.000000,85.000000,30.000000,899.000000,27.500000,26.800000,13.500000,15.600000,31.700000,0.700000,1.500000,1.000000,0.700000,19.500000,39.500000,15.200000,46.200000,0.000000,1.000000,0.000000,1.000000,0.700000,0.000000,0.700000,2.300000,0.700000,0.900000,2.000000,0.700000,1.000000,1.200000,15.200000,0.000000,18.000000,0.600000,1.000000,13.400000,1.000000,0.000000,0.000000,2.170000,0.105000,1.000000,1.600000,1.000000,0.000000,1.000000,0.680000,-1.600000,0.700000,2.000000,-1.563000,9.000000,-3.000000,17.000000,1.000000,0.000000,0.000000,0.000000,0.000000,0.000000,1.000000,0.000000,0.000000,1.000000,0.000000,0.000000,0.000000,0.000000,0.000000,1.000000,0.000000,0.000000,5.000000,0.000000,0.000000,1.000000,0.000000,0.000000,0.000000,0.000000,4.000000,1.000000,0.000000,2011.000000,1.000000
00:10.476,0.000000,706.000000,18.000000,2.530000,101.000000,85.000000,30.000000,899.000000,27.500000,26.800000,13.500000,15.600000,31.700000,0.700000,1.500000,1.000000,0.700000,19.500000,39.500000,15.200000,46.200000,0.000000,1.000000,0.000000,1.000000,0.700000,0.000000,0.700000,2.300000,0.700000,0.900000,2.000000,0.700000,1.000000,1.200000,15.200000,0.000000,18.000000,0.600000,1.000000,13.400000,1.000000,0.000000,0.000000,2.170000,0.105000,1.000000,1.600000,1.000000,0.000000,1.000000,0.560000,-2.400000,0.700000,2.000000,-2.344000,9.000000,-3.000000,17.000000,1.000000,0.000000,0.000000,0.000000,0.000000,0.000000,1.000000,0.000000,0.000000,1.000000,0.000000,0.000000,0.000000,0.000000,0.000000,1.000000,0.000000,0.000000,5.000000,0.000000,0.000000,1.000000,0.000000,0.000000,0.000000,0.000000,4.000000,1.000000,0.000000,2011.000000,1.000000
00:10.758,0.000000,710.000000,17.600000,2.500000,101.000000,85.000000,30.000000,899.000000,27.500000,26.800000,13.500000,15.600000,31.700000,0.700000,1.500000,1.000000,0.700000,19.500000,39.500000,15.200000,46.200000,0.000000,1.000000,0.000000,1.000000,0.700000,0.000000,0.700000,2.300000,0.700000,0.900000,2.000000,0.700000,1.000000,1.100000,15.200000,0.000000,14.000000,0.600000,1.000000,13.400000,1.000000,0.000000,0.000000,2.300000,0.101000,1.000000,1.600000,1.000000,0.000000,1.000000,0.230000,-0.800000,0.700000,2.000000,-0.782000,9.500000,-3.000000,17.000000,1.000000,0.000000,0.000000,0.000000,0.000000,0.000000,1.000000,0.000000,0.000000,1.000000,0.000000,0.000000,0.000000,0.000000,0.000000,1.000000,0.000000,0.000000,5.000000,0.000000,0.000000,1.000000,0.000000,0.000000,0.000000,0.000000,4.000000,1.000000,0.000000,2011.000000,1.000000
00:11.041,0.000000,708.000000,18.000000,2.530000,101.000000,85.000000,30.000000,899.000000,27.500000,26.800000,13.500000,15.600000,31.700000,0.700000,1.500000,1.000000,0.700000,19.500000,39.500000,15.200000,46.200000,0.000000,1.000000,0.000000,1.000000,0.700000,0.000000,0.700000,2.300000,0.700000,0.900000,2.000000,0.700000,1.000000,1.200000,15.200000,0.000000,20.000000,0.600000,1.000000,13.400000,1.000000,0.000000,0.000000,2.300000,0.101000,1.000000,1.600000,1.000000,0.000000,1.000000,0.070000,0.000000,0.700000,2.000000,0.000000,8.500000,-3.000000,17.000000,1.000000,0.000000,0.000000,0.000000,0.000000,0.000000,1.000000,0.000000,0.000000,1.000000,0.000000,0.000000,0.000000,0.000000,0.000000,1.000000,0.000000,0.000000,5.000000,0.000000,0.000000,1.000000,0.000000,0.000000,0.000000,0.000000,4.000000,1.000000,0.000000,2011.000000,1.000000
00:11.323,0.000000,713.000000,17.600000,2.510000,101.000000,85.000000,30.000000,900.000000,27.500000,26.800000,13.500000,15.600000,31.700000,0.700000,1.500000,1.000000,0.700000,19.500000,39.500000,15.200000,46.200000,0.000000,1.000000,0.000000,1.000000,0.700000,0.000000,0.700000,2.300000,0.700000,0.900000,2.000000,0.700000,1.000000,1.200000,15.200000,0.000000,20.000000,0.600000,1.000000,13.400000,1.000000,0.000000,0.000000,2.300000,0.101000,1.000000,1.600000,1.000000,0.000000,1.000000,0.050000,0.700000,0.700000,2.000000,0.781000,7.500000,-3.000000,17.000000,1.000000,0.000000,0.000000,0.000000,0.000000,0.000000,1.000000,0.000000,0.000000,1.000000,0.000000,0.000000,0.000000,0.000000,0.000000,1.000000,0.000000,0.000000,5.000000,0.000000,0.000000,1.000000,0.000000,0.000000,0.000000,0.000000,4.000000,1.000000,0.000000,2011.000000,1.000000
00:11.606,0.000000,725.000000,17.600000,2.530000,101.000000,85.000000,30.000000,900.000000,27.500000,26.800000,13.500000,15.600000,31.700000,0.700000,1.500000,1.000000,0.700000,19.500000,39.500000,15.200000,46.200000,0.000000,1.000000,0.000000,1.000000,0.700000,0.000000,0.700000,2.300000,0.700000,0.900000,2.000000,0.700000,1.000000,1.200000,15.200000,0.000000,20.000000,0.600000,1.000000,13.400000,1.000000,0.000000,0.000000,2.300000,0.101000,1.000000,1.600000,1.000000,0.000000,1.000000,0.050000,1.500000,0.700000,2.000000,1.562000,7.500000,-3.000000,17.000000,1.000000,0.000000,0.000000,0.000000,0.000000,0.000000,1.000000,0.000000,0.000000,1.000000,0.000000,0.000000,0.000000,0.000000,0.000000,1.000000,0.000000,0.000000,5.000000,0.000000,0.000000,1.000000,0.000000,0.000000,0.000000,0.000000,4.000000,1.000000,0.000000,2011.000000,1.000000
00:11.889,0.000000,717.000000,17.600000,2.540000,101.000000,85.000000,30.000000,900.000000,27.500000,26.800000,13.500000,15.600000,31.700000,0.700000,1.500000,1.000000,0.700000,19.500000,39.500000,15.200000,46.200000,0.000000,1.000000,0.000000,1.000000,0.700000,0.000000,0.700000,2.300000,0.700000,0.900000,2.000000,0.700000,1.000000,1.100000,15.200000,0.000000,17.000000,0.600000,1.000000,13.400000,1.000000,0.000000,0.000000,2.300000,0.101000,1.000000,1.600000,1.000000,0.000000,1.000000,0.090000,2.300000,0.700000,2.000000,2.343000,7.500000,-3.000000,17.000000,1.000000,0.000000,0.000000,0.000000,0.000000,0.000000,1.000000,0.000000,0.000000,1.000000,0.000000,0.000000,0.000000,0.000000,0.000000,1.000000,0.000000,0.000000,5.000000,0.000000,0.000000,1.000000,0.000000,0.000000,0.000000,0.000000,4.000000,1.000000,0.000000,2011.000000,1.000000
00:12.171,0.000000,716.000000,17.600000,2.530000,101.000000,85.000000,30.000000,900.000000,27.500000,26.800000,13.500000,15.600000,31.700000,0.700000,1.500000,1.000000,0.700000,19.500000,39.500000,15.200000,46.200000,0.000000,1.000000,0.000000,1.000000,0.700000,0.000000,0.700000,2.300000,0.700000,0.900000,2.000000,0.700000,1.000000,1.200000,15.200000,0.000000,17.000000,0.600000,1.000000,13.400000,1.000000,0.000000,0.000000,2.300000,0.101000,1.000000,1.600000,1.000000,0.000000,1.000000,0.230000,2.300000,0.700000,2.000000,2.343000,7.000000,-3.000000,17.000000,1.000000,0.000000,0.000000,0.000000,0.000000,0.000000,1.000000,0.000000,0.000000,1.000000,0.000000,0.000000,0.000000,0.000000,0.000000,1.000000,0.000000,0.000000,5.000000,0.000000,0.000000,1.000000,0.000000,0.000000,0.000000,0.000000,4.000000,1.000000,0.000000,2011.000000,1.000000
00:12.454,0.000000,710.000000,18.000000,2.530000,101.000000,85.000000,30.000000,901.000000,27.500000,26.800000,13.500000,15.600000,31.700000,0.700000,1.500000,1.000000,0.700000,19.500000,39.500000,15.200000,46.200000,0.000000,1.000000,0.000000,1.000000,0.700000,0.000000,0.700000,2.300000,0.700000,0.900000,2.000000,0.700000,1.000000,1.200000,15.200000,0.000000,18.000000,0.600000,1.000000,13.400000,1.000000,0.000000,0.000000,2.300000,0.104000,1.000000,1.600000,1.000000,0.000000,1.000000,0.640000,1.500000,0.700000,2.000000,1.562000,7.500000,-3.000000,17.000000,1.000000,0.000000,0.000000,0.000000,0.000000,0.000000,1.000000,0.000000,0.000000,1.000000,0.000000,0.000000,0.000000,0.000000,0.000000,1.000000,0.000000,0.000000,5.000000,0.000000,0.000000,1.000000,0.000000,0.000000,0.000000,0.000000,4.000000,1.000000,0.000000,2011.000000,1.000000
00:12.777,0.000000,707.000000,18.000000,2.530000,101.000000,85.000000,30.000000,901.000000,27.500000,26.800000,13.500000,15.600000,31.700000,0.700000,1.500000,1.000000,0.700000,19.500000,39.500000,15.200000,46.200000,0.000000,1.000000,0.000000,1.000000,0.700000,0.000000,0.700000,2.300000,0.700000,0.900000,2.000000,0.700000,1.000000,1.300000,15.200000,0.000000,20.000000,0.600000,1.000000,13.400000,1.000000,0.000000,0.000000,2.300000,0.104000,1.000000,1.600000,1.000000,0.000000,1.000000,0.740000,0.700000,0.700000,2.000000,0.781000,7.500000,-3.000000,17.000000,1.000000,0.000000,0.000000,0.000000,0.000000,0.000000,1.000000,0.000000,0.000000,1.000000,0.000000,0.000000,0.000000,0.000000,0.000000,1.000000,0.000000,0.000000,5.000000,0.000000,0.000000,1.000000,0.000000,0.000000,0.000000,0.000000,4.000000,1.000000,0.000000,2011.000000,1.000000
00:13.060,0.000000,700.000000,18.000000,2.510000,101.000000,85.000000,30.000000,901.000000,27.500000,26.800000,13.500000,15.600000,31.700000,0.700000,1.500000,1.000000,0.700000,19.500000,39.500000,15.200000,46.200000,0.000000,1.000000,0.000000,1.000000,0.700000,0.000000,0.700000,2.300000,0.700000,0.900000,2.000000,0.700000,1.000000,1.200000,15.200000,0.000000,16.000000,0.600000,1.000000,13.400000,1.000000,0.000000,0.000000,2.300000,0.104000,1.000000,1.600000,1.000000,0.000000,1.000000,0.800000,0.700000,0.700000,2.000000,0.781000,7.500000,-3.000000,17.000000,1.000000,0.000000,0.000000,0.000000,0.000000,0.000000,1.000000,0.000000,0.000000,1.000000,0.000000,0.000000,0.000000,0.000000,0.000000,1.000000,0.000000,0.000000,5.000000,0.000000,0.000000,1.000000,0.000000,0.000000,0.000000,0.000000,4.000000,1.000000,0.000000,2011.000000,1.000000
00:13.343,0.000000,714.000000,17.600000,2.510000,101.000000,85.000000,30.000000,902.000000,27.500000,26.800000,13.500000,15.600000,31.700000,0.700000,1.500000,1.000000,0.700000,19.500000,39.500000,15.200000,46.200000,0.000000,1.000000,0.000000,1.000000,0.700000,0.000000,0.700000,2.300000,0.700000,0.900000,2.000000,0.700000,1.000000,1.300000,15.200000,0.000000,21.000000,0.600000,1.000000,13.400000,1.000000,0.000000,0.000000,2.300000,0.104000,1.000000,1.600000,1.000000,0.000000,1.000000,0.800000,0.000000,0.700000,2.000000,0.000000,7.500000,-3.000000,17.000000,1.000000,0.000000,0.000000,0.000000,0.000000,0.000000,1.000000,0.000000,0.000000,1.000000,0.000000,0.000000,0.000000,0.000000,0.000000,1.000000,0.000000,0.000000,5.000000,0.000000,0.000000,1.000000,0.000000,0.000000,0.000000,0.000000,4.000000,1.000000,0.000000,2011.000000,1.000000
00:13.625,0.000000,717.000000,17.600000,2.510000,101.000000,85.000000,30.000000,902.000000,27.500000,26.800000,13.500000,15.600000,31.700000,0.700000,1.500000,1.000000,0.700000,19.500000,39.500000,15.200000,46.200000,0.000000,1.000000,0.000000,1.000000,0.700000,0.000000,0.700000,2.300000,0.700000,0.900000,2.000000,0.700000,1.000000,1.200000,15.200000,0.000000,15.000000,0.600000,1.000000,13.400000,1.000000,0.000000,0.000000,2.300000,0.104000,1.000000,1.600000,1.000000,0.000000,1.000000,0.800000,-0.800000,0.700000,2.000000,-0.782000,7.500000,-3.000000,17.000000,1.000000,0.000000,0.000000,0.000000,0.000000,0.000000,1.000000,0.000000,0.000000,1.000000,0.000000,0.000000,0.000000,0.000000,0.000000,1.000000,0.000000,0.000000,5.000000,0.000000,0.000000,1.000000,0.000000,0.000000,0.000000,0.000000,4.000000,1.000000,0.000000,2011.000000,1.000000
00:13.908,0.000000,713.000000,17.600000,2.510000,101.000000,85.000000,30.000000,902.000000,27.500000,26.800000,13.500000,15.600000,31.700000,0.700000,1.500000,1.000000,0.700000,19.500000,39.500000,15.200000,46.200000,0.000000,1.000000,0.000000,1.000000,0.700000,0.000000,0.700000,2.300000,0.700000,0.900000,2.000000,0.700000,1.000000,1.200000,15.200000,0.000000,22.000000,0.600000,1.000000,13.400000,1.000000,0.000000,0.000000,2.300000,0.104000,1.000000,1.600000,1.000000,0.000000,1.000000,0.780000,-0.800000,0.700000,2.000000,-0.782000,8.500000,-3.000000,17.000000,1.000000,0.000000,0.000000,0.000000,0.000000,0.000000,1.000000,0.000000,0.000000,1.000000,0.000000,0.000000,0.000000,0.000000,0.000000,1.000000,0.000000,0.000000,5.000000,0.000000,0.000000,1.000000,0.000000,0.000000,0.000000,0.000000,4.000000,1.000000,0.000000,2011.000000,1.000000
00:14.190,0.000000,709.000000,18.000000,2.530000,101.000000,85.000000,30.000000,902.000000,27.500000,26.800000,13.500000,15.600000,31.700000,0.700000,1.500000,1.000000,0.700000,19.500000,39.500000,15.200000,46.200000,0.000000,1.000000,0.000000,1.000000,0.700000,0.000000,0.700000,2.300000,0.700000,0.900000,2.000000,0.700000,1.000000,1.200000,15.200000,0.000000,20.000000,0.600000,1.000000,13.400000,1.000000,0.000000,0.000000,2.300000,0.103000,1.000000,1.600000,1.000000,0.000000,1.000000,0.780000,-1.600000,0.700000,2.000000,-1.563000,9.000000,-3.000000,17.000000,1.000000,0.000000,0.000000,0.000000,0.000000,0.000000,1.000000,0.000000,0.000000,1.000000,0.000000,0.000000,0.000000,0.000000,0.000000,1.000000,0.000000,0.000000,5.000000,0.000000,0.000000,1.000000,0.000000,0.000000,0.000000,0.000000,4.000000,1.000000,0.000000,2011.000000,1.000000
00:14.473,0.000000,706.000000,18.000000,2.530000,101.000000,85.000000,30.000000,903.000000,27.500000,26.800000,13.500000,15.600000,31.700000,0.700000,1.500000,1.000000,0.700000,19.500000,39.500000,15.200000,46.200000,0.000000,1.000000,0.000000,1.000000,0.700000,0.000000,0.700000,2.300000,0.700000,0.900000,2.000000,0.700000,1.000000,1.200000,15.200000,0.000000,21.000000,0.600000,1.000000,13.400000,1.000000,0.000000,0.000000,2.300000,0.103000,1.000000,1.600000,1.000000,0.000000,1.000000,0.740000,-1.600000,0.700000,2.000000,-1.563000,9.000000,-3.000000,17.000000,1.000000,0.000000,0.000000,0.000000,0.000000,0.000000,1.000000,0.000000,0.000000,1.000000,0.000000,0.000000,0.000000,0.000000,0.000000,1.000000,0.000000,0.000000,5.000000,0.000000,0.000000,1.000000,0.000000,0.000000,0.000000,0.000000,4.000000,1.000000,0.000000,2011.000000,1.000000
00:14.756,0.000000,712.000000,17.600000,2.530000,101.000000,85.000000,30.000000,903.000000,27.500000,26.800000,13.500000,15.600000,31.700000,0.700000,1.500000,1.000000,0.700000,19.500000,39.500000,15.200000,46.200000,0.000000,1.000000,0.000000,1.000000,0.700000,0.000000,0.700000,2.300000,0.700000,0.900000,2.000000,0.700000,1.000000,1.200000,15.200000,0.000000,19.000000,0.600000,1.000000,13.400000,1.000000,0.000000,0.000000,2.170000,0.103000,1.000000,1.600000,1.000000,0.000000,1.000000,0.700000,-2.400000,0.700000,2.000000,-2.344000,9.000000,-3.000000,17.000000,1.000000,0.000000,0.000000,0.000000,0.000000,0.000000,1.000000,0.000000,0.000000,1.000000,0.000000,0.000000,0.000000,0.000000,0.000000,1.000000,0.000000,0.000000,5.000000,0.000000,0.000000,1.000000,0.000000,0.000000,0.000000,0.000000,4.000000,1.000000,0.000000,2011.000000,1.000000
00:15.038,0.000000,713.000000,17.600000,2.530000,101.000000,85.000000,30.000000,903.000000,27.500000,26.800000,13.500000,15.600000,31.700000,0.700000,1.500000,1.000000,0.700000,19.500000,39.500000,15.200000,46.200000,0.000000,1.000000,0.000000,1.000000,0.700000,0.000000,0.700000,2.300000,0.700000,0.900000,2.000000,0.700000,1.000000,1.300000,15.200000,0.000000,21.000000,0.600000,1.000000,13.400000,1.000000,0.000000,0.000000,2.170000,0.103000,1.000000,1.600000,1.000000,0.000000,1.000000,0.540000,-2.400000,0.700000,2.000000,-2.344000,9.000000,-3.000000,17.000000,1.000000,0.000000,0.000000,0.000000,0.000000,0.000000,1.000000,0.000000,0.000000,1.000000,0.000000,0.000000,0.000000,0.000000,0.000000,1.000000,0.000000,0.000000,5.000000,0.000000,0.000000,1.000000,0.000000,0.000000,0.000000,0.000000,4.000000,1.000000,0.000000,2011.000000,1.000000
00:15.321,0.000000,714.000000,17.600000,2.530000,101.000000,85.000000,30.000000,904.000000,27.500000,26.800000,13.500000,15.600000,31.700000,0.700000,1.500000,1.000000,0.700000,19.500000,39.500000,15.200000,46.200000,0.000000,1.000000,0.000000,1.000000,0.700000,0.000000,0.700000,2.300000,0.700000,0.900000,2.000000,0.700000,1.000000,1.200000,15.200000,0.000000,16.000000,0.600000,1.000000,13.400000,1.000000,0.000000,0.000000,2.300000,0.103000,1.000000,1.600000,1.000000,0.000000,1.000000,0.130000,-0.800000,0.700000,2.000000,-0.782000,9.500000,-3.000000,17.000000,1.000000,0.000000,0.000000,0.000000,0.000000,0.000000,1.000000,0.000000,0.000000,1.000000,0.000000,0.000000,0.000000,0.000000,0.000000,1.000000,0.000000,0.000000,5.000000,0.000000,0.000000,1.000000,0.000000,0.000000,0.000000,0.000000,4.000000,1.000000,0.000000,2011.000000,1.000000
00:15.603,0.000000,717.000000,17.600000,2.530000,101.000000,85.000000,30.000000,904.000000,27.500000,26.800000,13.500000,15.600000,31.700000,0.700000,1.500000,1.000000,0.700000,19.500000,39.500000,15.200000,46.200000,0.000000,1.000000,0.000000,1.000000,0.700000,0.000000,0.700000,2.300000,0.700000,0.900000,2.000000,0.700000,1.000000,1.200000,15.200000,0.000000,21.000000,0.600000,1.000000,13.400000,1.000000,0.000000,0.000000,2.300000,0.103000,1.000000,1.600000,1.000000,0.000000,1.000000,0.050000,0.000000,0.700000,2.000000,0.000000,8.000000,-3.000000,17.000000,1.000000,0.000000,0.000000,0.000000,0.000000,0.000000,1.000000,0.000000,0.000000,1.000000,0.000000,0.000000,0.000000,0.000000,0.000000,1.000000,0.000000,0.000000,5.000000,0.000000,0.000000,1.000000,0.000000,0.000000,0.000000,0.000000,4.000000,1.000000,0.000000,2011.000000,1.000000
00:15.927,0.000000,715.000000,17.600000,2.530000,101.000000,85.000000,30.000000,904.000000,27.500000,26.800000,13.500000,15.600000,31.700000,0.700000,1.500000,1.000000,0.700000,19.500000,39.500000,15.200000,46.200000,0.000000,1.000000,0.000000,1.000000,0.700000,0.000000,0.700000,2.300000,0.700000,0.900000,2.000000,0.700000,1.000000,1.200000,15.200000,0.000000,16.000000,0.600000,1.000000,13.400000,1.000000,0.000000,0.000000,2.300000,0.102000,1.000000,1.600000,1.000000,0.000000,1.000000,0.050000,0.700000,0.700000,2.000000,0.781000,8.000000,-3.000000,17.000000,1.000000,0.000000,0.000000,0.000000,0.000000,0.000000,1.000000,0.000000,0.000000,1.000000,0.000000,0.000000,0.000000,0.000000,0.000000,1.000000,0.000000,0.000000,5.000000,0.000000,0.000000,1.000000,0.000000,0.000000,0.000000,0.000000,4.000000,1.000000,0.000000,2011.000000,1.000000
00:16.210,0.000000,707.000000,18.000000,2.530000,101.000000,85.000000,30.000000,904.000000,27.500000,26.800000,13.500000,15.600000,31.700000,0.700000,1.500000,1.000000,0.700000,19.500000,39.500000,15.200000,46.200000,0.000000,1.000000,0.000000,1.000000,0.700000,0.000000,0.700000,2.300000,0.700000,0.900000,2.000000,0.700000,1.000000,1.200000,15.200000,0.000000,19.000000,0.600000,1.000000,13.400000,1.000000,0.000000,0.000000,2.300000,0.102000,1.000000,1.600000,1.000000,0.000000,1.000000,0.050000,1.500000,0.700000,2.000000,1.562000,8.000000,-3.000000,17.000000,1.000000,0.000000,0.000000,0.000000,0.000000,0.000000,1.000000,0.000000,0.000000,1.000000,0.000000,0.000000,0.000000,0.000000,0.000000,1.000000,0.000000,0.000000,5.000000,0.000000,0.000000,1.000000,0.000000,0.000000,0.000000,0.000000,4.000000,1.000000,0.000000,2011.000000,1.000000
00:16.492,0.000000,709.000000,18.000000,2.530000,101.000000,85.000000,30.000000,905.000000,27.500000,26.800000,13.500000,15.600000,31.700000,0.700000,1.500000,1.000000,0.700000,19.500000,39.500000,15.200000,46.200000,0.000000,1.000000,0.000000,1.000000,0.700000,0.000000,0.700000,2.300000,0.700000,0.900000,2.000000,0.700000,1.000000,1.200000,15.200000,0.000000,16.000000,0.600000,1.000000,13.400000,1.000000,0.000000,0.000000,2.300000,0.102000,1.000000,1.600000,1.000000,0.000000,1.000000,0.070000,1.500000,0.700000,2.000000,1.562000,8.000000,-3.000000,17.000000,1.000000,0.000000,0.000000,0.000000,0.000000,0.000000,1.000000,0.000000,0.000000,1.000000,0.000000,0.000000,0.000000,0.000000,0.000000,1.000000,0.000000,0.000000,5.000000,0.000000,0.000000,1.000000,0.000000,0.000000,0.000000,0.000000,4.000000,1.000000,0.000000,2011.000000,1.000000
00:16.775,0.000000,709.000000,18.000000,2.530000,101.000000,85.000000,30.000000,905.000000,27.500000,26.800000,13.500000,15.600000,31.700000,0.700000,1.500000,1.000000,0.700000,19.500000,39.500000,15.200000,46.200000,0.000000,1.000000,0.000000,1.000000,0.700000,0.000000,0.700000,2.300000,0.700000,0.900000,2.000000,0.700000,1.000000,1.300000,15.200000,0.000000,20.000000,0.600000,1.000000,13.400000,1.000000,0.000000,0.000000,2.300000,0.102000,1.000000,1.600000,1.000000,0.000000,1.000000,0.130000,2.300000,0.700000,2.000000,2.343000,7.000000,-3.000000,17.000000,1.000000,0.000000,0.000000,0.000000,0.000000,0.000000,1.000000,0.000000,0.000000,1.000000,0.000000,0.000000,0.000000,0.000000,0.000000,1.000000,0.000000,0.000000,5.000000,0.000000,0.000000,1.000000,0.000000,0.000000,0.000000,0.000000,4.000000,1.000000,0.000000,2011.000000,1.000000
00:17.057,0.000000,711.000000,18.000000,2.560000,101.000000,85.000000,30.000000,905.000000,27.500000,26.800000,13.500000,15.600000,31.700000,0.700000,1.500000,1.000000,0.700000,19.500000,39.500000,15.200000,46.200000,0.000000,1.000000,0.000000,1.000000,0.700000,0.000000,0.700000,2.300000,0.700000,0.900000,2.000000,0.700000,1.000000,1.200000,15.200000,0.000000,16.000000,0.600000,1.000000,13.400000,1.000000,0.000000,0.000000,2.300000,0.102000,1.000000,1.600000,1.000000,0.000000,1.000000,0.680000,1.500000,0.700000,2.000000,1.562000,6.500000,-3.000000,17.000000,1.000000,0.000000,0.000000,0.000000,0.000000,0.000000,1.000000,0.000000,0.000000,1.000000,0.000000,0.000000,0.000000,0.000000,0.000000,1.000000,0.000000,0.000000,5.000000,0.000000,0.000000,1.000000,0.000000,0.000000,0.000000,0.000000,4.000000,1.000000,0.000000,2011.000000,1.000000
00:17.340,0.000000,705.000000,18.000000,2.530000,101.000000,85.000000,30.000000,906.000000,27.500000,26.800000,13.500000,15.600000,31.700000,0.700000,1.500000,1.000000,0.700000,19.500000,39.500000,15.200000,46.200000,0.000000,1.000000,0.000000,1.000000,0.700000,0.000000,0.700000,2.300000,0.700000,0.900000,2.000000,0.700000,1.000000,1.200000,15.200000,0.000000,19.000000,0.600000,1.000000,13.400000,1.000000,0.000000,0.000000,2.300000,0.102000,1.000000,1.600000,1.000000,0.000000,1.000000,0.760000,0.700000,0.700000,2.000000,0.781000,7.500000,-3.000000,17.000000,1.000000,0.000000,0.000000,0.000000,0.000000,0.000000,1.000000,0.000000,0.000000,1.000000,0.000000,0.000000,0.000000,0.000000,0.000000,1.000000,0.000000,0.000000,5.000000,0.000000,0.000000,1.000000,0.000000,0.000000,0.000000,0.000000,4.000000,1.000000,0.000000,2011.000000,1.000000
00:17.623,0.000000,700.000000,18.000000,2.530000,101.000000,85.000000,30.000000,906.000000,27.500000,26.800000,13.500000,15.600000,31.700000,0.700000,1.500000,1.000000,0.700000,19.500000,39.500000,15.200000,46.200000,0.000000,1.000000,0.000000,1.000000,0.700000,0.000000,0.700000,2.300000,0.700000,0.900000,2.000000,0.700000,1.000000,1.200000,15.200000,0.000000,17.000000,0.600000,1.000000,13.400000,1.000000,0.000000,0.000000,2.300000,0.104000,1.000000,1.600000,1.000000,0.000000,1.000000,0.800000,0.700000,0.700000,2.000000,0.781000,8.000000,-3.000000,17.000000,1.000000,0.000000,0.000000,0.000000,0.000000,0.000000,1.000000,0.000000,0.000000,1.000000,0.000000,0.000000,0.000000,0.000000,0.000000,2.000000,0.000000,0.000000,5.000000,0.000000,0.000000,1.000000,0.000000,0.000000,0.000000,0.000000,4.000000,1.000000,0.000000,2011.000000,1.000000
00:17.905,0.000000,704.000000,18.000000,2.530000,101.000000,85.000000,30.000000,906.000000,27.500000,26.800000,13.500000,15.600000,31.700000,0.700000,1.500000,1.000000,0.700000,19.500000,39.500000,15.200000,46.200000,0.000000,1.000000,0.000000,1.000000,0.700000,0.000000,0.700000,2.300000,0.700000,0.900000,2.000000,0.700000,1.000000,1.200000,15.200000,0.000000,19.000000,0.600000,1.000000,13.400000,1.000000,0.000000,0.000000,2.300000,0.104000,1.000000,1.600000,1.000000,0.000000,1.000000,0.800000,0.000000,0.700000,2.000000,0.000000,7.500000,-3.000000,17.000000,1.000000,0.000000,0.000000,0.000000,0.000000,0.000000,1.000000,0.000000,0.000000,1.000000,0.000000,0.000000,0.000000,0.000000,0.000000,2.000000,0.000000,0.000000,5.000000,0.000000,0.000000,1.000000,0.000000,0.000000,0.000000,0.000000,4.000000,1.000000,0.000000,2011.000000,1.000000
00:18.188,0.000000,707.000000,18.000000,2.540000,101.000000,85.000000,30.000000,906.000000,27.500000,26.800000,13.500000,15.600000,31.700000,0.700000,1.500000,1.000000,0.700000,19.500000,39.500000,15.200000,46.200000,0.000000,1.000000,0.000000,1.000000,0.700000,0.000000,0.700000,2.300000,0.700000,0.900000,2.000000,0.700000,1.000000,1.300000,15.200000,0.000000,21.000000,0.600000,1.000000,13.400000,1.000000,0.000000,0.000000,2.300000,0.104000,1.000000,1.600000,1.000000,0.000000,1.000000,0.800000,0.000000,0.700000,2.000000,0.000000,7.500000,-3.000000,17.000000,1.000000,0.000000,0.000000,0.000000,0.000000,0.000000,1.000000,0.000000,0.000000,1.000000,0.000000,0.000000,0.000000,0.000000,0.000000,2.000000,0.000000,0.000000,5.000000,0.000000,0.000000,1.000000,0.000000,0.000000,0.000000,0.000000,4.000000,1.000000,0.000000,2011.000000,1.000000
00:18.470,0.000000,700.000000,18.000000,2.530000,101.000000,85.000000,30.000000,907.000000,27.500000,26.800000,13.500000,15.600000,31.700000,0.700000,1.500000,1.000000,0.700000,19.500000,39.500000,15.200000,46.200000,0.000000,1.000000,0.000000,1.000000,0.700000,0.000000,0.700000,2.300000,0.700000,0.900000,2.000000,0.700000,1.000000,1.100000,15.200000,0.000000,16.000000,0.600000,1.000000,13.400000,1.000000,0.000000,0.000000,2.300000,0.104000,1.000000,1.600000,1.000000,0.000000,1.000000,0.780000,-0.800000,0.700000,2.000000,-0.782000,8.500000,-3.000000,17.000000,1.000000,0.000000,0.000000,0.000000,0.000000,0.000000,1.000000,0.000000,0.000000,1.000000,0.000000,0.000000,0.000000,0.000000,0.000000,2.000000,0.000000,0.000000,5.000000,0.000000,0.000000,1.000000,0.000000,0.000000,0.000000,0.000000,4.000000,1.000000,0.000000,2011.000000,1.000000
00:18.932,0.000000,697.000000,18.000000,2.530000,101.000000,85.000000,30.000000,907.000000,27.500000,26.800000,13.500000,15.600000,31.700000,0.700000,1.500000,1.000000,0.700000,19.500000,39.500000,15.200000,46.200000,0.000000,1.000000,0.000000,1.000000,0.700000,0.000000,0.700000,2.300000,0.700000,0.900000,2.000000,0.700000,1.000000,1.200000,15.200000,0.000000,20.000000,0.600000,1.000000,13.400000,1.000000,0.000000,0.000000,2.300000,0.104000,1.000000,1.600000,1.000000,0.000000,1.000000,0.760000,-1.600000,0.700000,2.000000,-1.563000,9.000000,-3.000000,17.000000,1.000000,0.000000,0.000000,0.000000,0.000000,0.000000,1.000000,0.000000,0.000000,1.000000,0.000000,0.000000,0.000000,0.000000,0.000000,2.000000,0.000000,0.000000,5.000000,0.000000,0.000000,1.000000,0.000000,0.000000,0.000000,0.000000,4.000000,1.000000,0.000000,2011.000000,1.000000
00:19.215,0.000000,710.000000,17.600000,2.530000,101.000000,85.000000,30.000000,907.000000,27.500000,26.800000,13.500000,15.600000,31.700000,0.700000,1.500000,1.000000,0.700000,19.500000,39.500000,15.200000,46.200000,0.000000,1.000000,0.000000,1.000000,0.700000,0.000000,0.700000,2.300000,0.700000,0.900000,2.000000,0.700000,1.000000,1.200000,15.200000,0.000000,18.000000,0.600000,1.000000,13.400000,1.000000,0.000000,0.000000,2.300000,0.103000,1.000000,1.600000,1.000000,0.000000,1.000000,0.740000,-1.600000,0.700000,2.000000,-1.563000,8.500000,-3.000000,17.000000,1.000000,0.000000,0.000000,0.000000,0.000000,0.000000,1.000000,0.000000,0.000000,1.000000,0.000000,0.000000,0.000000,0.000000,0.000000,2.000000,0.000000,0.000000,5.000000,0.000000,0.000000,1.000000,0.000000,0.000000,0.000000,0.000000,4.000000,1.000000,0.000000,2011.000000,1.000000
00:19.497,0.000000,707.000000,18.000000,2.530000,101.000000,85.000000,30.000000,908.000000,27.500000,26.800000,13.500000,15.600000,31.700000,0.700000,1.500000,1.000000,0.700000,19.500000,39.500000,15.200000,46.200000,0.000000,1.000000,0.000000,1.000000,0.700000,0.000000,0.700000,2.300000,0.700000,0.900000,2.000000,0.700000,1.000000,1.200000,15.200000,0.000000,18.000000,0.600000,1.000000,13.400000,1.000000,0.000000,0.000000,2.300000,0.103000,1.000000,1.600000,1.000000,0.000000,1.000000,0.720000,-2.400000,0.700000,2.000000,-2.344000,9.000000,-3.000000,17.000000,1.000000,0.000000,0.000000,0.000000,0.000000,0.000000,1.000000,0.000000,0.000000,1.000000,0.000000,0.000000,0.000000,0.000000,0.000000,2.000000,0.000000,0.000000,5.000000,0.000000,0.000000,1.000000,0.000000,0.000000,0.000000,0.000000,4.000000,1.000000,0.000000,2011.000000,1.000000
00:19.780,0.000000,705.000000,18.000000,2.540000,101.000000,85.000000,30.000000,908.000000,27.500000,26.800000,13.500000,15.600000,31.700000,0.700000,1.500000,1.000000,0.700000,19.500000,39.500000,15.200000,46.200000,0.000000,1.000000,0.000000,1.000000,0.700000,0.000000,0.700000,2.300000,0.700000,0.900000,2.000000,0.700000,1.000000,1.200000,15.200000,0.000000,19.000000,0.600000,1.000000,13.400000,1.000000,0.000000,0.000000,2.300000,0.103000,1.000000,1.600000,1.000000,0.000000,1.000000,0.680000,-2.400000,0.700000,2.000000,-2.344000,9.500000,-3.000000,17.000000,1.000000,0.000000,0.000000,0.000000,0.000000,0.000000,1.000000,0.000000,0.000000,1.000000,0.000000,0.000000,0.000000,0.000000,0.000000,2.000000,0.000000,0.000000,5.000000,0.000000,0.000000,1.000000,0.000000,0.000000,0.000000,0.000000,4.000000,1.000000,0.000000,2011.000000,1.000000
00:20.062,0.000000,700.000000,18.000000,2.540000,101.000000,85.000000,30.000000,908.000000,27.500000,26.800000,13.500000,15.600000,31.700000,0.700000,1.500000,1.000000,0.700000,19.500000,39.500000,15.200000,46.200000,0.000000,1.000000,0.000000,1.000000,0.700000,0.000000,0.700000,2.300000,0.700000,0.900000,2.000000,0.700000,1.000000,1.100000,15.200000,0.000000,19.000000,0.600000,1.000000,13.400000,1.000000,0.000000,0.000000,2.300000,0.103000,1.000000,1.600000,1.000000,0.000000,1.000000,0.410000,-3.200000,0.700000,2.000000,-3.125000,9.500000,-3.000000,17.000000,1.000000,0.000000,0.000000,0.000000,0.000000,0.000000,1.000000,0.000000,0.000000,1.000000,0.000000,0.000000,0.000000,0.000000,0.000000,2.000000,0.000000,0.000000,5.000000,0.000000,0.000000,1.000000,0.000000,0.000000,0.000000,0.000000,4.000000,1.000000,0.000000,2011.000000,1.000000
00:20.345,0.000000,700.000000,18.000000,2.540000,101.000000,85.000000,30.000000,909.000000,27.500000,26.800000,13.500000,15.600000,31.700000,0.700000,1.500000,1.000000,0.700000,19.500000,39.500000,15.200000,46.200000,0.000000,1.000000,0.000000,1.000000,0.700000,0.000000,0.700000,2.300000,0.700000,0.900000,2.000000,0.700000,1.000000,1.200000,15.200000,0.000000,16.000000,0.600000,1.000000,13.400000,1.000000,0.000000,0.000000,2.300000,0.103000,1.000000,1.600000,1.000000,0.000000,1.000000,0.090000,-0.800000,0.700000,2.000000,-0.782000,9.000000,-3.000000,17.000000,1.000000,0.000000,0.000000,0.000000,0.000000,0.000000,1.000000,0.000000,0.000000,1.000000,0.000000,0.000000,0.000000,0.000000,0.000000,2.000000,0.000000,0.000000,5.000000,0.000000,0.000000,1.000000,0.000000,0.000000,0.000000,0.000000,4.000000,1.000000,0.000000,2011.000000,1.000000
00:20.628,0.000000,707.000000,18.000000,2.530000,101.000000,85.000000,30.000000,909.000000,27.500000,26.800000,13.500000,15.600000,31.700000,0.700000,1.500000,1.000000,0.700000,19.500000,39.500000,15.200000,46.200000,0.000000,1.000000,0.000000,1.000000,0.700000,0.000000,0.700000,2.300000,0.700000,0.900000,2.000000,0.700000,1.000000,1.200000,15.200000,0.000000,18.000000,0.600000,1.000000,13.400000,1.000000,0.000000,0.000000,2.300000,0.103000,1.000000,1.600000,1.000000,0.000000,1.000000,0.050000,-0.800000,0.700000,2.000000,-0.782000,8.000000,-3.000000,17.000000,1.000000,0.000000,0.000000,0.000000,0.000000,0.000000,1.000000,0.000000,0.000000,1.000000,0.000000,0.000000,0.000000,0.000000,0.000000,2.000000,0.000000,0.000000,5.000000,0.000000,0.000000,1.000000,0.000000,0.000000,0.000000,0.000000,4.000000,1.000000,0.000000,2011.000000,1.000000
00:20.910,0.000000,707.000000,18.000000,2.530000,101.000000,85.000000,30.000000,909.000000,27.500000,26.800000,13.500000,15.600000,31.700000,0.700000,1.500000,1.000000,0.700000,19.500000,39.500000,15.200000,46.200000,0.000000,1.000000,0.000000,1.000000,0.700000,0.000000,0.700000,2.300000,0.700000,0.900000,2.000000,0.700000,1.000000,1.200000,15.200000,0.000000,17.000000,0.600000,1.000000,13.400000,1.000000,0.000000,0.000000,2.300000,0.103000,1.000000,1.600000,1.000000,0.000000,1.000000,0.050000,0.000000,0.700000,2.000000,0.000000,8.000000,-3.000000,17.000000,1.000000,0.000000,0.000000,0.000000,0.000000,0.000000,1.000000,0.000000,0.000000,1.000000,0.000000,0.000000,0.000000,0.000000,0.000000,2.000000,0.000000,0.000000,5.000000,0.000000,0.000000,1.000000,0.000000,0.000000,0.000000,0.000000,4.000000,1.000000,0.000000,2011.000000,1.000000
00:21.193,0.000000,700.000000,18.000000,2.510000,101.000000,85.000000,30.000000,909.000000,27.500000,26.800000,13.500000,15.600000,31.700000,0.700000,1.500000,1.000000,0.700000,19.500000,39.500000,15.200000,46.200000,0.000000,1.000000,0.000000,1.000000,0.700000,0.000000,0.700000,2.300000,0.700000,0.900000,2.000000,0.700000,1.000000,1.200000,15.200000,0.000000,18.000000,0.600000,1.000000,13.400000,1.000000,0.000000,0.000000,2.300000,0.103000,1.000000,1.600000,1.000000,0.000000,1.000000,0.070000,0.700000,0.700000,2.000000,0.781000,8.500000,-3.000000,17.000000,1.000000,0.000000,0.000000,0.000000,0.000000,0.000000,1.000000,0.000000,0.000000,1.000000,0.000000,0.000000,0.000000,0.000000,0.000000,2.000000,0.000000,0.000000,5.000000,0.000000,0.000000,1.000000,0.000000,0.000000,0.000000,0.000000,4.000000,1.000000,0.000000,2011.000000,1.000000
00:21.475,0.000000,703.000000,18.000000,2.540000,101.000000,85.000000,30.000000,910.000000,27.500000,26.800000,13.500000,15.600000,31.700000,0.700000,1.500000,1.000000,0.700000,19.500000,39.500000,15.200000,46.200000,0.000000,1.000000,0.000000,1.000000,0.700000,0.000000,0.700000,2.300000,0.700000,0.900000,2.000000,0.700000,1.000000,1.200000,15.200000,0.000000,16.000000,0.600000,1.000000,13.400000,1.000000,0.000000,0.000000,2.300000,0.103000,1.000000,1.600000,1.000000,0.000000,1.000000,0.090000,1.500000,0.700000,2.000000,1.562000,7.500000,-3.000000,17.000000,1.000000,0.000000,0.000000,0.000000,0.000000,0.000000,1.000000,0.000000,0.000000,1.000000,0.000000,0.000000,0.000000,0.000000,0.000000,2.000000,0.000000,0.000000,5.000000,0.000000,0.000000,1.000000,0.000000,0.000000,0.000000,0.000000,4.000000,1.000000,0.000000,2011.000000,1.000000
00:21.758,0.000000,710.000000,18.000000,2.540000,101.000000,85.000000,30.000000,910.000000,27.500000,26.800000,13.500000,15.600000,31.700000,0.700000,1.500000,1.000000,0.700000,19.500000,39.500000,15.200000,46.200000,0.000000,1.000000,0.000000,1.000000,0.700000,0.000000,0.700000,2.300000,0.700000,0.900000,2.000000,0.700000,1.000000,1.300000,15.200000,0.000000,20.000000,0.600000,1.000000,13.400000,1.000000,0.000000,0.000000,2.300000,0.103000,1.000000,1.600000,1.000000,0.000000,1.000000,0.150000,2.300000,0.700000,2.000000,2.343000,7.500000,-3.000000,17.000000,1.000000,0.000000,0.000000,0.000000,0.000000,0.000000,1.000000,0.000000,0.000000,1.000000,0.000000,0.000000,0.000000,0.000000,0.000000,2.000000,0.000000,0.000000,5.000000,0.000000,0.000000,1.000000,0.000000,0.000000,0.000000,0.000000,4.000000,1.000000,0.000000,2011.000000,1.000000
00:22.082,0.000000,712.000000,17.600000,2.530000,101.000000,85.000000,30.000000,910.000000,27.500000,26.800000,13.500000,15.600000,31.700000,0.700000,1.500000,1.000000,0.700000,19.500000,39.500000,15.200000,46.200000,0.000000,1.000000,0.000000,1.000000,0.700000,0.000000,0.700000,2.300000,0.700000,0.900000,2.000000,0.700000,1.000000,1.200000,15.200000,0.000000,17.000000,0.600000,1.000000,13.400000,1.000000,0.000000,0.000000,2.300000,0.103000,1.000000,1.600000,1.000000,0.000000,1.000000,0.700000,0.700000,0.700000,2.000000,0.781000,6.500000,-3.000000,17.000000,1.000000,0.000000,0.000000,0.000000,0.000000,0.000000,1.000000,0.000000,0.000000,1.000000,0.000000,0.000000,0.000000,0.000000,0.000000,2.000000,0.000000,0.000000,5.000000,0.000000,0.000000,1.000000,0.000000,0.000000,0.000000,0.000000,4.000000,1.000000,0.000000,2011.000000,1.000000
00:22.364,0.000000,709.000000,18.000000,2.530000,101.000000,85.000000,30.000000,911.000000,27.500000,26.800000,13.500000,15.600000,31.700000,0.700000,1.500000,1.000000,0.700000,19.500000,39.500000,15.200000,46.200000,0.000000,1.000000,0.000000,1.000000,0.700000,0.000000,0.700000,2.300000,0.700000,0.900000,2.000000,0.700000,1.000000,1.100000,15.200000,0.000000,16.000000,0.600000,1.000000,13.400000,1.000000,0.000000,0.000000,2.300000,0.103000,1.000000,1.600000,1.000000,0.000000,1.000000,0.780000,0.000000,0.700000,2.000000,0.000000,7.500000,-3.000000,17.000000,1.000000,0.000000,0.000000,0.000000,0.000000,0.000000,1.000000,0.000000,0.000000,1.000000,0.000000,0.000000,0.000000,0.000000,0.000000,2.000000,0.000000,0.000000,5.000000,0.000000,0.000000,1.000000,0.000000,0.000000,0.000000,0.000000,4.000000,1.000000,0.000000,2011.000000,1.000000
00:22.647,0.000000,714.000000,18.000000,2.540000,101.000000,85.000000,30.000000,911.000000,27.500000,26.800000,13.500000,15.600000,31.700000,0.700000,1.500000,1.000000,0.700000,19.500000,39.500000,15.200000,46.200000,0.000000,1.000000,0.000000,1.000000,0.700000,0.000000,0.700000,2.300000,0.700000,0.900000,2.000000,0.700000,1.000000,1.200000,15.200000,0.000000,19.000000,0.600000,1.000000,13.400000,1.000000,0.000000,0.000000,2.300000,0.105000,1.000000,1.600000,1.000000,0.000000,1.000000,0.800000,0.000000,0.700000,2.000000,0.000000,7.500000,-3.000000,17.000000,1.000000,0.000000,0.000000,0.000000,0.000000,0.000000,1.000000,0.000000,0.000000,1.000000,0.000000,0.000000,0.000000,0.000000,0.000000,2.000000,0.000000,0.000000,5.000000,0.000000,0.000000,1.000000,0.000000,0.000000,0.000000,0.000000,4.000000,1.000000,0.000000,2011.000000,1.000000
00:22.929,0.000000,715.000000,18.000000,2.540000,101.000000,85.000000,30.000000,911.000000,27.500000,26.800000,13.500000,15.600000,31.700000,0.700000,1.500000,1.000000,0.700000,19.500000,39.500000,15.200000,46.200000,0.000000,1.000000,0.000000,1.000000,0.700000,0.000000,0.700000,2.300000,0.700000,0.900000,2.000000,0.700000,1.000000,1.200000,15.200000,0.000000,19.000000,0.600000,1.000000,13.400000,1.000000,0.000000,0.000000,2.300000,0.105000,1.000000,1.600000,1.000000,0.000000,1.000000,0.780000,-0.800000,0.700000,2.000000,-0.782000,8.000000,-3.000000,17.000000,1.000000,0.000000,0.000000,0.000000,0.000000,0.000000,1.000000,0.000000,0.000000,1.000000,0.000000,0.000000,0.000000,0.000000,0.000000,2.000000,0.000000,0.000000,5.000000,0.000000,0.000000,1.000000,0.000000,0.000000,0.000000,0.000000,4.000000,1.000000,0.000000,2011.000000,1.000000
00:23.212,0.000000,710.000000,18.000000,2.530000,101.000000,85.000000,30.000000,911.000000,27.500000,26.800000,13.500000,15.600000,31.700000,0.700000,1.500000,1.000000,0.700000,19.500000,39.500000,15.200000,46.200000,0.000000,1.000000,0.000000,1.000000,0.700000,0.000000,0.700000,2.300000,0.700000,0.900000,2.000000,0.700000,1.000000,1.200000,15.200000,0.000000,16.000000,0.600000,1.000000,13.400000,1.000000,0.000000,0.000000,2.300000,0.105000,1.000000,1.600000,1.000000,0.000000,1.000000,0.760000,-0.800000,0.700000,2.000000,-0.782000,8.000000,-3.000000,17.000000,1.000000,0.000000,0.000000,0.000000,0.000000,0.000000,1.000000,0.000000,0.000000,1.000000,0.000000,0.000000,0.000000,0.000000,0.000000,2.000000,0.000000,0.000000,5.000000,0.000000,0.000000,1.000000,0.000000,0.000000,0.000000,0.000000,4.000000,1.000000,0.000000,2011.000000,1.000000
00:23.495,0.000000,712.000000,17.600000,2.510000,101.000000,85.000000,30.000000,912.000000,27.500000,26.800000,13.500000,15.600000,31.700000,0.700000,1.500000,1.000000,0.700000,19.500000,39.500000,15.200000,46.200000,0.000000,1.000000,0.000000,1.000000,0.700000,0.000000,0.700000,2.300000,0.700000,0.900000,2.000000,0.700000,1.000000,1.200000,15.200000,0.000000,18.000000,0.600000,1.000000,13.400000,1.000000,0.000000,0.000000,2.170000,0.105000,1.000000,1.600000,1.000000,0.000000,1.000000,0.760000,-1.600000,0.700000,2.000000,-1.563000,8.500000,-3.000000,17.000000,1.000000,0.000000,0.000000,0.000000,0.000000,0.000000,1.000000,0.000000,0.000000,1.000000,0.000000,0.000000,0.000000,0.000000,0.000000,2.000000,0.000000,0.000000,5.000000,0.000000,0.000000,1.000000,0.000000,0.000000,0.000000,0.000000,4.000000,1.000000,0.000000,2011.000000,1.000000
00:23.777,0.000000,710.000000,17.600000,2.510000,101.000000,85.000000,30.000000,912.000000,27.500000,26.800000,13.500000,15.600000,31.700000,0.700000,1.500000,1.000000,0.700000,19.500000,39.500000,15.200000,46.200000,0.000000,1.000000,0.000000,1.000000,0.700000,0.000000,0.700000,2.300000,0.700000,0.900000,2.000000,0.700000,1.000000,1.200000,15.200000,0.000000,20.000000,0.600000,1.000000,13.400000,1.000000,0.000000,0.000000,2.170000,0.105000,1.000000,1.600000,1.000000,0.000000,1.000000,0.720000,-1.600000,0.700000,2.000000,-1.563000,8.500000,-3.000000,17.000000,1.000000,0.000000,0.000000,0.000000,0.000000,0.000000,1.000000,0.000000,0.000000,1.000000,0.000000,0.000000,0.000000,0.000000,0.000000,2.000000,0.000000,0.000000,5.000000,0.000000,0.000000,1.000000,0.000000,0.000000,0.000000,0.000000,4.000000,1.000000,0.000000,2011.000000,1.000000
00:24.060,0.000000,714.000000,17.600000,2.510000,101.000000,85.000000,30.000000,912.000000,27.500000,26.800000,13.500000,15.600000,31.700000,0.700000,1.500000,1.000000,0.700000,19.500000,39.500000,15.200000,46.200000,0.000000,1.000000,0.000000,1.000000,0.700000,0.000000,0.700000,2.300000,0.700000,0.900000,2.000000,0.700000,1.000000,1.200000,15.200000,0.000000,20.000000,0.600000,1.000000,13.400000,1.000000,0.000000,0.000000,2.170000,0.105000,1.000000,1.600000,1.000000,0.000000,1.000000,0.680000,-2.400000,0.700000,2.000000,-2.344000,9.000000,-3.000000,17.000000,1.000000,0.000000,0.000000,0.000000,0.000000,0.000000,1.000000,0.000000,0.000000,1.000000,0.000000,0.000000,0.000000,0.000000,0.000000,2.000000,0.000000,0.000000,5.000000,0.000000,0.000000,1.000000,0.000000,0.000000,0.000000,0.000000,4.000000,1.000000,0.000000,2011.000000,1.000000
00:24.342,0.000000,704.000000,18.000000,2.530000,101.000000,85.000000,30.000000,912.000000,27.500000,26.800000,13.500000,15.600000,31.700000,0.700000,1.500000,1.000000,0.700000,19.500000,39.500000,15.200000,46.200000,0.000000,1.000000,0.000000,1.000000,0.700000,0.000000,0.700000,2.300000,0.700000,0.900000,2.000000,0.700000,1.000000,1.200000,15.200000,0.000000,16.000000,0.600000,1.000000,13.400000,1.000000,0.000000,0.000000,2.170000,0.101000,1.000000,1.600000,1.000000,0.000000,1.000000,0.230000,-0.800000,0.700000,2.000000,-0.782000,10.000000,-3.000000,17.000000,1.000000,0.000000,0.000000,0.000000,0.000000,0.000000,1.000000,0.000000,0.000000,1.000000,0.000000,0.000000,0.000000,0.000000,0.000000,2.000000,0.000000,0.000000,5.000000,0.000000,0.000000,1.000000,0.000000,0.000000,0.000000,0.000000,4.000000,1.000000,0.000000,2011.000000,1.000000
00:24.625,0.000000,713.000000,17.600000,2.500000,101.000000,85.000000,30.000000,913.000000,27.500000,26.800000,13.500000,15.600000,31.700000,0.700000,1.500000,1.000000,0.700000,19.500000,39.500000,15.200000,46.200000,0.000000,1.000000,0.000000,1.000000,0.700000,0.000000,0.700000,2.300000,0.700000,0.900000,2.000000,0.700000,1.000000,1.200000,15.200000,0.000000,18.000000,0.600000,1.000000,13.400000,1.000000,0.000000,0.000000,2.300000,0.101000,1.000000,1.600000,1.000000,0.000000,1.000000,0.070000,0.000000,0.700000,2.000000,0.000000,9.000000,-3.000000,17.000000,1.000000,0.000000,0.000000,0.000000,0.000000,0.000000,1.000000,0.000000,0.000000,1.000000,0.000000,0.000000,0.000000,0.000000,0.000000,2.000000,0.000000,0.000000,5.000000,0.000000,0.000000,1.000000,0.000000,0.000000,0.000000,0.000000,4.000000,1.000000,0.000000,2011.000000,1.000000
00:24.908,0.000000,710.000000,18.000000,2.530000,101.000000,85.000000,30.000000,913.000000,27.500000,26.800000,13.500000,15.600000,31.700000,0.700000,1.500000,1.000000,0.700000,19.500000,39.500000,15.200000,46.200000,0.000000,1.000000,0.000000,1.000000,0.700000,0.000000,0.700000,2.300000,0.700000,0.900000,2.000000,0.700000,1.000000,1.200000,15.200000,0.000000,20.000000,0.600000,1.000000,13.400000,1.000000,0.000000,0.000000,2.300000,0.101000,1.000000,1.600000,1.000000,0.000000,1.000000,0.050000,0.700000,0.700000,2.000000,0.781000,8.000000,-3.000000,17.000000,1.000000,0.000000,0.000000,0.000000,0.000000,0.000000,1.000000,0.000000,0.000000,1.000000,0.000000,0.000000,0.000000,0.000000,0.000000,2.000000,0.000000,0.000000,5.000000,0.000000,0.000000,1.000000,0.000000,0.000000,0.000000,0.000000,4.000000,1.000000,0.000000,2011.000000,1.000000
00:25.231,0.000000,714.000000,18.000000,2.540000,101.000000,85.000000,30.000000,913.000000,27.500000,26.800000,13.500000,15.600000,31.700000,0.700000,1.500000,1.000000,0.700000,19.500000,39.500000,15.200000,46.200000,0.000000,1.000000,0.000000,1.000000,0.700000,0.000000,0.700000,2.300000,0.700000,0.900000,2.000000,0.700000,1.000000,1.100000,15.200000,0.000000,15.000000,0.600000,1.000000,13.400000,1.000000,0.000000,0.000000,2.300000,0.101000,1.000000,1.600000,1.000000,0.000000,1.000000,0.050000,1.500000,0.700000,2.000000,1.562000,7.500000,-3.000000,17.000000,1.000000,0.000000,0.000000,0.000000,0.000000,0.000000,1.000000,0.000000,0.000000,1.000000,0.000000,0.000000,0.000000,0.000000,0.000000,2.000000,0.000000,0.000000,5.000000,0.000000,0.000000,1.000000,0.000000,0.000000,0.000000,0.000000,4.000000,1.000000,0.000000,2011.000000,1.000000
00:25.514,0.000000,716.000000,17.600000,2.530000,101.000000,85.000000,30.000000,914.000000,27.500000,26.800000,13.500000,15.600000,31.700000,0.700000,1.500000,1.000000,0.700000,19.500000,39.500000,15.200000,46.200000,0.000000,1.000000,0.000000,1.000000,0.700000,0.000000,0.700000,2.300000,0.700000,0.900000,2.000000,0.700000,1.000000,1.200000,15.200000,0.000000,20.000000,0.600000,1.000000,13.400000,1.000000,0.000000,0.000000,2.300000,0.101000,1.000000,1.600000,1.000000,0.000000,1.000000,0.070000,1.500000,0.700000,2.000000,1.562000,7.000000,-3.000000,17.000000,1.000000,0.000000,0.000000,0.000000,0.000000,0.000000,1.000000,0.000000,0.000000,1.000000,0.000000,0.000000,0.000000,0.000000,0.000000,2.000000,0.000000,0.000000,5.000000,0.000000,0.000000,1.000000,0.000000,0.000000,0.000000,0.000000,4.000000,1.000000,0.000000,2011.000000,1.000000
00:25.796,0.000000,721.000000,17.600000,2.530000,101.000000,85.000000,30.000000,914.000000,27.500000,26.800000,13.500000,15.600000,31.700000,0.700000,1.500000,1.000000,0.700000,19.500000,39.500000,15.200000,46.200000,0.000000,1.000000,0.000000,1.000000,0.700000,0.000000,0.700000,2.300000,0.700000,0.900000,2.000000,0.700000,1.000000,1.200000,15.200000,0.000000,17.000000,0.600000,1.000000,13.400000,1.000000,0.000000,0.000000,2.300000,0.101000,1.000000,1.600000,1.000000,0.000000,1.000000,0.090000,2.300000,0.700000,2.000000,2.343000,7.000000,-3.000000,17.000000,1.000000,0.000000,0.000000,0.000000,0.000000,0.000000,1.000000,0.000000,0.000000,1.000000,0.000000,0.000000,0.000000,0.000000,0.000000,2.000000,0.000000,0.000000,5.000000,0.000000,0.000000,1.000000,0.000000,0.000000,0.000000,0.000000,4.000000,1.000000,0.000000,2011.000000,1.000000
00:26.079,0.000000,722.000000,17.600000,2.530000,101.000000,85.000000,30.000000,914.000000,27.500000,26.800000,13.500000,15.600000,31.700000,0.700000,1.500000,1.000000,0.700000,19.500000,39.500000,15.200000,46.200000,0.000000,1.000000,0.000000,1.000000,0.700000,0.000000,0.700000,2.300000,0.700000,0.900000,2.000000,0.700000,1.000000,1.300000,15.200000,0.000000,21.000000,0.600000,1.000000,13.400000,1.000000,0.000000,0.000000,2.300000,0.104000,1.000000,1.600000,1.000000,0.000000,1.000000,0.150000,3.100000,0.700000,2.000000,3.125000,6.500000,-3.000000,17.000000,1.000000,0.000000,0.000000,0.000000,0.000000,0.000000,1.000000,0.000000,0.000000,1.000000,0.000000,0.000000,0.000000,0.000000,0.000000,2.000000,0.000000,0.000000,5.000000,0.000000,0.000000,1.000000,0.000000,0.000000,0.000000,0.000000,4.000000,1.000000,0.000000,2011.000000,1.000000
00:26.361,0.000000,716.000000,17.600000,2.530000,101.000000,85.000000,30.000000,914.000000,27.500000,26.800000,13.500000,15.600000,31.700000,0.700000,1.500000,1.000000,0.700000,19.500000,39.500000,15.200000,46.200000,0.000000,1.000000,0.000000,1.000000,0.700000,0.000000,0.700000,2.300000,0.700000,0.900000,2.000000,0.700000,1.000000,1.300000,15.200000,0.000000,17.000000,0.600000,1.000000,13.400000,1.000000,0.000000,0.000000,2.300000,0.104000,1.000000,1.600000,1.000000,0.000000,1.000000,0.700000,1.500000,0.700000,2.000000,1.562000,6.500000,-3.000000,17.000000,1.000000,0.000000,0.000000,0.000000,0.000000,0.000000,1.000000,0.000000,0.000000,1.000000,0.000000,0.000000,0.000000,0.000000,0.000000,2.000000,0.000000,0.000000,5.000000,0.000000,0.000000,1.000000,0.000000,0.000000,0.000000,0.000000,4.000000,1.000000,0.000000,2011.000000,1.000000
00:26.644,0.000000,723.000000,17.200000,2.510000,101.000000,85.000000,30.000000,915.000000,27.500000,26.800000,13.500000,15.600000,31.700000,0.700000,1.500000,1.000000,0.700000,19.500000,39.500000,15.200000,46.200000,0.000000,1.000000,0.000000,1.000000,0.700000,0.000000,0.700000,2.300000,0.700000,0.900000,2.000000,0.700000,1.000000,1.200000,15.200000,0.000000,18.000000,0.600000,1.000000,13.400000,1.000000,0.000000,0.000000,2.300000,0.104000,1.000000,1.600000,1.000000,0.000000,1.000000,0.760000,1.500000,0.700000,2.000000,1.562000,7.500000,-3.000000,17.000000,1.000000,0.000000,0.000000,0.000000,0.000000,0.000000,1.000000,0.000000,0.000000,1.000000,0.000000,0.000000,0.000000,0.000000,0.000000,2.000000,0.000000,0.000000,5.000000,0.000000,0.000000,1.000000,0.000000,0.000000,0.000000,0.000000,4.000000,1.000000,0.000000,2011.000000,1.000000
00:26.927,0.000000,715.000000,17.600000,2.540000,101.000000,85.000000,30.000000,915.000000,27.500000,26.800000,13.500000,15.600000,31.700000,0.700000,1.500000,1.000000,0.700000,19.500000,39.500000,15.200000,46.200000,0.000000,1.000000,0.000000,1.000000,0.700000,0.000000,0.700000,2.300000,0.700000,0.900000,2.000000,0.700000,1.000000,1.200000,15.200000,0.000000,16.000000,0.600000,1.000000,13.400000,1.000000,0.000000,0.000000,2.300000,0.104000,1.000000,1.600000,1.000000,0.000000,1.000000,0.780000,0.700000,0.700000,2.000000,0.781000,8.000000,-3.000000,17.000000,1.000000,0.000000,0.000000,0.000000,0.000000,0.000000,1.000000,0.000000,0.000000,1.000000,0.000000,0.000000,0.000000,0.000000,0.000000,2.000000,0.000000,0.000000,5.000000,0.000000,0.000000,1.000000,0.000000,0.000000,0.000000,0.000000,4.000000,1.000000,0.000000,2011.000000,1.000000
00:27.209,0.000000,715.000000,17.600000,2.530000,101.000000,85.000000,30.000000,915.000000,27.500000,26.800000,13.500000,15.600000,31.700000,0.700000,1.500000,1.000000,0.700000,19.500000,39.500000,15.200000,46.200000,0.000000,1.000000,0.000000,1.000000,0.700000,0.000000,0.700000,2.300000,0.700000,0.900000,2.000000,0.700000,1.000000,1.300000,15.200000,0.000000,21.000000,0.600000,1.000000,13.400000,1.000000,0.000000,0.000000,2.300000,0.104000,1.000000,1.600000,1.000000,0.000000,1.000000,0.800000,0.700000,0.700000,2.000000,0.781000,8.000000,-3.000000,17.000000,1.000000,0.000000,0.000000,0.000000,0.000000,0.000000,1.000000,0.000000,0.000000,1.000000,0.000000,0.000000,0.000000,0.000000,0.000000,2.000000,0.000000,0.000000,5.000000,0.000000,0.000000,1.000000,0.000000,0.000000,0.000000,0.000000,4.000000,1.000000,0.000000,2011.000000,1.000000
00:27.492,0.000000,711.000000,17.600000,2.530000,101.000000,85.000000,30.000000,916.000000,27.500000,26.800000,13.500000,15.600000,31.700000,0.700000,1.500000,1.000000,0.700000,19.500000,39.500000,15.200000,46.200000,0.000000,1.000000,0.000000,1.000000,0.700000,0.000000,0.700000,2.300000,0.700000,0.900000,2.000000,0.700000,1.000000,1.200000,15.200000,0.000000,16.000000,0.600000,1.000000,13.400000,1.000000,0.000000,0.000000,2.300000,0.104000,1.000000,1.600000,1.000000,0.000000,1.000000,0.800000,0.000000,0.700000,2.000000,0.000000,8.000000,-3.000000,17.000000,1.000000,0.000000,0.000000,0.000000,0.000000,0.000000,1.000000,0.000000,0.000000,1.000000,0.000000,0.000000,0.000000,0.000000,0.000000,2.000000,0.000000,0.000000,5.000000,0.000000,0.000000,1.000000,0.000000,0.000000,0.000000,0.000000,4.000000,1.000000,0.000000,2011.000000,1.000000
00:27.774,0.000000,712.000000,17.600000,2.510000,101.000000,85.000000,30.000000,916.000000,27.500000,26.800000,13.500000,15.600000,31.700000,0.700000,1.500000,1.000000,0.700000,19.500000,39.500000,15.200000,46.200000,0.000000,1.000000,0.000000,1.000000,0.700000,0.000000,0.700000,2.300000,0.700000,0.900000,2.000000,0.700000,1.000000,1.200000,15.200000,0.000000,18.000000,0.600000,1.000000,13.400000,1.000000,0.000000,0.000000,2.300000,0.103000,1.000000,1.600000,1.000000,0.000000,1.000000,0.780000,0.000000,0.700000,2.000000,0.000000,8.000000,-3.000000,17.000000,1.000000,0.000000,0.000000,0.000000,0.000000,0.000000,1.000000,0.000000,0.000000,1.000000,0.000000,0.000000,0.000000,0.000000,0.000000,2.000000,0.000000,0.000000,5.000000,0.000000,0.000000,1.000000,0.000000,0.000000,0.000000,0.000000,4.000000,1.000000,0.000000,2011.000000,1.000000
00:28.236,0.000000,718.000000,17.200000,2.500000,101.000000,85.000000,30.000000,916.000000,27.500000,26.800000,13.500000,15.600000,31.700000,0.700000,1.500000,1.000000,0.700000,19.500000,39.500000,15.200000,46.200000,0.000000,1.000000,0.000000,1.000000,0.700000,0.000000,0.700000,2.300000,0.700000,0.900000,2.000000,0.700000,1.000000,1.200000,15.200000,0.000000,21.000000,0.600000,1.000000,13.400000,1.000000,0.000000,0.000000,2.300000,0.103000,1.000000,1.600000,1.000000,0.000000,1.000000,0.760000,-0.800000,0.700000,2.000000,-0.782000,8.500000,-3.000000,17.000000,1.000000,0.000000,0.000000,0.000000,0.000000,0.000000,1.000000,0.000000,0.000000,1.000000,0.000000,0.000000,0.000000,0.000000,0.000000,2.000000,0.000000,0.000000,5.000000,0.000000,0.000000,1.000000,0.000000,0.000000,0.000000,0.000000,4.000000,1.000000,0.000000,2011.000000,1.000000
00:28.519,0.000000,725.000000,17.600000,2.530000,101.000000,85.000000,30.000000,917.000000,27.500000,26.800000,13.500000,15.600000,31.700000,0.700000,1.500000,1.000000,0.700000,19.500000,39.500000,15.200000,46.200000,0.000000,1.000000,0.000000,1.000000,0.700000,0.000000,0.700000,2.300000,0.700000,0.900000,2.000000,0.700000,1.000000,1.200000,15.200000,0.000000,16.000000,0.600000,1.000000,13.400000,1.000000,0.000000,0.000000,2.170000,0.103000,1.000000,1.600000,1.000000,0.000000,1.000000,0.740000,-1.600000,0.700000,2.000000,-1.563000,8.500000,-3.000000,17.000000,1.000000,0.000000,0.000000,0.000000,0.000000,0.000000,1.000000,0.000000,0.000000,1.000000,0.000000,0.000000,0.000000,0.000000,0.000000,2.000000,0.000000,0.000000,5.000000,0.000000,0.000000,1.000000,0.000000,0.000000,0.000000,0.000000,4.000000,1.000000,0.000000,2011.000000,1.000000
00:28.801,0.000000,714.000000,17.600000,2.530000,101.000000,85.000000,30.000000,917.000000,27.500000,26.800000,13.500000,15.600000,31.700000,0.700000,1.500000,1.000000,0.700000,19.500000,39.500000,15.200000,46.200000,0.000000,1.000000,0.000000,1.000000,0.700000,0.000000,0.700000,2.300000,0.700000,0.900000,2.000000,0.700000,1.000000,1.100000,15.200000,0.000000,18.000000,0.600000,1.000000,13.400000,1.000000,0.000000,0.000000,2.170000,0.103000,1.000000,1.600000,1.000000,0.000000,1.000000,0.700000,-1.600000,0.700000,2.000000,-1.563000,9.000000,-3.000000,17.000000,1.000000,0.000000,0.000000,0.000000,0.000000,0.000000,1.000000,0.000000,0.000000,1.000000,0.000000,0.000000,0.000000,0.000000,0.000000,2.000000,0.000000,0.000000,5.000000,0.000000,0.000000,1.000000,0.000000,0.000000,0.000000,0.000000,4.000000,1.000000,0.000000,2011.000000,1.000000
00:29.084,0.000000,708.000000,18.000000,2.530000,101.000000,85.000000,30.000000,917.000000,27.500000,26.800000,13.500000,15.600000,31.700000,0.700000,1.500000,1.000000,0.700000,19.500000,39.500000,15.200000,46.200000,0.000000,1.000000,0.000000,1.000000,0.700000,0.000000,0.700000,2.300000,0.700000,0.900000,2.000000,0.700000,1.000000,1.200000,15.200000,0.000000,21.000000,0.600000,1.000000,13.400000,1.000000,0.000000,0.000000,2.170000,0.103000,1.000000,1.600000,1.000000,0.000000,1.000000,0.560000,-2.400000,0.700000,2.000000,-2.344000,9.500000,-3.000000,17.000000,1.000000,0.000000,0.000000,0.000000,0.000000,0.000000,1.000000,0.000000,0.000000,1.000000,0.000000,0.000000,0.000000,0.000000,0.000000,2.000000,0.000000,0.000000,5.000000,0.000000,0.000000,1.000000,0.000000,0.000000,0.000000,0.000000,4.000000,1.000000,0.000000,2011.000000,1.000000
00:29.367,0.000000,713.000000,17.600000,2.530000,101.000000,85.000000,30.000000,917.000000,27.500000,26.800000,13.500000,15.600000,31.700000,0.700000,1.500000,1.000000,0.700000,19.500000,39.500000,15.200000,46.200000,0.000000,1.000000,0.000000,1.000000,0.700000,0.000000,0.700000,2.300000,0.700000,0.900000,2.000000,0.700000,1.000000,1.200000,15.200000,0.000000,21.000000,0.600000,1.000000,13.400000,1.000000,0.000000,0.000000,2.300000,0.101000,1.000000,1.600000,1.000000,0.000000,1.000000,0.110000,0.000000,0.700000,2.000000,0.000000,8.500000,-3.000000,17.000000,1.000000,0.000000,0.000000,0.000000,0.000000,0.000000,1.000000,0.000000,0.000000,1.000000,0.000000,0.000000,0.000000,0.000000,0.000000,2.000000,0.000000,0.000000,5.000000,0.000000,0.000000,1.000000,0.000000,0.000000,0.000000,0.000000,4.000000,1.000000,0.000000,2011.000000,1.000000
00:29.649,0.000000,711.000000,17.600000,2.530000,101.000000,85.000000,30.000000,918.000000,27.500000,26.800000,13.500000,15.600000,31.700000,0.700000,1.500000,1.000000,0.700000,19.500000,39.500000,15.200000,46.200000,0.000000,1.000000,0.000000,1.000000,0.700000,0.000000,0.700000,2.300000,0.700000,0.900000,2.000000,0.700000,1.000000,1.200000,15.200000,0.000000,17.000000,0.600000,1.000000,13.400000,1.000000,0.000000,0.000000,2.300000,0.101000,1.000000,1.600000,1.000000,0.000000,1.000000,0.050000,0.000000,0.700000,2.000000,0.000000,8.000000,-3.000000,17.000000,1.000000,0.000000,0.000000,0.000000,0.000000,0.000000,1.000000,0.000000,0.000000,1.000000,0.000000,0.000000,0.000000,0.000000,0.000000,2.000000,0.000000,0.000000,5.000000,0.000000,0.000000,1.000000,0.000000,0.000000,0.000000,0.000000,4.000000,1.000000,0.000000,2011.000000,1.000000
00:29.932,0.000000,717.000000,17.600000,2.530000,101.000000,85.000000,30.000000,918.000000,27.500000,26.800000,13.500000,15.600000,31.700000,0.700000,1.500000,1.000000,0.700000,19.500000,39.500000,15.200000,46.200000,0.000000,1.000000,0.000000,1.000000,0.700000,0.000000,0.700000,2.300000,0.700000,0.900000,2.000000,0.700000,1.000000,1.200000,15.200000,0.000000,19.000000,0.600000,1.000000,13.400000,1.000000,0.000000,0.000000,2.300000,0.101000,1.000000,1.600000,1.000000,0.000000,1.000000,0.050000,0.700000,0.700000,2.000000,0.781000,7.500000,-3.000000,17.000000,1.000000,0.000000,0.000000,0.000000,0.000000,0.000000,1.000000,0.000000,0.000000,1.000000,0.000000,0.000000,0.000000,0.000000,0.000000,2.000000,0.000000,0.000000,5.000000,0.000000,0.000000,1.000000,0.000000,0.000000,0.000000,0.000000,4.000000,1.000000,0.000000,2011.000000,1.000000
00:30.214,0.000000,712.000000,17.600000,2.530000,101.000000,85.000000,30.000000,918.000000,27.500000,26.800000,13.500000,15.600000,31.700000,0.700000,1.500000,1.000000,0.700000,19.500000,39.500000,15.200000,46.200000,0.000000,1.000000,0.000000,1.000000,0.700000,0.000000,0.700000,2.300000,0.700000,0.900000,2.000000,0.700000,1.000000,1.200000,15.200000,0.000000,20.000000,0.600000,1.000000,13.400000,1.000000,0.000000,0.000000,2.300000,0.101000,1.000000,1.600000,1.000000,0.000000,1.000000,0.070000,1.500000,0.700000,2.000000,1.562000,7.500000,-3.000000,17.000000,1.000000,0.000000,0.000000,0.000000,0.000000,0.000000,1.000000,0.000000,0.000000,1.000000,0.000000,0.000000,0.000000,0.000000,0.000000,2.000000,0.000000,0.000000,5.000000,0.000000,0.000000,1.000000,0.000000,0.000000,0.000000,0.000000,4.000000,1.000000,0.000000,2011.000000,1.000000
00:30.497,0.000000,714.000000,17.600000,2.530000,101.000000,85.000000,30.000000,919.000000,27.500000,26.800000,13.500000,15.600000,31.700000,0.700000,1.500000,1.000000,0.700000,19.500000,39.500000,15.200000,46.200000,0.000000,1.000000,0.000000,1.000000,0.700000,0.000000,0.700000,2.300000,0.700000,0.900000,2.000000,0.700000,1.000000,1.300000,15.200000,0.000000,22.000000,0.600000,1.000000,13.400000,1.000000,0.000000,0.000000,2.300000,0.101000,1.000000,1.600000,1.000000,0.000000,1.000000,0.090000,2.300000,0.700000,2.000000,2.343000,7.000000,-3.000000,17.000000,1.000000,0.000000,0.000000,0.000000,0.000000,0.000000,1.000000,0.000000,0.000000,1.000000,0.000000,0.000000,0.000000,0.000000,0.000000,2.000000,0.000000,0.000000,5.000000,0.000000,0.000000,1.000000,0.000000,0.000000,0.000000,0.000000,4.000000,1.000000,0.000000,2011.000000,1.000000
00:30.780,0.000000,721.000000,17.600000,2.530000,101.000000,85.000000,30.000000,919.000000,27.500000,26.800000,13.500000,15.600000,31.700000,0.700000,1.500000,1.000000,0.700000,19.500000,39.500000,15.200000,46.200000,0.000000,1.000000,0.000000,1.000000,0.700000,0.000000,0.700000,2.300000,0.700000,0.900000,2.000000,0.700000,1.000000,1.300000,15.200000,0.000000,19.000000,0.600000,1.000000,13.400000,1.000000,0.000000,0.000000,2.300000,0.101000,1.000000,1.600000,1.000000,0.000000,1.000000,0.680000,0.700000,0.700000,2.000000,0.781000,6.500000,-3.000000,17.000000,1.000000,0.000000,0.000000,0.000000,0.000000,0.000000,1.000000,0.000000,0.000000,1.000000,0.000000,0.000000,0.000000,0.000000,0.000000,2.000000,0.000000,0.000000,5.000000,0.000000,0.000000,1.000000,0.000000,0.000000,0.000000,0.000000,4.000000,1.000000,0.000000,2011.000000,1.000000
00:31.062,0.000000,721.000000,17.600000,2.510000,101.000000,85.000000,30.000000,919.000000,27.500000,26.800000,13.500000,15.600000,31.700000,0.700000,1.500000,1.000000,0.700000,19.500000,39.500000,15.200000,46.200000,0.000000,1.000000,0.000000,1.000000,0.700000,0.000000,0.700000,2.300000,0.700000,0.900000,2.000000,0.700000,1.000000,1.300000,15.200000,0.000000,21.000000,0.600000,1.000000,13.400000,1.000000,0.000000,0.000000,2.300000,0.103000,1.000000,1.600000,1.000000,0.000000,1.000000,0.760000,0.700000,0.700000,2.000000,0.781000,7.500000,-3.000000,17.000000,1.000000,0.000000,0.000000,0.000000,0.000000,0.000000,1.000000,0.000000,0.000000,1.000000,0.000000,0.000000,0.000000,0.000000,0.000000,2.000000,0.000000,0.000000,5.000000,0.000000,0.000000,1.000000,0.000000,0.000000,0.000000,0.000000,4.000000,1.000000,0.000000,2011.000000,1.000000
00:31.386,0.000000,724.000000,17.600000,2.560000,101.000000,85.000000,30.000000,919.000000,27.500000,26.800000,13.500000,15.600000,31.700000,0.700000,1.500000,1.000000,0.700000,19.500000,39.500000,15.200000,46.200000,0.000000,1.000000,0.000000,1.000000,0.700000,0.000000,0.700000,2.300000,0.700000,0.900000,2.000000,0.700000,1.000000,1.300000,15.200000,0.000000,21.000000,0.600000,1.000000,13.400000,1.000000,0.000000,0.000000,2.170000,0.103000,1.000000,1.600000,1.000000,0.000000,1.000000,0.800000,0.000000,0.700000,2.000000,0.000000,7.500000,-3.000000,17.000000,1.000000,0.000000,0.000000,0.000000,0.000000,0.000000,1.000000,0.000000,0.000000,1.000000,0.000000,0.000000,0.000000,0.000000,0.000000,2.000000,0.000000,0.000000,5.000000,0.000000,0.000000,1.000000,0.000000,0.000000,0.000000,0.000000,4.000000,1.000000,0.000000,2011.000000,1.000000
00:31.668,0.000000,722.000000,17.200000,2.510000,101.000000,85.000000,30.000000,920.000000,27.500000,26.800000,13.500000,15.600000,31.700000,0.700000,1.500000,1.000000,0.700000,19.500000,39.500000,15.200000,46.200000,0.000000,1.000000,0.000000,1.000000,0.700000,0.000000,0.700000,2.300000,0.700000,0.900000,2.000000,0.700000,1.000000,1.300000,15.200000,0.000000,18.000000,0.600000,1.000000,13.400000,1.000000,0.000000,0.000000,2.170000,0.103000,1.000000,1.600000,1.000000,0.000000,1.000000,0.800000,0.000000,0.700000,2.000000,0.000000,8.000000,-3.000000,17.000000,1.000000,0.000000,0.000000,0.000000,0.000000,0.000000,1.000000,0.000000,0.000000,1.000000,0.000000,0.000000,0.000000,0.000000,0.000000,2.000000,0.000000,0.000000,5.000000,0.000000,0.000000,1.000000,0.000000,0.000000,0.000000,0.000000,4.000000,1.000000,0.000000,2011.000000,1.000000
00:31.951,0.000000,712.000000,17.600000,2.530000,101.000000,85.000000,30.000000,920.000000,27.500000,26.800000,13.500000,15.600000,31.700000,0.700000,1.500000,1.000000,0.700000,19.500000,39.500000,15.200000,46.200000,0.000000,1.000000,0.000000,1.000000,0.700000,0.000000,0.700000,2.300000,0.700000,0.900000,2.000000,0.700000,1.000000,1.200000,15.200000,0.000000,19.000000,0.600000,1.000000,13.400000,1.000000,0.000000,0.000000,2.300000,0.103000,1.000000,1.600000,1.000000,0.000000,1.000000,0.780000,-0.800000,0.700000,2.000000,-0.782000,8.500000,-3.000000,17.000000,1.000000,0.000000,0.000000,0.000000,0.000000,0.000000,1.000000,0.000000,0.000000,1.000000,0.000000,0.000000,0.000000,0.000000,0.000000,2.000000,0.000000,0.000000,5.000000,0.000000,0.000000,1.000000,0.000000,0.000000,0.000000,0.000000,4.000000,1.000000,0.000000,2011.000000,1.000000
00:32.234,0.000000,718.000000,17.600000,2.530000,101.000000,85.000000,30.000000,920.000000,27.500000,26.800000,13.500000,15.600000,31.700000,0.700000,1.500000,1.000000,0.700000,19.500000,39.500000,15.200000,46.200000,0.000000,1.000000,0.000000,1.000000,0.700000,0.000000,0.700000,2.300000,0.700000,0.900000,2.000000,0.700000,1.000000,1.200000,15.200000,0.000000,15.000000,0.600000,1.000000,13.400000,1.000000,0.000000,0.000000,2.170000,0.103000,1.000000,1.600000,1.000000,0.000000,1.000000,0.760000,-0.800000,0.700000,2.000000,-0.782000,8.500000,-3.000000,17.000000,1.000000,0.000000,0.000000,0.000000,0.000000,0.000000,1.000000,0.000000,0.000000,1.000000,0.000000,0.000000,0.000000,0.000000,0.000000,2.000000,0.000000,0.000000,5.000000,0.000000,0.000000,1.000000,0.000000,0.000000,0.000000,0.000000,4.000000,1.000000,0.000000,2011.000000,1.000000
00:32.516,0.000000,726.000000,17.600000,2.530000,101.000000,85.000000,30.000000,921.000000,27.500000,26.800000,13.500000,15.600000,31.700000,0.700000,1.500000,1.000000,0.700000,19.500000,39.500000,15.200000,46.200000,0.000000,1.000000,0.000000,1.000000,0.700000,0.000000,0.700000,2.300000,0.700000,0.900000,2.000000,0.700000,1.000000,1.200000,15.200000,0.000000,18.000000,0.600000,1.000000,13.400000,1.000000,0.000000,0.000000,2.170000,0.103000,1.000000,1.600000,1.000000,0.000000,1.000000,0.740000,-1.600000,0.700000,2.000000,-1.563000,8.500000,-3.000000,17.000000,1.000000,0.000000,0.000000,0.000000,0.000000,0.000000,1.000000,0.000000,0.000000,1.000000,0.000000,0.000000,0.000000,0.000000,0.000000,2.000000,0.000000,0.000000,5.000000,0.000000,0.000000,1.000000,0.000000,0.000000,0.000000,0.000000,4.000000,1.000000,0.000000,2011.000000,1.000000
00:32.799,0.000000,732.000000,17.200000,2.530000,101.000000,85.000000,30.000000,921.000000,27.500000,26.800000,13.500000,15.600000,31.700000,0.700000,1.500000,1.000000,0.700000,19.500000,39.500000,15.200000,46.200000,0.000000,1.000000,0.000000,1.000000,0.700000,0.000000,0.700000,2.300000,0.700000,0.900000,2.000000,0.700000,1.000000,1.200000,15.200000,0.000000,21.000000,0.600000,1.000000,13.400000,1.000000,0.000000,0.000000,2.170000,0.101000,1.000000,1.600000,1.000000,0.000000,1.000000,0.720000,-1.600000,0.700000,2.000000,-1.563000,9.000000,-3.000000,17.000000,1.000000,0.000000,0.000000,0.000000,0.000000,0.000000,1.000000,0.000000,0.000000,1.000000,0.000000,0.000000,0.000000,0.000000,0.000000,2.000000,0.000000,0.000000,5.000000,0.000000,0.000000,1.000000,0.000000,0.000000,0.000000,0.000000,4.000000,1.000000,0.000000,2011.000000,1.000000
00:33.081,0.000000,734.000000,17.200000,2.540000,101.000000,85.000000,30.000000,921.000000,27.500000,26.800000,13.500000,15.600000,31.700000,0.700000,1.500000,1.000000,0.700000,19.500000,39.500000,15.200000,46.200000,0.000000,1.000000,0.000000,1.000000,0.700000,0.000000,0.700000,2.300000,0.700000,0.900000,2.000000,0.700000,1.000000,1.100000,15.200000,0.000000,16.000000,0.600000,1.000000,13.400000,1.000000,0.000000,0.000000,2.170000,0.101000,1.000000,1.600000,1.000000,0.000000,1.000000,0.680000,-2.400000,0.700000,2.000000,-2.344000,9.000000,-3.000000,17.000000,1.000000,0.000000,0.000000,0.000000,0.000000,0.000000,1.000000,0.000000,0.000000,1.000000,0.000000,0.000000,0.000000,0.000000,0.000000,2.000000,0.000000,0.000000,5.000000,0.000000,0.000000,1.000000,0.000000,0.000000,0.000000,0.000000,4.000000,1.000000,0.000000,2011.000000,1.000000
00:33.364,0.000000,729.000000,17.200000,2.530000,101.000000,85.000000,30.000000,921.000000,27.500000,26.800000,13.500000,15.600000,31.700000,0.700000,1.500000,1.000000,0.700000,19.500000,39.500000,15.200000,46.200000,0.000000,1.000000,0.000000,1.000000,0.700000,0.000000,0.700000,2.300000,0.700000,0.900000,2.000000,0.700000,1.000000,1.200000,15.200000,0.000000,17.000000,0.600000,1.000000,13.400000,1.000000,0.000000,0.000000,2.170000,0.101000,1.000000,1.600000,1.000000,0.000000,1.000000,0.210000,-0.800000,0.700000,2.000000,-0.782000,10.000000,-3.000000,17.000000,1.000000,0.000000,0.000000,0.000000,0.000000,0.000000,1.000000,0.000000,0.000000,1.000000,0.000000,0.000000,0.000000,0.000000,0.000000,2.000000,0.000000,0.000000,5.000000,0.000000,0.000000,1.000000,0.000000,0.000000,0.000000,0.000000,4.000000,1.000000,0.000000,2011.000000,1.000000
00:33.647,0.000000,735.000000,17.200000,2.510000,101.000000,85.000000,30.000000,922.000000,27.500000,26.800000,13.500000,15.600000,31.700000,0.700000,1.500000,1.000000,0.700000,19.500000,39.500000,15.200000,46.200000,0.000000,1.000000,0.000000,1.000000,0.700000,0.000000,0.700000,2.300000,0.700000,0.900000,2.000000,0.700000,1.000000,1.200000,15.200000,0.000000,19.000000,0.600000,1.000000,13.400000,1.000000,0.000000,0.000000,2.170000,0.101000,1.000000,1.600000,1.000000,0.000000,1.000000,0.050000,0.000000,0.700000,2.000000,0.000000,9.000000,-3.000000,17.000000,1.000000,0.000000,0.000000,0.000000,0.000000,0.000000,1.000000,0.000000,0.000000,1.000000,0.000000,0.000000,0.000000,0.000000,0.000000,2.000000,0.000000,0.000000,5.000000,0.000000,0.000000,1.000000,0.000000,0.000000,0.000000,0.000000,4.000000,1.000000,0.000000,2011.000000,1.000000
00:33.929,0.000000,721.000000,17.600000,2.510000,101.000000,85.000000,30.000000,922.000000,27.500000,26.800000,13.500000,15.600000,31.700000,0.700000,1.500000,1.000000,0.700000,19.500000,39.500000,15.200000,46.200000,0.000000,1.000000,0.000000,1.000000,0.700000,0.000000,0.700000,2.300000,0.700000,0.900000,2.000000,0.700000,1.000000,1.400000,15.200000,0.000000,21.000000,0.600000,1.000000,13.400000,1.000000,0.000000,0.000000,2.300000,0.101000,1.000000,1.600000,1.000000,0.000000,1.000000,0.030000,0.000000,0.700000,2.000000,0.000000,8.500000,-3.000000,17.000000,1.000000,0.000000,0.000000,0.000000,0.000000,0.000000,1.000000,0.000000,0.000000,1.000000,0.000000,0.000000,0.000000,0.000000,0.000000,2.000000,0.000000,0.000000,5.000000,0.000000,0.000000,1.000000,0.000000,0.000000,0.000000,0.000000,4.000000,1.000000,0.000000,2011.000000,1.000000
00:34.391,0.000000,713.000000,17.600000,2.500000,101.000000,85.000000,30.000000,922.000000,27.500000,26.800000,13.500000,15.600000,31.700000,0.700000,1.500000,1.000000,0.700000,19.500000,39.500000,15.200000,46.200000,0.000000,1.000000,0.000000,1.000000,0.700000,0.000000,0.700000,2.300000,0.700000,0.900000,2.000000,0.700000,1.000000,1.100000,15.200000,0.000000,18.000000,0.600000,1.000000,13.400000,1.000000,0.000000,0.000000,2.170000,0.099000,1.000000,1.600000,1.000000,0.000000,1.000000,0.050000,1.500000,0.700000,2.000000,1.562000,8.500000,-3.000000,17.000000,1.000000,0.000000,0.000000,0.000000,0.000000,0.000000,1.000000,0.000000,0.000000,1.000000,0.000000,0.000000,0.000000,0.000000,0.000000,2.000000,0.000000,0.000000,5.000000,0.000000,0.000000,1.000000,0.000000,0.000000,0.000000,0.000000,4.000000,1.000000,0.000000,2011.000000,1.000000
00:34.674,0.000000,710.000000,17.600000,2.480000,101.000000,85.000000,30.000000,923.000000,27.500000,26.800000,13.500000,15.600000,31.700000,0.700000,1.500000,1.000000,0.700000,19.500000,39.500000,15.200000,46.200000,0.000000,1.000000,0.000000,1.000000,0.700000,0.000000,0.700000,2.300000,0.700000,0.900000,2.000000,0.700000,1.000000,1.000000,15.200000,0.000000,12.000000,0.600000,1.000000,13.400000,1.000000,0.000000,0.000000,2.300000,0.099000,1.000000,1.600000,1.000000,0.000000,1.000000,0.070000,1.500000,0.700000,2.000000,1.562000,7.500000,-3.000000,17.000000,1.000000,0.000000,0.000000,0.000000,0.000000,0.000000,1.000000,0.000000,0.000000,1.000000,0.000000,0.000000,0.000000,0.000000,0.000000,2.000000,0.000000,0.000000,5.000000,0.000000,0.000000,1.000000,0.000000,0.000000,0.000000,0.000000,4.000000,1.000000,0.000000,2011.000000,1.000000
00:34.956,0.000000,708.000000,17.600000,2.510000,101.000000,85.000000,30.000000,923.000000,27.500000,26.800000,13.500000,16.800000,32.500000,0.700000,1.500000,1.000000,0.700000,19.500000,39.500000,15.200000,46.200000,0.000000,1.000000,0.000000,1.000000,0.700000,0.000000,0.700000,2.300000,0.700000,0.900000,2.000000,0.700000,1.000000,1.000000,15.200000,0.000000,16.000000,0.600000,1.000000,13.400000,1.000000,0.000000,0.000000,2.300000,0.099000,1.000000,1.600000,1.000000,0.000000,1.000000,0.480000,2.300000,0.700000,2.000000,2.343000,7.000000,-3.000000,17.000000,1.000000,0.000000,0.000000,0.000000,0.000000,0.000000,1.000000,0.000000,0.000000,1.000000,0.000000,0.000000,0.000000,0.000000,0.000000,2.000000,0.000000,0.000000,5.000000,0.000000,0.000000,1.000000,0.000000,0.000000,0.000000,0.000000,4.000000,1.000000,0.000000,2011.000000,1.000000
00:35.239,0.000000,710.000000,33.300000,4.710000,101.000000,85.000000,30.000000,923.000000,27.500000,26.800000,13.500000,21.900000,38.000000,0.900000,1.700000,0.000000,0.900000,19.500000,39.500000,18.000000,49.800000,0.000000,1.000000,0.000000,1.000000,0.700000,2.700000,0.700000,2.300000,0.700000,0.900000,2.000000,0.700000,1.000000,0.300000,18.800000,0.000000,1.000000,0.600000,1.000000,13.400000,1.000000,0.000000,0.000000,1.400000,0.099000,1.000000,1.500000,1.000000,0.000000,1.000000,0.740000,0.700000,0.000000,2.000000,0.781000,8.000000,-3.000000,17.000000,1.000000,0.000000,0.000000,0.000000,0.000000,0.000000,1.000000,0.000000,0.000000,0.000000,0.000000,0.000000,0.000000,0.000000,0.000000,2.000000,0.000000,0.000000,5.000000,0.000000,0.000000,1.000000,0.000000,0.000000,0.000000,0.000000,4.000000,1.000000,0.000000,2011.000000,1.000000
00:35.521,0.000000,903.000000,88.600000,15.810000,101.000000,85.000000,30.000000,923.000000,27.500000,26.800000,13.500000,25.800000,41.900000,1.200000,1.900000,0.000000,1.200000,19.500000,39.500000,23.500000,56.800000,0.000000,1.000000,0.000000,0.000000,1.000000,7.800000,0.900000,2.600000,1.000000,0.900000,2.000000,0.900000,1.000000,0.900000,23.900000,21.000000,0.000000,0.600000,1.000000,13.500000,1.000000,0.000000,0.000000,4.600000,0.099000,1.000000,0.000000,0.000000,0.000000,1.000000,0.820000,-0.800000,0.000000,2.000000,-0.782000,-2.500000,-3.000000,17.000000,1.000000,0.000000,0.000000,0.000000,0.000000,0.000000,1.000000,0.000000,0.000000,0.000000,0.000000,0.000000,0.000000,0.000000,0.000000,2.000000,0.000000,0.000000,5.000000,0.000000,0.000000,1.000000,0.000000,0.000000,0.000000,0.000000,4.000000,1.000000,0.000000,2011.000000,1.000000
00:35.804,0.000000,1542.000000,55.200000,16.890000,101.000000,85.000000,30.000000,924.000000,27.500000,26.800000,13.600000,25.400000,41.500000,1.300000,2.100000,0.000000,1.300000,19.500000,39.500000,25.000000,58.400000,0.000000,1.000000,0.000000,0.000000,1.200000,9.400000,1.200000,2.900000,1.200000,0.900000,2.000000,1.200000,1.000000,1.100000,24.700000,18.000000,0.000000,0.600000,1.000000,13.500000,1.000000,0.000000,0.000000,6.910000,0.168000,1.000000,0.000000,0.000000,0.000000,1.000000,0.780000,-1.600000,0.000000,2.000000,-1.563000,13.000000,-3.000000,17.000000,1.000000,0.000000,0.000000,0.000000,0.000000,0.000000,1.000000,0.000000,0.000000,0.000000,0.000000,0.000000,0.000000,0.000000,0.000000,2.000000,0.000000,0.000000,5.000000,0.000000,0.000000,1.000000,0.000000,0.000000,0.000000,0.000000,4.000000,1.000000,0.000000,2011.000000,1.000000
00:36.086,0.000000,2371.000000,24.300000,11.400000,101.000000,85.000000,30.000000,924.000000,27.500000,26.800000,13.600000,16.000000,31.700000,1.100000,1.900000,0.000000,1.100000,19.500000,39.500000,19.600000,52.100000,0.000000,1.000000,0.000000,0.000000,1.000000,4.700000,1.100000,2.700000,1.000000,0.900000,2.000000,1.100000,1.000000,0.300000,18.800000,8.000000,0.000000,0.600000,1.000000,13.500000,1.000000,0.000000,0.000000,4.480000,0.168000,1.000000,0.000000,0.000000,0.000000,1.000000,0.830000,-3.200000,0.000000,2.000000,-3.125000,22.000000,-3.000000,17.000000,1.000000,0.000000,0.000000,0.000000,0.000000,0.000000,1.000000,0.000000,0.000000,0.000000,0.000000,0.000000,0.000000,0.000000,0.000000,2.000000,0.000000,0.000000,5.000000,0.000000,0.000000,1.000000,0.000000,0.000000,0.000000,0.000000,4.000000,1.000000,0.000000,2011.000000,1.000000
00:36.369,0.000000,2488.000000,7.800000,3.920000,101.000000,85.000000,30.000000,924.000000,27.500000,26.800000,13.600000,15.600000,31.700000,0.700000,1.500000,0.000000,0.700000,19.500000,39.500000,16.000000,47.000000,0.000000,1.000000,0.000000,0.000000,0.700000,0.300000,0.700000,2.300000,0.700000,0.900000,2.000000,0.700000,1.000000,1.500000,16.000000,0.000000,16.000000,0.600000,1.000000,13.500000,1.000000,0.000000,0.000000,1.790000,0.234000,1.000000,0.000000,0.000000,0.000000,1.000000,0.850000,-4.000000,0.700000,2.000000,-3.907000,17.000000,-3.000000,17.000000,1.000000,0.000000,0.000000,0.000000,0.000000,0.000000,1.000000,0.000000,0.000000,1.000000,0.000000,0.000000,0.000000,0.000000,0.000000,2.000000,0.000000,0.000000,5.000000,0.000000,0.000000,1.000000,0.000000,0.000000,0.000000,0.000000,4.000000,1.000000,0.000000,2011.000000,1.000000
00:36.652,0.000000,2150.000000,10.500000,4.600000,101.000000,85.000000,30.000000,925.000000,27.500000,26.800000,13.600000,15.600000,31.700000,0.700000,1.500000,1.000000,0.700000,19.500000,39.500000,16.400000,47.400000,0.000000,1.000000,0.000000,1.000000,0.700000,0.000000,0.800000,2.300000,0.700000,0.900000,2.000000,0.800000,1.000000,0.300000,16.400000,0.000000,2.000000,0.600000,1.000000,13.500000,1.000000,0.000000,0.000000,1.790000,0.234000,1.000000,0.000000,0.000000,0.000000,0.999000,0.760000,0.000000,0.700000,4.000000,0.000000,13.500000,-3.000000,17.000000,1.000000,0.000000,0.000000,0.000000,0.000000,0.000000,1.000000,0.000000,0.000000,1.000000,0.000000,0.000000,0.000000,0.000000,0.000000,2.000000,0.000000,0.000000,5.000000,0.000000,0.000000,1.000000,1.000000,0.000000,0.000000,0.000000,4.000000,1.000000,0.000000,2011.000000,1.000000
00:36.934,0.000000,1792.000000,12.500000,4.450000,101.000000,85.000000,30.000000,925.000000,27.500000,26.800000,13.600000,15.600000,31.700000,0.700000,1.500000,1.000000,0.700000,19.500000,39.500000,16.400000,47.800000,0.000000,1.000000,0.000000,1.000000,0.800000,0.000000,0.800000,2.300000,0.800000,0.900000,2.000000,0.800000,1.000000,0.600000,16.400000,0.000000,9.000000,0.600000,1.000000,13.500000,1.000000,0.000000,0.000000,1.790000,0.234000,1.000000,0.000000,0.000000,0.000000,0.999000,0.000000,0.000000,0.700000,4.000000,0.000000,10.500000,-3.000000,17.000000,1.000000,0.000000,0.000000,0.000000,0.000000,0.000000,1.000000,0.000000,0.000000,1.000000,0.000000,0.000000,0.000000,0.000000,0.000000,2.000000,0.000000,0.000000,5.000000,0.000000,0.000000,1.000000,1.000000,0.000000,0.000000,0.000000,4.000000,1.000000,0.000000,2011.000000,1.000000
00:37.396,0.000000,1257.000000,18.800000,4.680000,101.000000,85.000000,30.000000,925.000000,27.500000,26.800000,13.600000,15.600000,31.700000,0.700000,1.500000,1.000000,0.700000,19.500000,39.500000,16.800000,48.200000,0.000000,1.000000,0.000000,1.000000,0.800000,0.000000,0.800000,2.400000,0.800000,0.900000,2.000000,0.800000,1.000000,0.300000,16.800000,0.000000,4.000000,0.600000,1.000000,13.500000,1.000000,0.000000,0.000000,1.920000,0.234000,1.000000,0.000000,0.000000,0.000000,0.999000,0.000000,0.000000,0.700000,4.000000,0.000000,7.000000,-3.000000,17.000000,1.000000,0.000000,0.000000,0.000000,0.000000,0.000000,1.000000,0.000000,0.000000,1.000000,0.000000,0.000000,0.000000,0.000000,0.000000,2.000000,0.000000,0.000000,5.000000,0.000000,0.000000,1.000000,0.000000,0.000000,0.000000,0.000000,4.000000,1.000000,0.000000,2011.000000,1.000000
00:37.679,0.000000,1015.000000,23.500000,4.760000,101.000000,85.000000,30.000000,926.000000,27.500000,26.800000,13.500000,15.600000,31.700000,0.700000,1.500000,1.000000,0.700000,19.500000,39.500000,16.400000,48.200000,0.000000,1.000000,0.000000,1.000000,0.800000,0.000000,0.800000,2.400000,0.800000,0.900000,2.000000,0.800000,1.000000,1.200000,16.000000,0.000000,20.000000,0.600000,1.000000,13.500000,1.000000,0.000000,0.000000,2.170000,0.234000,1.000000,0.000000,0.000000,0.000000,1.000000,0.000000,0.000000,0.700000,4.000000,0.000000,7.000000,-3.000000,17.000000,1.000000,0.000000,0.000000,0.000000,0.000000,0.000000,1.000000,0.000000,0.000000,1.000000,0.000000,0.000000,0.000000,0.000000,0.000000,2.000000,0.000000,0.000000,5.000000,0.000000,0.000000,1.000000,0.000000,0.000000,0.000000,0.000000,4.000000,1.000000,0.000000,2011.000000,1.000000
00:37.961,0.000000,836.000000,28.600000,4.730000,101.000000,85.000000,30.000000,926.000000,27.500000,26.800000,13.500000,15.600000,31.700000,0.700000,1.500000,1.000000,0.700000,19.500000,39.500000,16.400000,47.800000,0.000000,1.000000,0.000000,1.000000,0.800000,0.000000,0.800000,2.400000,0.800000,0.900000,2.000000,0.800000,1.000000,0.200000,15.600000,0.000000,3.000000,0.600000,1.000000,13.500000,1.000000,0.000000,0.000000,2.430000,0.234000,1.000000,0.000000,0.000000,0.000000,1.000000,0.000000,0.000000,0.700000,2.000000,0.000000,8.000000,-3.000000,17.000000,1.000000,0.000000,0.000000,0.000000,0.000000,0.000000,1.000000,0.000000,0.000000,1.000000,0.000000,0.000000,0.000000,0.000000,0.000000,2.000000,0.000000,0.000000,5.000000,0.000000,0.000000,1.000000,0.000000,0.000000,0.000000,0.000000,4.000000,1.000000,0.000000,2011.000000,1.000000
00:38.244,0.000000,728.000000,27.400000,3.980000,101.000000,85.000000,30.000000,926.000000,27.500000,26.800000,13.500000,15.600000,31.700000,0.700000,1.500000,1.000000,0.700000,19.500000,39.500000,16.000000,47.400000,0.000000,1.000000,0.000000,1.000000,0.800000,0.000000,0.800000,2.300000,0.800000,0.900000,2.000000,0.800000,1.000000,0.700000,16.000000,0.000000,9.000000,0.600000,1.000000,13.500000,1.000000,0.000000,0.000000,2.680000,0.099000,1.000000,0.000000,0.000000,0.000000,1.000000,0.000000,0.700000,0.700000,2.000000,0.781000,8.000000,-3.000000,17.000000,1.000000,0.000000,0.000000,0.000000,0.000000,0.000000,1.000000,0.000000,0.000000,1.000000,0.000000,0.000000,0.000000,0.000000,0.000000,2.000000,0.000000,0.000000,5.000000,0.000000,0.000000,1.000000,0.000000,0.000000,0.000000,0.000000,4.000000,1.000000,0.000000,2011.000000,1.000000
00:38.526,0.000000,700.000000,26.200000,3.650000,101.000000,85.000000,30.000000,926.000000,27.500000,26.800000,13.500000,15.600000,31.700000,0.700000,1.500000,1.000000,0.700000,19.500000,39.500000,16.000000,47.000000,0.000000,1.000000,0.000000,1.000000,0.800000,0.000000,0.800000,2.300000,0.800000,0.900000,2.000000,0.800000,1.000000,0.400000,16.400000,0.000000,7.000000,0.600000,1.000000,13.500000,1.000000,0.000000,0.000000,2.940000,0.099000,1.000000,0.000000,0.000000,0.000000,1.000000,0.000000,1.500000,0.700000,2.000000,1.562000,8.000000,-3.000000,17.000000,1.000000,0.000000,0.000000,0.000000,0.000000,0.000000,1.000000,0.000000,0.000000,1.000000,0.000000,0.000000,0.000000,0.000000,0.000000,2.000000,0.000000,0.000000,5.000000,0.000000,0.000000,1.000000,0.000000,0.000000,0.000000,0.000000,4.000000,1.000000,0.000000,2011.000000,1.000000
00:38.809,0.000000,782.000000,24.300000,3.760000,101.000000,85.000000,30.000000,927.000000,27.500000,26.800000,13.500000,15.600000,31.700000,0.700000,1.500000,1.000000,0.700000,19.500000,39.500000,15.600000,47.000000,0.000000,1.000000,0.000000,1.000000,0.700000,0.000000,0.700000,2.300000,0.700000,0.900000,2.000000,0.700000,1.000000,1.000000,15.600000,0.000000,14.000000,0.600000,1.000000,13.500000,1.000000,0.000000,0.000000,2.940000,0.099000,1.000000,0.000000,0.000000,0.000000,1.000000,0.010000,2.300000,0.700000,2.000000,2.343000,8.000000,-3.000000,17.000000,1.000000,0.000000,0.000000,0.000000,0.000000,0.000000,1.000000,0.000000,0.000000,1.000000,0.000000,0.000000,0.000000,0.000000,0.000000,2.000000,0.000000,0.000000,5.000000,0.000000,0.000000,1.000000,0.000000,0.000000,0.000000,0.000000,4.000000,1.000000,0.000000,2011.000000,1.000000
00:39.092,0.000000,856.000000,20.700000,3.540000,101.000000,85.000000,30.000000,927.000000,27.500000,26.800000,13.500000,15.600000,31.700000,0.700000,1.500000,1.000000,0.700000,19.500000,39.500000,15.600000,47.000000,0.000000,1.000000,0.000000,1.000000,0.700000,0.000000,0.700000,2.300000,0.700000,0.900000,2.000000,0.700000,1.000000,1.100000,15.600000,0.000000,19.000000,0.600000,1.000000,13.500000,1.000000,0.000000,0.000000,2.940000,0.099000,1.000000,0.000000,0.000000,0.000000,1.000000,0.010000,3.100000,0.700000,2.000000,3.125000,8.000000,-3.000000,17.000000,1.000000,0.000000,0.000000,0.000000,0.000000,0.000000,1.000000,0.000000,0.000000,1.000000,0.000000,0.000000,0.000000,0.000000,0.000000,2.000000,0.000000,0.000000,5.000000,0.000000,0.000000,1.000000,0.000000,0.000000,0.000000,0.000000,4.000000,1.000000,0.000000,2011.000000,1.000000
00:39.374,0.000000,900.000000,20.700000,3.750000,101.000000,85.000000,30.000000,927.000000,27.500000,26.800000,13.500000,15.600000,31.700000,0.700000,1.500000,1.000000,0.700000,19.500000,39.500000,15.600000,47.000000,0.000000,1.000000,0.000000,1.000000,0.700000,0.000000,0.700000,2.300000,0.700000,0.900000,2.000000,0.700000,1.000000,1.500000,15.600000,0.000000,18.000000,0.600000,1.000000,13.500000,1.000000,0.000000,0.000000,2.810000,0.099000,1.000000,0.000000,0.000000,0.000000,1.000000,0.010000,3.100000,0.700000,2.000000,3.125000,10.500000,-3.000000,17.000000,1.000000,0.000000,0.000000,0.000000,0.000000,0.000000,1.000000,0.000000,0.000000,1.000000,0.000000,0.000000,0.000000,0.000000,0.000000,2.000000,0.000000,0.000000,5.000000,0.000000,0.000000,1.000000,0.000000,0.000000,0.000000,0.000000,4.000000,1.000000,0.000000,2011.000000,1.000000
00:39.657,0.000000,934.000000,20.000000,3.710000,101.000000,85.000000,30.000000,928.000000,27.500000,26.800000,13.500000,15.600000,31.700000,0.700000,1.500000,1.000000,0.700000,19.500000,39.500000,15.600000,47.000000,0.000000,1.000000,0.000000,1.000000,0.700000,0.000000,0.700000,2.300000,0.700000,0.900000,2.000000,0.700000,1.000000,1.000000,15.600000,0.000000,16.000000,0.600000,1.000000,13.500000,1.000000,0.000000,0.000000,2.680000,0.137000,1.000000,0.000000,0.000000,0.000000,1.000000,0.010000,3.900000,0.700000,2.000000,3.906000,10.500000,-3.000000,17.000000,1.000000,0.000000,0.000000,0.000000,0.000000,0.000000,1.000000,0.000000,0.000000,1.000000,0.000000,0.000000,0.000000,0.000000,0.000000,2.000000,0.000000,0.000000,5.000000,0.000000,0.000000,1.000000,0.000000,0.000000,0.000000,0.000000,4.000000,1.000000,0.000000,2011.000000,1.000000
00:39.939,0.000000,967.000000,20.000000,3.850000,101.000000,85.000000,30.000000,928.000000,27.500000,26.800000,13.500000,15.600000,31.700000,0.700000,1.500000,1.000000,0.700000,19.500000,39.500000,16.000000,47.000000,0.000000,1.000000,0.000000,1.000000,0.800000,0.000000,0.700000,2.300000,0.800000,0.900000,2.000000,0.700000,1.000000,1.000000,16.400000,0.000000,8.000000,0.600000,1.000000,13.500000,1.000000,0.000000,0.000000,2.680000,0.137000,1.000000,0.000000,0.000000,0.000000,1.000000,0.010000,4.600000,0.700000,2.000000,4.687000,10.500000,-3.000000,17.000000,1.000000,0.000000,0.000000,0.000000,0.000000,0.000000,1.000000,0.000000,0.000000,1.000000,0.000000,0.000000,0.000000,0.000000,0.000000,2.000000,0.000000,0.000000,5.000000,0.000000,0.000000,1.000000,0.000000,0.000000,0.000000,0.000000,4.000000,1.000000,0.000000,2011.000000,1.000000
00:40.222,0.000000,975.000000,19.200000,3.760000,101.000000,85.000000,30.000000,928.000000,27.500000,26.800000,13.600000,15.600000,31.700000,0.700000,1.500000,1.000000,0.700000,19.500000,39.500000,16.000000,47.000000,0.000000,1.000000,0.000000,1.000000,0.700000,0.000000,0.800000,2.300000,0.700000,0.900000,2.000000,0.800000,1.000000,0.700000,15.600000,0.000000,20.000000,0.600000,1.000000,13.500000,1.000000,0.000000,0.000000,2.560000,0.137000,1.000000,0.000000,0.000000,0.000000,1.000000,0.030000,5.400000,0.700000,2.000000,5.468000,9.500000,-3.000000,17.000000,1.000000,0.000000,0.000000,0.000000,0.000000,0.000000,1.000000,0.000000,0.000000,1.000000,0.000000,0.000000,0.000000,0.000000,0.000000,2.000000,0.000000,0.000000,5.000000,0.000000,0.000000,1.000000,0.000000,0.000000,0.000000,0.000000,4.000000,1.000000,0.000000,2011.000000,1.000000
00:40.546,0.000000,925.000000,20.700000,3.810000,101.000000,85.000000,30.000000,928.000000,27.500000,26.800000,13.500000,15.600000,31.700000,0.700000,1.500000,1.000000,0.700000,19.500000,39.500000,15.600000,47.000000,0.000000,1.000000,0.000000,1.000000,0.700000,0.000000,0.700000,2.300000,0.700000,0.900000,2.000000,0.700000,1.000000,1.500000,16.400000,0.000000,21.000000,0.600000,1.000000,13.500000,1.000000,0.000000,0.000000,2.560000,0.137000,1.000000,0.000000,0.000000,0.000000,1.000000,0.030000,6.200000,0.700000,2.000000,6.250000,10.500000,-3.000000,17.000000,1.000000,0.000000,0.000000,0.000000,0.000000,0.000000,1.000000,0.000000,0.000000,1.000000,0.000000,0.000000,0.000000,0.000000,0.000000,2.000000,0.000000,0.000000,5.000000,0.000000,0.000000,1.000000,0.000000,0.000000,0.000000,0.000000,4.000000,1.000000,0.000000,2011.000000,1.000000
00:40.828,0.000000,926.000000,20.000000,3.670000,101.000000,85.000000,30.000000,929.000000,27.500000,26.800000,13.500000,15.600000,31.700000,0.700000,1.500000,1.000000,0.700000,19.500000,39.500000,16.000000,47.400000,0.000000,1.000000,0.000000,1.000000,0.800000,0.000000,0.800000,2.300000,0.800000,0.900000,2.000000,0.800000,1.000000,0.400000,16.400000,0.000000,1.000000,0.600000,1.000000,13.500000,1.000000,0.000000,0.000000,2.560000,0.137000,1.000000,0.000000,0.000000,0.000000,1.000000,0.030000,7.000000,0.700000,2.000000,7.031000,10.500000,-3.000000,17.000000,1.000000,0.000000,0.000000,0.000000,0.000000,0.000000,1.000000,0.000000,0.000000,1.000000,0.000000,0.000000,0.000000,0.000000,0.000000,2.000000,0.000000,0.000000,5.000000,0.000000,0.000000,1.000000,0.000000,0.000000,0.000000,0.000000,4.000000,1.000000,0.000000,2011.000000,1.000000
00:41.111,0.000000,919.000000,20.300000,3.760000,101.000000,85.000000,30.000000,929.000000,27.500000,26.800000,13.500000,15.600000,31.700000,0.700000,1.500000,1.000000,0.700000,19.500000,39.500000,16.000000,47.400000,0.000000,1.000000,0.000000,1.000000,0.700000,0.000000,0.800000,2.300000,0.700000,0.900000,2.000000,0.800000,1.000000,0.500000,16.000000,0.000000,10.000000,0.600000,1.000000,13.500000,1.000000,0.000000,0.000000,2.560000,0.122000,1.000000,0.100000,0.000000,0.000000,1.000000,0.030000,7.000000,0.700000,2.000000,7.031000,10.500000,-3.000000,17.000000,1.000000,0.000000,0.000000,0.000000,0.000000,0.000000,1.000000,0.000000,0.000000,1.000000,0.000000,0.000000,0.000000,0.000000,0.000000,2.000000,0.000000,0.000000,5.000000,0.000000,0.000000,1.000000,0.000000,0.000000,0.000000,0.000000,4.000000,1.000000,0.000000,2011.000000,1.000000
00:41.393,0.000000,922.000000,20.300000,3.730000,101.000000,85.000000,30.000000,929.000000,27.500000,26.800000,13.500000,15.600000,31.700000,0.700000,1.500000,1.000000,0.700000,19.500000,39.500000,16.000000,47.400000,0.000000,1.000000,0.000000,1.000000,0.700000,0.000000,0.700000,2.300000,0.700000,0.900000,2.000000,0.800000,1.000000,1.200000,15.600000,0.000000,23.000000,0.600000,1.000000,13.500000,1.000000,0.000000,0.000000,2.680000,0.122000,1.000000,0.100000,0.000000,0.000000,1.000000,0.050000,7.800000,0.700000,2.000000,7.812000,10.500000,-3.000000,17.000000,1.000000,0.000000,0.000000,0.000000,0.000000,0.000000,1.000000,0.000000,0.000000,1.000000,0.000000,0.000000,0.000000,0.000000,0.000000,2.000000,0.000000,0.000000,5.000000,0.000000,0.000000,1.000000,0.000000,0.000000,0.000000,0.000000,4.000000,1.000000,0.000000,2011.000000,1.000000
00:41.676,0.000000,937.000000,19.200000,3.590000,101.000000,85.000000,30.000000,930.000000,27.500000,26.800000,13.500000,15.600000,31.700000,0.700000,1.500000,1.000000,0.700000,19.500000,39.500000,15.600000,47.000000,0.000000,1.000000,0.000000,1.000000,0.700000,0.000000,0.700000,2.300000,0.700000,0.900000,2.000000,0.700000,1.000000,1.400000,15.600000,0.000000,23.000000,0.600000,1.000000,13.500000,1.000000,0.000000,0.000000,2.560000,0.122000,1.000000,0.100000,0.000000,0.000000,1.000000,0.050000,8.500000,0.700000,2.000000,8.593000,10.500000,-3.000000,17.000000,1.000000,0.000000,0.000000,0.000000,0.000000,0.000000,1.000000,0.000000,0.000000,1.000000,0.000000,0.000000,0.000000,0.000000,0.000000,2.000000,0.000000,0.000000,5.000000,0.000000,0.000000,1.000000,0.000000,0.000000,0.000000,0.000000,4.000000,1.000000,0.000000,2011.000000,1.000000
00:41.959,0.000000,901.000000,20.700000,3.760000,101.000000,85.000000,30.000000,930.000000,27.500000,26.800000,13.500000,15.600000,31.700000,0.700000,1.500000,1.000000,0.700000,19.500000,39.500000,15.600000,47.000000,0.000000,1.000000,0.000000,1.000000,0.700000,0.000000,0.700000,2.300000,0.700000,0.900000,2.000000,0.700000,1.000000,1.400000,15.600000,0.000000,15.000000,0.600000,1.000000,13.500000,1.000000,0.000000,0.000000,2.560000,0.122000,1.000000,0.100000,0.000000,0.000000,1.000000,0.500000,9.300000,0.700000,2.000000,9.375000,10.000000,-3.000000,17.000000,1.000000,0.000000,0.000000,0.000000,0.000000,0.000000,1.000000,0.000000,0.000000,1.000000,0.000000,0.000000,0.000000,0.000000,0.000000,2.000000,0.000000,0.000000,5.000000,0.000000,0.000000,1.000000,0.000000,0.000000,0.000000,0.000000,4.000000,1.000000,0.000000,2011.000000,1.000000
00:42.241,0.000000,881.000000,20.300000,3.540000,101.000000,85.000000,30.000000,930.000000,27.500000,26.800000,13.500000,15.600000,31.700000,0.700000,1.500000,1.000000,0.700000,19.500000,39.500000,15.600000,46.600000,0.000000,1.000000,0.000000,1.000000,0.700000,0.000000,0.700000,2.300000,0.700000,0.900000,2.000000,0.700000,1.000000,1.400000,16.400000,0.000000,16.000000,0.600000,1.000000,13.500000,1.000000,0.000000,0.000000,2.560000,0.123000,1.000000,0.100000,0.000000,0.000000,1.000000,0.660000,7.800000,0.700000,2.000000,7.812000,10.000000,-3.000000,17.000000,1.000000,0.000000,0.000000,0.000000,0.000000,0.000000,1.000000,0.000000,0.000000,1.000000,0.000000,0.000000,0.000000,0.000000,0.000000,2.000000,0.000000,0.000000,5.000000,0.000000,0.000000,1.000000,0.000000,0.000000,0.000000,0.000000,4.000000,1.000000,0.000000,2011.000000,1.000000
00:42.524,0.000000,884.000000,20.000000,3.530000,101.000000,85.000000,30.000000,930.000000,27.500000,26.800000,13.500000,15.600000,31.700000,0.700000,1.500000,1.000000,0.700000,19.500000,39.500000,16.000000,47.400000,0.000000,1.000000,0.000000,1.000000,0.700000,0.000000,0.700000,2.300000,0.700000,0.900000,2.000000,0.700000,1.000000,0.800000,16.400000,0.000000,7.000000,0.600000,1.000000,13.500000,1.000000,0.000000,0.000000,2.560000,0.123000,1.000000,0.100000,0.000000,0.000000,1.000000,0.760000,7.000000,0.700000,2.000000,7.031000,9.000000,-3.000000,17.000000,1.000000,0.000000,0.000000,0.000000,0.000000,0.000000,1.000000,0.000000,0.000000,1.000000,0.000000,0.000000,0.000000,0.000000,0.000000,2.000000,0.000000,0.000000,5.000000,0.000000,0.000000,1.000000,0.000000,0.000000,0.000000,0.000000,4.000000,1.000000,0.000000,2011.000000,1.000000
00:42.806,0.000000,882.000000,19.600000,3.460000,101.000000,85.000000,30.000000,931.000000,27.500000,26.800000,13.500000,15.600000,31.700000,0.700000,1.500000,1.000000,0.700000,19.500000,39.500000,16.000000,47.400000,0.000000,1.000000,0.000000,1.000000,0.800000,0.000000,0.800000,2.300000,0.800000,0.900000,2.000000,0.800000,1.000000,0.300000,15.600000,0.000000,9.000000,0.600000,1.000000,13.500000,1.000000,0.000000,0.000000,2.560000,0.123000,1.000000,0.100000,0.000000,0.000000,1.000000,0.780000,7.000000,0.700000,2.000000,7.031000,8.500000,-3.000000,17.000000,1.000000,0.000000,0.000000,0.000000,0.000000,0.000000,1.000000,0.000000,0.000000,1.000000,0.000000,0.000000,0.000000,0.000000,0.000000,2.000000,0.000000,0.000000,5.000000,0.000000,0.000000,1.000000,0.000000,0.000000,0.000000,0.000000,4.000000,1.000000,0.000000,2011.000000,1.000000
00:43.089,0.000000,885.000000,20.300000,3.570000,101.000000,85.000000,30.000000,931.000000,27.500000,26.800000,13.500000,15.600000,31.700000,0.700000,1.500000,1.000000,0.700000,19.500000,39.500000,16.000000,47.400000,0.000000,1.000000,0.000000,1.000000,0.700000,0.000000,0.800000,2.300000,0.700000,0.900000,2.000000,0.800000,1.000000,0.400000,15.600000,0.000000,8.000000,0.600000,1.000000,13.500000,1.000000,0.000000,0.000000,2.560000,0.123000,1.000000,0.100000,0.000000,0.000000,1.000000,0.780000,6.200000,0.700000,2.000000,6.250000,8.500000,-3.000000,17.000000,1.000000,0.000000,0.000000,0.000000,0.000000,0.000000,1.000000,0.000000,0.000000,1.000000,0.000000,0.000000,0.000000,0.000000,0.000000,2.000000,0.000000,0.000000,5.000000,0.000000,0.000000,1.000000,0.000000,0.000000,0.000000,0.000000,4.000000,1.000000,0.000000,2011.000000,1.000000
00:43.372,0.000000,870.000000,21.100000,3.650000,101.000000,85.000000,30.000000,931.000000,27.500000,26.800000,13.500000,15.600000,31.700000,0.700000,1.500000,1.000000,0.700000,19.500000,39.500000,15.600000,47.000000,0.000000,1.000000,0.000000,1.000000,0.800000,0.000000,0.800000,2.300000,0.800000,0.900000,2.000000,0.700000,1.000000,0.200000,15.600000,0.000000,0.000000,0.600000,1.000000,13.500000,1.000000,0.000000,0.000000,2.560000,0.123000,1.000000,0.100000,0.000000,0.000000,1.000000,0.760000,5.400000,0.700000,2.000000,5.468000,9.000000,-3.000000,17.000000,1.000000,0.000000,0.000000,0.000000,0.000000,0.000000,1.000000,0.000000,0.000000,1.000000,0.000000,0.000000,0.000000,0.000000,0.000000,2.000000,0.000000,0.000000,5.000000,0.000000,0.000000,1.000000,0.000000,0.000000,0.000000,0.000000,4.000000,1.000000,0.000000,2011.000000,1.000000
00:43.695,0.000000,873.000000,20.300000,3.530000,101.000000,85.000000,30.000000,932.000000,27.500000,26.800000,13.500000,15.600000,31.700000,0.700000,1.500000,1.000000,0.700000,19.500000,39.500000,15.600000,46.600000,0.000000,1.000000,0.000000,1.000000,0.700000,0.000000,0.700000,2.300000,0.700000,0.900000,2.000000,0.700000,1.000000,1.400000,15.600000,0.000000,17.000000,0.600000,1.000000,13.500000,1.000000,0.000000,0.000000,2.560000,0.121000,1.000000,0.100000,0.000000,0.000000,1.000000,0.780000,5.400000,0.700000,2.000000,5.468000,9.000000,-3.000000,17.000000,1.000000,0.000000,0.000000,0.000000,0.000000,0.000000,1.000000,0.000000,0.000000,1.000000,0.000000,0.000000,0.000000,0.000000,0.000000,2.000000,0.000000,0.000000,5.000000,0.000000,0.000000,1.000000,0.000000,0.000000,0.000000,0.000000,4.000000,1.000000,0.000000,2011.000000,1.000000
00:43.978,0.000000,860.000000,20.700000,3.530000,101.000000,85.000000,30.000000,932.000000,27.500000,26.800000,13.500000,15.600000,31.700000,0.700000,1.500000,1.000000,0.700000,19.500000,39.500000,15.600000,46.600000,0.000000,1.000000,0.000000,1.000000,0.700000,0.000000,0.700000,2.300000,0.700000,0.900000,2.000000,0.700000,1.000000,1.500000,15.600000,0.000000,21.000000,0.600000,1.000000,13.500000,1.000000,0.000000,0.000000,2.560000,0.121000,1.000000,0.100000,0.000000,0.000000,1.000000,0.760000,4.600000,0.700000,2.000000,4.687000,8.500000,-3.000000,17.000000,1.000000,0.000000,0.000000,0.000000,0.000000,0.000000,1.000000,0.000000,0.000000,1.000000,0.000000,0.000000,0.000000,0.000000,0.000000,2.000000,0.000000,0.000000,5.000000,0.000000,0.000000,1.000000,0.000000,0.000000,0.000000,0.000000,4.000000,1.000000,0.000000,2011.000000,1.000000
00:44.260,0.000000,850.000000,20.300000,3.450000,101.000000,85.000000,30.000000,932.000000,27.500000,26.800000,13.500000,15.600000,31.700000,0.700000,1.500000,1.000000,0.700000,19.500000,39.500000,15.600000,46.600000,0.000000,1.000000,0.000000,1.000000,0.700000,0.000000,0.700000,2.300000,0.700000,0.900000,2.000000,0.700000,1.000000,1.100000,15.200000,0.000000,20.000000,0.600000,1.000000,13.500000,1.000000,0.000000,0.000000,2.560000,0.121000,1.000000,0.200000,0.000000,0.000000,1.000000,0.740000,4.600000,0.700000,2.000000,4.687000,9.000000,-3.000000,17.000000,1.000000,0.000000,0.000000,0.000000,0.000000,0.000000,1.000000,0.000000,0.000000,1.000000,0.000000,0.000000,0.000000,0.000000,0.000000,2.000000,0.000000,0.000000,5.000000,0.000000,0.000000,1.000000,0.000000,0.000000,0.000000,0.000000,4.000000,1.000000,0.000000,2011.000000,1.000000
00:44.543,0.000000,853.000000,20.300000,3.430000,101.000000,85.000000,30.000000,932.000000,27.500000,26.800000,13.500000,15.600000,31.700000,0.700000,1.500000,1.000000,0.700000,19.500000,39.500000,15.600000,46.600000,0.000000,1.000000,0.000000,1.000000,0.700000,0.000000,0.700000,2.300000,0.700000,0.900000,2.000000,0.700000,1.000000,0.800000,15.200000,0.000000,13.000000,0.600000,1.000000,13.500000,1.000000,0.000000,0.000000,2.560000,0.121000,1.000000,0.200000,0.000000,0.000000,1.000000,0.700000,3.900000,0.700000,2.000000,3.906000,9.000000,-3.000000,17.000000,1.000000,0.000000,0.000000,0.000000,0.000000,0.000000,1.000000,0.000000,0.000000,1.000000,0.000000,0.000000,0.000000,0.000000,0.000000,2.000000,0.000000,0.000000,5.000000,0.000000,0.000000,1.000000,0.000000,0.000000,0.000000,0.000000,4.000000,1.000000,0.000000,2011.000000,1.000000
00:44.825,0.000000,850.000000,20.700000,3.510000,101.000000,85.000000,30.000000,933.000000,27.500000,26.800000,13.500000,15.600000,31.700000,0.700000,1.500000,1.000000,0.700000,19.500000,39.500000,15.200000,46.600000,0.000000,1.000000,0.000000,1.000000,0.700000,0.000000,0.700000,2.300000,0.700000,0.900000,2.000000,0.700000,1.000000,0.600000,15.200000,0.000000,11.000000,0.600000,1.000000,13.500000,1.000000,0.000000,0.000000,2.560000,0.121000,1.000000,0.200000,0.000000,0.000000,1.000000,0.660000,3.900000,0.700000,2.000000,3.906000,9.500000,-3.000000,17.000000,1.000000,0.000000,0.000000,0.000000,0.000000,0.000000,1.000000,0.000000,0.000000,1.000000,0.000000,0.000000,0.000000,0.000000,0.000000,2.000000,0.000000,0.000000,5.000000,0.000000,0.000000,1.000000,0.000000,0.000000,0.000000,0.000000,4.000000,1.000000,0.000000,2011.000000,1.000000
00:45.108,0.000000,845.000000,20.300000,3.400000,101.000000,85.000000,30.000000,933.000000,27.500000,26.800000,13.500000,15.600000,31.700000,0.700000,1.500000,1.000000,0.700000,19.500000,39.500000,15.600000,46.600000,0.000000,1.000000,0.000000,1.000000,0.700000,0.000000,0.700000,2.300000,0.700000,0.900000,2.000000,0.700000,1.000000,1.200000,15.200000,0.000000,22.000000,0.600000,1.000000,13.500000,1.000000,0.000000,0.000000,2.560000,0.119000,1.000000,0.200000,0.000000,0.000000,1.000000,0.560000,3.100000,0.700000,2.000000,3.125000,9.000000,-3.000000,17.000000,1.000000,0.000000,0.000000,0.000000,0.000000,0.000000,1.000000,0.000000,0.000000,1.000000,0.000000,0.000000,0.000000,0.000000,0.000000,2.000000,0.000000,0.000000,5.000000,0.000000,0.000000,1.000000,0.000000,0.000000,0.000000,0.000000,4.000000,1.000000,0.000000,2011.000000,1.000000
00:45.391,0.000000,833.000000,19.200000,3.210000,101.000000,85.000000,30.000000,933.000000,27.500000,26.800000,13.500000,18.400000,34.500000,0.800000,1.600000,1.000000,0.800000,19.500000,39.500000,15.600000,46.600000,0.000000,1.000000,0.000000,1.000000,0.700000,0.000000,0.700000,2.300000,0.700000,0.900000,2.000000,0.700000,1.000000,1.400000,15.200000,0.000000,17.000000,0.600000,1.000000,13.500000,1.000000,0.000000,0.000000,2.560000,0.119000,1.000000,0.200000,0.000000,0.000000,1.000000,0.190000,4.600000,0.700000,2.000000,4.687000,9.500000,-3.000000,17.000000,1.000000,0.000000,0.000000,0.000000,0.000000,0.000000,1.000000,0.000000,0.000000,1.000000,0.000000,0.000000,0.000000,0.000000,0.000000,2.000000,0.000000,0.000000,5.000000,0.000000,0.000000,1.000000,0.000000,0.000000,0.000000,0.000000,4.000000,1.000000,0.000000,2011.000000,1.000000
00:45.673,0.000000,851.000000,49.000000,8.280000,101.000000,85.000000,30.000000,933.000000,27.500000,26.800000,13.500000,23.500000,39.600000,1.000000,1.800000,0.000000,1.000000,19.500000,39.500000,20.000000,52.100000,0.000000,1.000000,0.000000,0.000000,0.800000,3.900000,0.800000,2.400000,0.800000,0.900000,2.000000,0.800000,1.000000,0.100000,20.300000,0.000000,2.000000,0.600000,1.000000,13.500000,1.000000,0.000000,0.000000,2.940000,0.119000,1.000000,0.200000,0.000000,0.000000,1.000000,0.070000,5.400000,0.000000,2.000000,5.468000,11.000000,-3.000000,17.000000,1.000000,0.000000,0.000000,0.000000,0.000000,0.000000,1.000000,0.000000,0.000000,0.000000,0.000000,0.000000,0.000000,0.000000,0.000000,2.000000,0.000000,0.000000,5.000000,0.000000,0.000000,1.000000,0.000000,0.000000,0.000000,0.000000,4.000000,1.000000,0.000000,2011.000000,1.000000
00:45.956,0.000000,1101.000000,74.100000,16.180000,101.000000,85.000000,30.000000,934.000000,27.500000,26.800000,13.600000,27.000000,42.700000,1.200000,2.000000,0.000000,1.200000,19.500000,39.500000,24.300000,58.000000,0.000000,1.000000,0.000000,0.000000,1.100000,8.600000,1.100000,2.700000,1.100000,0.900000,2.000000,1.000000,1.000000,1.100000,25.000000,17.000000,0.000000,0.600000,1.000000,13.500000,1.000000,0.000000,0.000000,6.270000,0.119000,1.000000,0.000000,0.000000,0.000000,1.000000,0.800000,-4.700000,0.000000,2.000000,-4.688000,-1.000000,-3.000000,17.000000,1.000000,0.000000,0.000000,0.000000,0.000000,0.000000,1.000000,0.000000,0.000000,0.000000,0.000000,0.000000,0.000000,0.000000,0.000000,2.000000,0.000000,0.000000,5.000000,0.000000,0.000000,1.000000,0.000000,0.000000,0.000000,0.000000,4.000000,1.000000,0.000000,2011.000000,1.000000
00:46.238,0.000000,1622.000000,55.200000,17.820000,101.000000,85.000000,30.000000,934.000000,27.500000,26.800000,13.600000,27.400000,43.500000,1.300000,2.100000,0.000000,1.300000,19.500000,39.500000,26.600000,60.700000,0.000000,1.000000,0.000000,0.000000,1.300000,10.900000,1.300000,2.900000,1.300000,0.900000,2.000000,1.300000,1.000000,1.000000,26.600000,16.000000,0.000000,0.600000,1.000000,13.500000,1.000000,0.000000,0.000000,6.520000,0.207000,1.000000,0.000000,0.000000,0.000000,1.000000,0.720000,-5.500000,0.000000,2.000000,-5.469000,13.500000,-3.000000,17.000000,1.000000,0.000000,0.000000,0.000000,0.000000,0.000000,1.000000,0.000000,0.000000,0.000000,0.000000,0.000000,0.000000,0.000000,0.000000,2.000000,0.000000,0.000000,5.000000,0.000000,0.000000,1.000000,0.000000,0.000000,0.000000,0.000000,4.000000,1.000000,0.000000,2011.000000,1.000000
00:46.521,0.000000,2298.000000,49.000000,22.280000,101.000000,85.000000,30.000000,934.000000,27.500000,26.800000,13.600000,26.200000,42.300000,1.300000,2.100000,0.000000,1.300000,19.500000,39.500000,26.200000,60.300000,0.000000,1.000000,0.000000,0.000000,1.300000,10.500000,1.300000,3.000000,1.300000,0.900000,2.000000,1.300000,1.000000,0.700000,26.200000,10.000000,0.000000,0.600000,1.000000,13.500000,1.000000,0.000000,0.000000,6.270000,0.207000,1.000000,0.000000,0.000000,0.000000,1.000000,0.030000,0.000000,0.000000,2.000000,0.000000,19.000000,-3.300000,17.000000,1.000000,0.000000,0.000000,0.000000,0.000000,0.000000,1.000000,0.000000,0.000000,0.000000,0.000000,0.000000,0.000000,0.000000,0.000000,2.000000,0.000000,0.000000,5.000000,0.000000,0.000000,1.000000,0.000000,0.000000,0.000000,0.000000,4.000000,1.000000,0.000000,2011.000000,1.000000
00:46.845,0.000000,2693.000000,8.200000,4.420000,101.000000,85.000000,30.000000,935.000000,27.500000,26.800000,13.600000,15.600000,31.700000,0.700000,1.500000,0.000000,0.700000,19.500000,39.500000,15.600000,47.000000,0.000000,1.000000,0.000000,0.000000,0.700000,0.000000,0.800000,2.400000,0.700000,0.900000,2.000000,0.800000,1.000000,1.500000,15.600000,0.000000,18.000000,0.600000,1.000000,13.500000,1.000000,0.000000,0.000000,2.430000,0.278000,1.000000,0.000000,0.000000,0.000000,1.000000,0.050000,0.700000,0.700000,2.000000,0.781000,19.000000,-3.000000,17.000000,1.000000,0.000000,0.000000,0.000000,0.000000,0.000000,1.000000,0.000000,0.000000,1.000000,0.000000,0.000000,0.000000,0.000000,0.000000,2.000000,0.000000,0.000000,5.000000,0.000000,0.000000,1.000000,0.000000,0.000000,0.000000,0.000000,4.000000,1.000000,0.000000,2011.000000,1.000000
00:47.127,0.000000,2435.000000,7.800000,3.840000,101.000000,85.000000,30.000000,935.000000,27.500000,26.800000,13.600000,15.600000,31.700000,0.700000,1.500000,1.000000,0.700000,19.500000,39.500000,16.000000,47.400000,0.000000,1.000000,0.000000,1.000000,0.700000,0.000000,0.800000,2.300000,0.700000,0.900000,2.000000,0.800000,1.000000,0.900000,15.600000,0.000000,14.000000,0.600000,1.000000,13.500000,1.000000,0.000000,0.000000,1.790000,0.278000,1.000000,0.000000,0.000000,0.000000,0.999000,0.780000,0.000000,0.700000,4.000000,0.000000,17.000000,-3.000000,17.000000,1.000000,0.000000,0.000000,0.000000,0.000000,0.000000,1.000000,0.000000,0.000000,1.000000,0.000000,0.000000,0.000000,0.000000,0.000000,2.000000,0.000000,0.000000,5.000000,0.000000,0.000000,1.000000,1.000000,0.000000,0.000000,0.000000,4.000000,1.000000,0.000000,2011.000000,1.000000
00:47.410,0.000000,2063.000000,11.700000,4.820000,101.000000,85.000000,30.000000,935.000000,27.500000,26.800000,13.600000,15.600000,31.700000,0.700000,1.500000,1.000000,0.700000,19.500000,39.500000,16.400000,47.800000,0.000000,1.000000,0.000000,1.000000,0.700000,0.000000,0.800000,2.300000,0.700000,0.900000,2.000000,0.800000,1.000000,0.600000,16.000000,0.000000,3.000000,0.600000,1.000000,13.500000,1.000000,0.000000,0.000000,1.790000,0.278000,1.000000,0.000000,0.000000,0.000000,0.999000,0.000000,0.000000,0.700000,4.000000,0.000000,13.000000,-3.000000,17.000000,1.000000,0.000000,0.000000,0.000000,0.000000,0.000000,1.000000,0.000000,0.000000,1.000000,0.000000,0.000000,0.000000,0.000000,0.000000,2.000000,0.000000,0.000000,5.000000,0.000000,0.000000,1.000000,1.000000,0.000000,0.000000,0.000000,4.000000,1.000000,0.000000,2011.000000,1.000000
00:47.692,0.000000,1722.000000,12.900000,4.500000,101.000000,85.000000,30.000000,935.000000,27.500000,26.800000,13.600000,15.600000,31.700000,0.700000,1.500000,1.000000,0.700000,19.500000,39.500000,16.400000,47.800000,0.000000,1.000000,0.000000,1.000000,0.800000,0.000000,0.800000,2.300000,0.800000,0.900000,2.000000,0.800000,1.000000,0.600000,16.400000,0.000000,6.000000,0.600000,1.000000,13.500000,1.000000,0.000000,0.000000,1.790000,0.278000,1.000000,0.000000,0.000000,0.000000,0.999000,0.000000,0.000000,0.700000,4.000000,0.000000,9.500000,-3.000000,17.000000,1.000000,0.000000,0.000000,0.000000,0.000000,0.000000,1.000000,0.000000,0.000000,1.000000,0.000000,0.000000,0.000000,0.000000,0.000000,2.000000,0.000000,0.000000,5.000000,0.000000,0.000000,1.000000,1.000000,0.000000,0.000000,0.000000,4.000000,1.000000,0.000000,2011.000000,1.000000
00:47.975,0.000000,1396.000000,14.500000,4.030000,101.000000,85.000000,30.000000,936.000000,27.500000,26.800000,13.600000,15.600000,31.700000,0.700000,1.500000,1.000000,0.700000,19.500000,39.500000,15.600000,47.000000,0.000000,1.000000,0.000000,1.000000,0.800000,0.000000,0.800000,2.300000,0.800000,0.900000,2.000000,0.800000,1.000000,0.700000,15.600000,0.000000,0.000000,0.600000,1.000000,13.500000,1.000000,0.000000,0.000000,1.790000,0.278000,1.000000,0.000000,0.000000,0.000000,0.999000,0.000000,0.000000,0.700000,4.000000,0.000000,7.000000,-3.000000,17.000000,1.000000,0.000000,0.000000,0.000000,0.000000,0.000000,1.000000,0.000000,0.000000,1.000000,0.000000,0.000000,0.000000,0.000000,0.000000,2.000000,0.000000,0.000000,5.000000,0.000000,0.000000,1.000000,1.000000,0.000000,0.000000,0.000000,4.000000,1.000000,0.000000,2011.000000,1.000000
00:48.258,0.000000,1100.000000,22.700000,4.980000,101.000000,85.000000,30.000000,936.000000,27.500000,26.800000,13.600000,15.600000,31.700000,0.700000,1.500000,1.000000,0.700000,19.500000,39.500000,16.800000,48.200000,0.000000,1.000000,0.000000,1.000000,0.800000,0.000000,0.800000,2.400000,0.800000,0.900000,2.000000,0.800000,1.000000,0.900000,16.800000,0.000000,16.000000,0.600000,1.000000,13.500000,1.000000,0.000000,0.000000,2.040000,0.278000,1.000000,0.000000,0.000000,0.000000,0.999000,0.000000,0.000000,0.700000,4.000000,0.000000,7.000000,-3.000000,17.000000,1.000000,0.000000,0.000000,0.000000,0.000000,0.000000,1.000000,0.000000,0.000000,1.000000,0.000000,0.000000,0.000000,0.000000,0.000000,2.000000,0.000000,0.000000,5.000000,0.000000,0.000000,1.000000,0.000000,0.000000,0.000000,0.000000,4.000000,1.000000,0.000000,2011.000000,1.000000
00:48.540,0.000000,880.000000,25.800000,4.560000,101.000000,85.000000,30.000000,936.000000,27.500000,26.800000,13.500000,15.600000,31.700000,0.700000,1.500000,1.000000,0.700000,19.500000,39.500000,16.400000,47.800000,0.000000,1.000000,0.000000,1.000000,0.800000,0.000000,0.800000,2.300000,0.800000,0.900000,2.000000,0.800000,1.000000,1.100000,16.400000,0.000000,14.000000,0.600000,1.000000,13.500000,1.000000,0.000000,0.000000,2.300000,0.097000,1.000000,0.000000,0.000000,0.000000,1.000000,0.000000,0.000000,0.700000,2.000000,0.000000,7.000000,-3.000000,17.000000,1.000000,0.000000,0.000000,0.000000,0.000000,0.000000,1.000000,0.000000,0.000000,1.000000,0.000000,0.000000,0.000000,0.000000,0.000000,2.000000,0.000000,0.000000,5.000000,0.000000,0.000000,1.000000,0.000000,0.000000,0.000000,0.000000,4.000000,1.000000,0.000000,2011.000000,1.000000
00:48.823,0.000000,762.000000,24.700000,3.750000,101.000000,85.000000,30.000000,937.000000,27.500000,26.800000,13.500000,15.600000,31.700000,0.700000,1.500000,1.000000,0.700000,19.500000,39.500000,16.400000,47.400000,0.000000,1.000000,0.000000,1.000000,0.800000,0.000000,0.800000,2.300000,0.800000,0.900000,2.000000,0.800000,1.000000,0.700000,16.400000,0.000000,9.000000,0.600000,1.000000,13.500000,1.000000,0.000000,0.000000,2.680000,0.097000,1.000000,0.000000,0.000000,0.000000,1.000000,0.000000,0.700000,0.700000,2.000000,0.781000,8.000000,-3.000000,17.000000,1.000000,0.000000,0.000000,0.000000,0.000000,0.000000,1.000000,0.000000,0.000000,1.000000,0.000000,0.000000,0.000000,0.000000,0.000000,2.000000,0.000000,0.000000,5.000000,0.000000,0.000000,1.000000,0.000000,0.000000,0.000000,0.000000,4.000000,1.000000,0.000000,2011.000000,1.000000
00:49.105,0.000000,725.000000,26.600000,3.870000,101.000000,85.000000,30.000000,937.000000,27.500000,26.800000,13.500000,15.600000,31.700000,0.700000,1.500000,1.000000,0.700000,19.500000,39.500000,15.600000,47.000000,0.000000,1.000000,0.000000,1.000000,0.700000,0.000000,0.700000,2.300000,0.700000,0.900000,2.000000,0.700000,1.000000,0.900000,15.600000,0.000000,15.000000,0.600000,1.000000,13.500000,1.000000,0.000000,0.000000,2.810000,0.097000,1.000000,0.000000,0.000000,0.000000,1.000000,0.000000,1.500000,0.700000,2.000000,1.562000,8.000000,-3.000000,17.000000,1.000000,0.000000,0.000000,0.000000,0.000000,0.000000,1.000000,0.000000,0.000000,1.000000,0.000000,0.000000,0.000000,0.000000,0.000000,2.000000,0.000000,0.000000,5.000000,0.000000,0.000000,1.000000,0.000000,0.000000,0.000000,0.000000,4.000000,1.000000,0.000000,2011.000000,1.000000
00:49.388,0.000000,807.000000,77.600000,12.400000,101.000000,85.000000,30.000000,937.000000,27.500000,26.800000,13.600000,33.700000,49.400000,1.200000,2.000000,0.000000,1.200000,19.500000,39.500000,24.300000,57.200000,0.000000,1.000000,0.000000,1.000000,0.800000,7.400000,0.800000,2.400000,0.800000,0.900000,2.000000,0.800000,1.000000,0.100000,25.800000,0.000000,6.000000,0.600000,1.000000,13.500000,1.000000,0.000000,0.000000,1.400000,0.097000,1.000000,0.000000,0.000000,0.000000,1.000000,0.000000,1.500000,0.000000,2.000000,1.562000,9.000000,-3.000000,17.000000,1.000000,0.000000,0.000000,0.000000,0.000000,0.000000,1.000000,0.000000,0.000000,0.000000,0.000000,0.000000,0.000000,0.000000,0.000000,2.000000,0.000000,0.000000,5.000000,0.000000,0.000000,1.000000,0.000000,0.000000,0.000000,0.000000,4.000000,1.000000,0.000000,2011.000000,1.000000
00:49.671,0.000000,1150.000000,69.400000,15.810000,101.000000,85.000000,30.000000,937.000000,27.500000,26.800000,13.600000,45.400000,61.100000,1.900000,2.700000,0.000000,1.900000,19.500000,39.500000,46.200000,84.700000,0.000000,1.000000,0.000000,0.000000,1.700000,29.400000,1.600000,3.400000,1.700000,0.900000,2.000000,1.600000,1.000000,1.100000,49.400000,15.000000,0.000000,0.600000,1.000000,13.500000,1.000000,0.000000,0.000000,8.440000,0.097000,1.000000,0.000000,0.000000,0.000000,1.000000,0.030000,0.700000,16.400000,2.000000,0.781000,-2.500000,-3.000000,17.000000,1.000000,0.000000,0.000000,0.000000,0.000000,0.000000,1.000000,0.000000,0.000000,0.000000,0.000000,0.000000,0.000000,0.000000,0.000000,2.000000,0.000000,0.000000,5.000000,0.000000,0.000000,1.000000,0.000000,0.000000,0.000000,0.000000,4.000000,1.000000,0.000000,2011.000000,1.000000
00:49.994,0.000000,2080.000000,73.700000,30.320000,101.000000,85.000000,30.000000,938.000000,27.500000,26.800000,13.600000,50.100000,66.200000,2.400000,3.200000,0.000000,2.400000,19.500000,39.500000,62.700000,99.600000,0.000000,1.000000,0.000000,0.000000,3.000000,46.600000,2.900000,4.900000,3.000000,0.900000,2.000000,2.900000,1.000000,1.200000,63.500000,27.000000,0.000000,0.600000,1.000000,13.500000,1.000000,0.000000,0.000000,9.210000,0.224000,1.000000,0.000000,0.000000,0.000000,1.000000,0.050000,2.300000,0.000000,2.000000,2.343000,13.500000,-3.000000,17.000000,1.000000,0.000000,0.000000,0.000000,0.000000,0.000000,1.000000,0.000000,0.000000,0.000000,0.000000,0.000000,0.000000,0.000000,0.000000,2.000000,0.000000,0.000000,5.000000,0.000000,0.000000,1.000000,0.000000,0.000000,0.000000,0.000000,4.000000,1.000000,0.000000,2011.000000,1.000000
00:50.277,0.000000,3035.000000,64.300000,38.640000,101.000000,85.000000,30.000000,938.000000,27.500000,26.800000,13.600000,50.500000,66.600000,2.500000,3.300000,0.000000,2.500000,19.500000,39.500000,64.700000,99.600000,0.000000,1.000000,0.000000,0.000000,3.200000,48.600000,3.200000,4.900000,3.200000,0.900000,2.000000,3.200000,1.000000,1.300000,64.700000,17.000000,0.000000,0.600000,1.000000,13.500000,1.000000,0.000000,0.000000,8.060000,0.224000,1.000000,0.000000,0.000000,0.000000,1.000000,0.700000,-0.800000,0.000000,2.000000,-0.782000,20.500000,-3.000000,17.000000,0.000000,0.000000,0.000000,0.000000,0.000000,0.000000,1.000000,0.000000,0.000000,0.000000,0.000000,0.000000,0.000000,0.000000,0.000000,2.000000,0.000000,0.000000,5.000000,0.000000,0.000000,1.000000,0.000000,0.000000,0.000000,0.000000,4.000000,1.000000,0.000000,2011.000000,1.000000
00:50.559,0.000000,4027.000000,80.300000,64.120000,101.000000,85.000000,30.000000,938.000000,27.500000,26.800000,13.600000,50.100000,66.200000,2.500000,3.300000,0.000000,2.500000,19.500000,39.500000,63.900000,99.600000,0.000000,1.000000,0.000000,0.000000,3.200000,47.800000,3.200000,4.900000,3.200000,0.900000,2.000000,3.200000,1.000000,0.600000,64.300000,6.000000,0.000000,0.600000,1.000000,13.500000,1.000000,0.000000,0.000000,9.600000,0.436000,1.000000,0.000000,0.000000,0.000000,1.000000,0.660000,5.400000,0.000000,2.000000,5.468000,21.000000,-3.000000,17.000000,0.000000,0.000000,0.000000,0.000000,0.000000,0.000000,1.000000,0.000000,0.000000,0.000000,0.000000,0.000000,0.000000,0.000000,0.000000,2.000000,0.000000,0.000000,5.000000,0.000000,0.000000,1.000000,0.000000,0.000000,0.000000,0.000000,4.000000,1.000000,0.000000,2011.000000,1.000000
00:50.842,0.000000,4960.000000,13.700000,13.650000,101.000000,85.000000,30.000000,939.000000,27.500000,26.800000,13.600000,15.600000,31.700000,1.300000,2.100000,0.000000,1.300000,19.500000,39.500000,17.200000,49.000000,0.000000,1.000000,0.000000,0.000000,2.500000,1.100000,2.900000,4.900000,2.500000,0.900000,2.000000,3.000000,1.000000,0.300000,15.600000,0.000000,9.000000,0.600000,1.000000,13.500000,1.000000,0.000000,0.000000,2.430000,0.460000,1.000000,0.000000,0.000000,0.000000,1.000000,0.700000,0.700000,0.000000,2.000000,0.781000,33.500000,-3.000000,17.000000,0.000000,0.000000,0.000000,0.000000,0.000000,0.000000,1.000000,0.000000,0.000000,0.000000,0.000000,0.000000,0.000000,0.000000,0.000000,2.000000,0.000000,0.000000,5.000000,0.000000,0.000000,1.000000,0.000000,0.000000,0.000000,0.000000,4.000000,1.000000,0.000000,2011.000000,1.000000
00:51.125,0.000000,4550.000000,5.400000,5.210000,101.000000,85.000000,30.000000,939.000000,27.500000,26.800000,13.600000,15.600000,31.700000,0.700000,1.500000,1.000000,0.700000,19.500000,39.500000,16.000000,47.400000,0.000000,1.000000,0.000000,0.000000,0.700000,0.000000,0.800000,2.300000,0.700000,0.900000,2.000000,0.700000,1.000000,0.700000,15.600000,0.000000,0.000000,0.600000,1.000000,13.500000,1.000000,0.000000,0.000000,1.150000,0.297000,1.000000,0.000000,0.000000,0.000000,0.999000,0.830000,0.000000,0.700000,4.000000,0.000000,22.000000,-3.000000,17.000000,0.000000,0.000000,0.000000,0.000000,0.000000,0.000000,1.000000,0.000000,0.000000,1.000000,0.000000,0.000000,0.000000,0.000000,0.000000,2.000000,0.000000,0.000000,5.000000,0.000000,0.000000,1.000000,1.000000,0.000000,0.000000,0.000000,4.000000,1.000000,0.000000,2011.000000,1.000000
00:51.407,0.000000,4018.000000,5.800000,4.890000,101.000000,85.000000,30.000000,939.000000,27.500000,26.800000,13.600000,15.600000,31.700000,0.700000,1.500000,1.000000,0.700000,19.500000,39.500000,16.000000,47.400000,0.000000,1.000000,0.000000,1.000000,0.800000,0.000000,0.800000,2.300000,0.800000,0.900000,2.000000,0.800000,1.000000,0.800000,16.400000,0.000000,10.000000,0.600000,1.000000,13.500000,1.000000,0.000000,0.000000,1.150000,0.297000,1.000000,0.000000,0.000000,0.000000,0.999000,0.010000,0.000000,0.700000,4.000000,0.000000,22.000000,-3.000000,17.000000,0.000000,0.000000,0.000000,0.000000,0.000000,0.000000,1.000000,0.000000,0.000000,1.000000,0.000000,0.000000,0.000000,0.000000,0.000000,2.000000,0.000000,0.000000,5.000000,0.000000,0.000000,1.000000,1.000000,0.000000,0.000000,0.000000,4.000000,1.000000,0.000000,2011.000000,1.000000
00:51.690,0.000000,3527.000000,6.200000,4.560000,101.000000,85.000000,30.000000,939.000000,27.500000,26.800000,13.600000,15.600000,31.700000,0.700000,1.500000,1.000000,0.700000,19.500000,39.500000,15.600000,47.000000,0.000000,1.000000,0.000000,1.000000,0.800000,0.000000,0.800000,2.300000,0.800000,0.900000,2.000000,0.800000,1.000000,1.000000,16.000000,0.000000,21.000000,0.600000,1.000000,13.500000,1.000000,0.000000,0.000000,1.150000,0.297000,1.000000,0.000000,0.000000,0.000000,0.999000,0.000000,0.000000,0.700000,4.000000,0.000000,22.000000,-3.000000,17.000000,0.000000,0.000000,0.000000,0.000000,0.000000,0.000000,1.000000,0.000000,0.000000,1.000000,0.000000,0.000000,0.000000,0.000000,0.000000,2.000000,0.000000,0.000000,5.000000,0.000000,0.000000,1.000000,1.000000,0.000000,0.000000,0.000000,4.000000,1.000000,0.000000,2011.000000,1.000000
00:51.972,0.000000,3067.000000,7.000000,4.370000,101.000000,85.000000,30.000000,940.000000,27.500000,26.800000,13.600000,15.600000,31.700000,0.700000,1.500000,1.000000,0.700000,19.500000,39.500000,16.000000,47.400000,0.000000,1.000000,0.000000,1.000000,0.800000,0.000000,0.800000,2.300000,0.800000,0.900000,2.000000,0.800000,1.000000,0.600000,16.400000,3.000000,0.000000,0.600000,1.000000,13.500000,1.000000,0.000000,0.000000,1.150000,0.297000,1.000000,0.000000,0.000000,0.000000,0.999000,0.000000,0.000000,0.700000,4.000000,0.000000,22.000000,-3.000000,17.000000,0.000000,0.000000,0.000000,0.000000,0.000000,0.000000,1.000000,0.000000,0.000000,1.000000,0.000000,0.000000,0.000000,0.000000,0.000000,2.000000,0.000000,0.000000,5.000000,0.000000,0.000000,1.000000,1.000000,0.000000,0.000000,0.000000,4.000000,1.000000,0.000000,2011.000000,1.000000
00:52.255,0.000000,2640.000000,16.000000,8.560000,101.000000,85.000000,30.000000,940.000000,27.500000,26.800000,13.600000,15.600000,31.700000,0.700000,1.500000,1.000000,0.700000,19.500000,39.500000,18.000000,49.800000,0.000000,1.000000,0.000000,1.000000,0.900000,0.000000,0.900000,2.500000,0.900000,0.900000,2.000000,0.900000,1.000000,1.100000,18.000000,0.000000,14.000000,0.600000,1.000000,13.500000,1.000000,0.000000,0.000000,1.150000,0.297000,1.000000,0.000000,0.000000,0.000000,0.999000,0.000000,0.000000,0.700000,4.000000,0.000000,19.000000,-3.000000,17.000000,1.000000,0.000000,0.000000,0.000000,0.000000,0.000000,1.000000,0.000000,0.000000,1.000000,0.000000,0.000000,0.000000,0.000000,0.000000,2.000000,0.000000,0.000000,5.000000,0.000000,0.000000,1.000000,1.000000,0.000000,0.000000,0.000000,4.000000,1.000000,0.000000,2011.000000,1.000000
00:52.537,0.000000,2261.000000,13.700000,6.230000,101.000000,85.000000,30.000000,940.000000,27.500000,26.800000,13.600000,15.600000,31.700000,0.700000,1.500000,1.000000,0.700000,19.500000,39.500000,16.800000,48.600000,0.000000,1.000000,0.000000,1.000000,0.800000,0.000000,0.800000,2.400000,0.800000,0.900000,2.000000,0.800000,1.000000,1.300000,16.800000,0.000000,18.000000,0.600000,1.000000,13.500000,1.000000,0.000000,0.000000,1.150000,0.297000,1.000000,0.000000,0.000000,0.000000,0.999000,0.000000,0.000000,0.700000,4.000000,0.000000,15.000000,-3.000000,17.000000,1.000000,0.000000,0.000000,0.000000,0.000000,0.000000,1.000000,0.000000,0.000000,1.000000,0.000000,0.000000,0.000000,0.000000,0.000000,2.000000,0.000000,0.000000,5.000000,0.000000,0.000000,1.000000,1.000000,0.000000,0.000000,0.000000,4.000000,1.000000,0.000000,2011.000000,1.000000
00:52.820,0.000000,1914.000000,12.900000,4.960000,101.000000,84.000000,30.000000,941.000000,27.500000,26.800000,13.600000,15.600000,31.700000,0.700000,1.500000,1.000000,0.700000,19.500000,39.500000,16.400000,47.800000,0.000000,1.000000,0.000000,1.000000,0.800000,0.000000,0.800000,2.400000,0.800000,0.900000,2.000000,0.800000,1.000000,1.400000,16.400000,0.000000,17.000000,0.600000,1.000000,13.500000,1.000000,0.000000,0.000000,1.150000,0.297000,1.000000,0.000000,0.000000,0.000000,0.999000,0.000000,0.000000,0.700000,4.000000,0.000000,11.500000,-3.000000,17.000000,1.000000,0.000000,0.000000,0.000000,0.000000,0.000000,1.000000,0.000000,0.000000,1.000000,0.000000,0.000000,0.000000,0.000000,0.000000,2.000000,0.000000,0.000000,5.000000,0.000000,0.000000,1.000000,1.000000,0.000000,0.000000,0.000000,4.000000,1.000000,0.000000,2011.000000,1.000000
00:53.144,0.000000,1546.000000,12.900000,4.060000,101.000000,85.000000,30.000000,941.000000,27.500000,26.800000,13.600000,15.600000,31.700000,0.700000,1.500000,1.000000,0.700000,19.500000,39.500000,15.600000,46.600000,0.000000,1.000000,0.000000,1.000000,0.800000,0.000000,0.800000,2.300000,0.800000,0.900000,2.000000,0.800000,1.000000,1.500000,15.600000,0.000000,25.000000,0.600000,1.000000,13.500000,1.000000,0.000000,0.000000,1.150000,0.297000,1.000000,0.000000,0.000000,0.000000,0.999000,0.000000,0.000000,0.700000,4.000000,0.000000,7.500000,-3.000000,17.000000,1.000000,0.000000,0.000000,0.000000,0.000000,0.000000,1.000000,0.000000,0.000000,1.000000,0.000000,0.000000,0.000000,0.000000,0.000000,2.000000,0.000000,0.000000,5.000000,0.000000,0.000000,1.000000,1.000000,0.000000,0.000000,0.000000,4.000000,1.000000,0.000000,2011.000000,1.000000
00:53.426,0.000000,1248.000000,18.400000,4.570000,101.000000,84.000000,30.000000,941.000000,27.500000,26.800000,13.600000,15.600000,31.700000,0.700000,1.500000,1.000000,0.700000,19.500000,39.500000,16.400000,47.800000,0.000000,1.000000,0.000000,1.000000,0.700000,0.000000,0.700000,2.300000,0.700000,0.900000,2.000000,0.700000,1.000000,1.000000,16.400000,0.000000,17.000000,0.600000,1.000000,13.500000,1.000000,0.000000,0.000000,1.790000,0.297000,1.000000,0.000000,0.000000,0.000000,0.999000,0.000000,0.000000,0.700000,4.000000,0.000000,7.000000,-3.000000,17.000000,1.000000,0.000000,0.000000,0.000000,0.000000,0.000000,1.000000,0.000000,0.000000,1.000000,0.000000,0.000000,0.000000,0.000000,0.000000,2.000000,0.000000,0.000000,5.000000,0.000000,0.000000,1.000000,0.000000,0.000000,0.000000,0.000000,4.000000,1.000000,0.000000,2011.000000,1.000000
00:53.709,0.000000,978.000000,25.400000,4.930000,101.000000,84.000000,30.000000,941.000000,27.500000,26.800000,13.600000,15.600000,31.700000,0.700000,1.500000,1.000000,0.700000,19.500000,39.500000,16.400000,48.200000,0.000000,1.000000,0.000000,1.000000,0.800000,0.000000,0.800000,2.400000,0.800000,0.900000,2.000000,0.800000,1.000000,1.000000,16.800000,0.000000,16.000000,0.600000,1.000000,13.500000,1.000000,0.000000,0.000000,2.170000,0.297000,1.000000,0.000000,0.000000,0.000000,1.000000,0.000000,0.000000,0.700000,2.000000,0.000000,7.000000,-3.000000,17.000000,1.000000,0.000000,0.000000,0.000000,0.000000,0.000000,1.000000,0.000000,0.000000,1.000000,0.000000,0.000000,0.000000,0.000000,0.000000,2.000000,0.000000,0.000000,5.000000,0.000000,0.000000,1.000000,0.000000,0.000000,0.000000,0.000000,4.000000,1.000000,0.000000,2011.000000,1.000000
00:53.991,0.000000,782.000000,31.300000,4.890000,101.000000,84.000000,30.000000,942.000000,27.500000,26.800000,13.500000,15.600000,31.700000,0.700000,1.500000,1.000000,0.700000,19.500000,39.500000,16.400000,48.200000,0.000000,1.000000,0.000000,1.000000,0.800000,0.000000,0.800000,2.400000,0.800000,0.900000,2.000000,0.800000,1.000000,1.000000,16.400000,0.000000,14.000000,0.600000,1.000000,13.500000,1.000000,0.000000,0.000000,2.560000,0.297000,1.000000,0.000000,0.000000,0.000000,1.000000,0.000000,0.000000,0.700000,2.000000,0.000000,7.000000,-3.000000,17.000000,1.000000,0.000000,0.000000,0.000000,0.000000,0.000000,1.000000,0.000000,0.000000,1.000000,0.000000,0.000000,0.000000,0.000000,0.000000,2.000000,0.000000,0.000000,5.000000,0.000000,0.000000,1.000000,0.000000,0.000000,0.000000,0.000000,4.000000,1.000000,0.000000,2011.000000,1.000000
00:54.274,0.000000,659.000000,29.400000,3.870000,101.000000,84.000000,30.000000,942.000000,27.500000,26.800000,13.500000,15.600000,31.700000,0.700000,1.500000,1.000000,0.700000,19.500000,39.500000,16.000000,47.000000,0.000000,1.000000,0.000000,1.000000,0.800000,0.000000,0.800000,2.300000,0.800000,0.900000,2.000000,0.800000,1.000000,0.000000,16.000000,2.000000,0.000000,0.600000,1.000000,13.500000,1.000000,0.000000,0.000000,2.940000,0.087000,1.000000,0.000000,0.000000,0.000000,1.000000,0.000000,0.700000,0.700000,2.000000,0.781000,8.000000,-3.000000,17.000000,1.000000,0.000000,0.000000,0.000000,0.000000,0.000000,1.000000,0.000000,0.000000,1.000000,0.000000,0.000000,0.000000,0.000000,0.000000,2.000000,0.000000,0.000000,5.000000,0.000000,0.000000,1.000000,0.000000,0.000000,0.000000,0.000000,4.000000,1.000000,0.000000,2011.000000,1.000000
00:54.557,0.000000,715.000000,28.600000,4.090000,101.000000,84.000000,30.000000,942.000000,27.500000,26.800000,13.500000,15.600000,31.700000,0.700000,1.500000,1.000000,0.700000,19.500000,39.500000,15.600000,47.000000,0.000000,1.000000,0.000000,1.000000,0.700000,0.000000,0.700000,2.300000,0.700000,0.900000,2.000000,0.700000,1.000000,1.100000,15.600000,0.000000,20.000000,0.600000,1.000000,13.500000,1.000000,0.000000,0.000000,3.070000,0.087000,1.000000,0.000000,0.000000,0.000000,1.000000,0.000000,1.500000,0.700000,2.000000,1.562000,8.000000,-3.000000,17.000000,1.000000,0.000000,0.000000,0.000000,0.000000,0.000000,1.000000,0.000000,0.000000,1.000000,0.000000,0.000000,0.000000,0.000000,0.000000,2.000000,0.000000,0.000000,5.000000,0.000000,0.000000,1.000000,0.000000,0.000000,0.000000,0.000000,4.000000,1.000000,0.000000,2011.000000,1.000000
00:54.839,0.000000,800.000000,21.500000,3.450000,101.000000,84.000000,30.000000,942.000000,27.500000,26.800000,13.500000,15.600000,31.700000,0.700000,1.500000,1.000000,0.700000,19.500000,39.500000,15.600000,47.000000,0.000000,1.000000,0.000000,1.000000,0.700000,0.000000,0.800000,2.300000,0.700000,0.900000,2.000000,0.800000,1.000000,0.300000,15.600000,0.000000,6.000000,0.600000,1.000000,13.500000,1.000000,0.000000,0.000000,3.070000,0.087000,1.000000,0.000000,0.000000,0.000000,1.000000,0.000000,2.300000,0.700000,2.000000,2.343000,8.000000,-3.000000,17.000000,1.000000,0.000000,0.000000,0.000000,0.000000,0.000000,1.000000,0.000000,0.000000,1.000000,0.000000,0.000000,0.000000,0.000000,0.000000,2.000000,0.000000,0.000000,5.000000,0.000000,0.000000,1.000000,0.000000,0.000000,0.000000,0.000000,4.000000,1.000000,0.000000,2011.000000,1.000000
00:55.122,0.000000,890.000000,20.700000,3.650000,101.000000,84.000000,30.000000,943.000000,27.500000,26.800000,13.600000,15.600000,31.700000,0.700000,1.500000,1.000000,0.700000,19.500000,39.500000,16.000000,47.400000,0.000000,1.000000,0.000000,1.000000,0.700000,0.000000,0.700000,2.300000,0.700000,0.900000,2.000000,0.700000,1.000000,0.800000,15.600000,0.000000,13.000000,0.600000,1.000000,13.500000,1.000000,0.000000,0.000000,2.940000,0.087000,1.000000,0.000000,0.000000,0.000000,1.000000,0.000000,3.100000,0.700000,2.000000,3.125000,8.000000,-3.000000,17.000000,1.000000,0.000000,0.000000,0.000000,0.000000,0.000000,1.000000,0.000000,0.000000,1.000000,0.000000,0.000000,0.000000,0.000000,0.000000,2.000000,0.000000,0.000000,5.000000,0.000000,0.000000,1.000000,0.000000,0.000000,0.000000,0.000000,4.000000,1.000000,0.000000,2011.000000,1.000000
00:55.404,0.000000,948.000000,19.600000,3.700000,101.000000,84.000000,30.000000,943.000000,27.500000,26.800000,13.600000,15.600000,31.700000,0.700000,1.500000,1.000000,0.700000,19.500000,39.500000,15.600000,47.000000,0.000000,1.000000,0.000000,1.000000,0.700000,0.000000,0.800000,2.300000,0.700000,0.900000,2.000000,0.800000,1.000000,0.700000,15.600000,0.000000,19.000000,0.600000,1.000000,13.500000,1.000000,0.000000,0.000000,2.810000,0.087000,1.000000,0.000000,0.000000,0.000000,1.000000,0.010000,3.100000,0.700000,2.000000,3.125000,10.500000,-3.000000,17.000000,1.000000,0.000000,0.000000,0.000000,0.000000,0.000000,1.000000,0.000000,0.000000,1.000000,0.000000,0.000000,0.000000,0.000000,0.000000,2.000000,0.000000,0.000000,5.000000,0.000000,0.000000,1.000000,0.000000,0.000000,0.000000,0.000000,4.000000,1.000000,0.000000,2011.000000,1.000000
00:55.687,0.000000,946.000000,20.700000,3.900000,101.000000,84.000000,30.000000,943.000000,27.500000,26.800000,13.600000,15.600000,31.700000,0.700000,1.500000,1.000000,0.700000,19.500000,39.500000,16.000000,47.400000,0.000000,1.000000,0.000000,1.000000,0.700000,0.000000,0.800000,2.300000,0.700000,0.900000,2.000000,0.700000,1.000000,0.900000,15.600000,0.000000,12.000000,0.600000,1.000000,13.500000,1.000000,0.000000,0.000000,2.680000,0.140000,1.000000,0.000000,0.000000,0.000000,1.000000,0.010000,3.900000,0.700000,2.000000,3.906000,10.500000,-3.000000,17.000000,1.000000,0.000000,0.000000,0.000000,0.000000,0.000000,1.000000,0.000000,0.000000,1.000000,0.000000,0.000000,0.000000,0.000000,0.000000,2.000000,0.000000,0.000000,5.000000,0.000000,0.000000,1.000000,0.000000,0.000000,0.000000,0.000000,4.000000,1.000000,0.000000,2011.000000,1.000000
00:55.970,0.000000,890.000000,23.900000,4.250000,101.000000,84.000000,30.000000,944.000000,27.500000,26.800000,13.600000,15.600000,31.700000,0.700000,1.500000,1.000000,0.700000,19.500000,39.500000,16.000000,47.400000,0.000000,1.000000,0.000000,1.000000,0.700000,0.000000,0.800000,2.300000,0.700000,0.900000,2.000000,0.800000,1.000000,1.000000,15.600000,0.000000,16.000000,0.600000,1.000000,13.500000,1.000000,0.000000,0.000000,2.810000,0.140000,1.000000,0.000000,0.000000,0.000000,1.000000,0.010000,4.600000,0.700000,2.000000,4.687000,10.500000,-3.000000,17.000000,1.000000,0.000000,0.000000,0.000000,0.000000,0.000000,1.000000,0.000000,0.000000,1.000000,0.000000,0.000000,0.000000,0.000000,0.000000,2.000000,0.000000,0.000000,5.000000,0.000000,0.000000,1.000000,0.000000,0.000000,0.000000,0.000000,4.000000,1.000000,0.000000,2011.000000,1.000000
00:56.293,0.000000,814.000000,24.700000,4.030000,101.000000,84.000000,30.000000,944.000000,27.500000,26.800000,13.500000,15.600000,31.700000,0.700000,1.500000,1.000000,0.700000,19.500000,39.500000,15.600000,47.000000,0.000000,1.000000,0.000000,1.000000,0.800000,0.000000,0.700000,2.300000,0.800000,0.900000,2.000000,0.700000,1.000000,1.100000,15.600000,0.000000,11.000000,0.600000,1.000000,13.500000,1.000000,0.000000,0.000000,2.940000,0.140000,1.000000,0.000000,0.000000,0.000000,1.000000,0.010000,5.400000,0.700000,2.000000,5.468000,10.500000,-3.000000,17.000000,1.000000,0.000000,0.000000,0.000000,0.000000,0.000000,1.000000,0.000000,0.000000,1.000000,0.000000,0.000000,0.000000,0.000000,0.000000,2.000000,0.000000,0.000000,5.000000,0.000000,0.000000,1.000000,0.000000,0.000000,0.000000,0.000000,4.000000,1.000000,0.000000,2011.000000,1.000000
00:56.576,0.000000,771.000000,26.600000,4.100000,101.000000,84.000000,30.000000,944.000000,27.500000,26.800000,13.500000,15.600000,31.700000,0.700000,1.500000,1.000000,0.700000,19.500000,39.500000,15.600000,46.600000,0.000000,1.000000,0.000000,1.000000,0.700000,0.000000,0.700000,2.300000,0.700000,0.900000,2.000000,0.700000,1.000000,1.400000,15.600000,0.000000,20.000000,0.600000,1.000000,13.500000,1.000000,0.000000,0.000000,3.070000,0.140000,1.000000,0.000000,0.000000,0.000000,1.000000,0.010000,6.200000,0.700000,2.000000,6.250000,10.500000,-3.000000,17.000000,1.000000,0.000000,0.000000,0.000000,0.000000,0.000000,1.000000,0.000000,0.000000,1.000000,0.000000,0.000000,0.000000,0.000000,0.000000,2.000000,0.000000,0.000000,5.000000,0.000000,0.000000,1.000000,0.000000,0.000000,0.000000,0.000000,4.000000,1.000000,0.000000,2011.000000,1.000000
00:56.858,0.000000,728.000000,28.200000,4.060000,101.000000,84.000000,30.000000,944.000000,27.500000,26.800000,13.500000,15.600000,31.700000,0.700000,1.500000,1.000000,0.700000,19.500000,39.500000,16.000000,47.400000,0.000000,1.000000,0.000000,1.000000,0.700000,0.000000,0.700000,2.300000,0.700000,0.900000,2.000000,0.700000,1.000000,1.500000,15.600000,0.000000,24.000000,0.600000,1.000000,13.500000,1.000000,0.000000,0.000000,3.070000,0.140000,1.000000,0.000000,0.000000,0.000000,1.000000,0.010000,7.000000,0.700000,2.000000,7.031000,10.500000,-3.000000,17.000000,1.000000,0.000000,0.000000,0.000000,0.000000,0.000000,1.000000,0.000000,0.000000,1.000000,0.000000,0.000000,0.000000,0.000000,0.000000,2.000000,0.000000,0.000000,5.000000,0.000000,0.000000,1.000000,0.000000,0.000000,0.000000,0.000000,4.000000,1.000000,0.000000,2011.000000,1.000000
00:57.141,0.000000,673.000000,26.600000,3.540000,101.000000,84.000000,30.000000,945.000000,27.500000,26.800000,13.500000,15.600000,31.700000,0.700000,1.500000,1.000000,0.700000,19.500000,39.500000,16.400000,47.400000,0.000000,1.000000,0.000000,1.000000,0.800000,0.000000,0.800000,2.300000,0.800000,0.900000,2.000000,0.800000,1.000000,0.400000,16.800000,0.000000,9.000000,0.600000,1.000000,13.500000,1.000000,0.000000,0.000000,3.200000,0.140000,1.000000,0.100000,0.000000,0.000000,1.000000,0.010000,7.000000,0.700000,2.000000,7.031000,10.500000,-3.000000,17.000000,1.000000,0.000000,0.000000,0.000000,0.000000,0.000000,1.000000,0.000000,0.000000,1.000000,0.000000,0.000000,0.000000,0.000000,0.000000,2.000000,0.000000,0.000000,5.000000,0.000000,0.000000,1.000000,0.000000,0.000000,0.000000,0.000000,4.000000,1.000000,0.000000,2011.000000,1.000000
