SampleTime,VehicleSpeed,EngineSpeed,CalculateLoad,MAF,AtmospherePressure,CoolantTemp,IntakeAir,EngineRunTime,InitialEngineCoolantTemp,InitialIntakeAirTemp,BatteryVoltage,AccelSens.No.1Volt%,AccelSens.No.2Volt%,AccelSensorOutNo.1,AccelSensorOutNo.2,AcceleratorIdlePosition,AccelFullyClose#1(AD),AccelFullyCloseLearn#1,AccelFullyCloseLearn#2,ThrottleSensorVolt%,ThrottleSensor2Volt%,ST1,SystemGuard,OpenSideMalfunction,ThrottleIdlePosition,ThrottleRequirePosition,ThrottleSensorPosition,ThrottlePositionNo.1,ThrottlePositionNo.2,ThrottlePositionCommand,ThrottleSensOpenPos#1,ThrottleSensOpenPos#2,ThrottleSensOpen#1(AD),ThrottleMotor,ThrottleMotorCurrent,ThrottleMotorDUTY,ThrottleMotorDuty(Open),ThrottleMotorDuty(Close),ThrottleFullyCloseLearn,ETCSActuatorPower,+BMVoltage,ActuatorPowerSupply,FailSafeDrive,FailSafeDrive(MainCPU),Injector(Port),InjectionVolum(Cylinder1),FuelPump/SpeedStatus,EvapPurgeFlow,PurgeDensityLearnValue,EVAPPurgeVSV,TargetAir-FuelRatio,O2SB1S1,ShortFTB1S1,LongFTB1S1,FuelSystemStatus#1,O2FTB1S1,IGNAdvance,KnockFeedbackValue,KnockCorrectLearnValue,VVTControlStatus#1,VVTAimAngle#1,VVTChangeAngle#1,VVTOCVDuty#1,StarterSignal,PowerSteeringSignal,PowerSteer.Sig.Record,StopLightSwitch,A/CSignal,ClosedThrottlePositionSW,ElectricalLoadSignal,CheckMode,SPDTestResult,#Codes(IncludeHistory),MIL,TimeafterDTCCleared,DistancefromDTCCleared,WarmupCycleClearedDTC,OBDRequirements,NumberofEmissionDTC,TCandTE1,ACTVSV,IdleFuelCut,FCTAU,ModelCode,EngineType,CylinderNumber,TransmissionType,Destination,ModelYear,SystemIdentification
00:00.000,0.000000,753.000000,19.600000,2.930000,97.000000,75.000000,28.000000,271.000000,45.600000,28.700000,13.700000,16.000000,31.700000,0.800000,1.500000,1.000000,0.800000,20.000000,39.500000,16.000000,47.000000,0.000000,1.000000,0.000000,1.000000,0.800000,0.000000,0.800000,2.300000,0.800000,0.900000,2.000000,0.800000,1.000000,1.000000,16.000000,0.000000,13.000000,0.600000,1.000000,13.700000,1.000000,0.000000,0.000000,2.430000,0.112000,1.000000,0.000000,0.000000,0.000000,1.000000,0.440000,-1.600000,2.300000,2.000000,-1.563000,8.500000,-3.000000,18.400000,1.000000,0.000000,0.000000,0.000000,0.000000,0.000000,1.000000,0.000000,0.000000,1.000000,0.000000,0.000000,0.000000,0.000000,0.000000,23886.000000,9359.000000,255.000000,5.000000,0.000000,0.000000,1.000000,0.000000,0.000000,0.000000,0.000000,4.000000,1.000000,0.000000,2011.000000,1.000000
00:00.282,0.000000,756.000000,19.600000,2.960000,97.000000,75.000000,28.000000,272.000000,45.600000,28.700000,13.700000,16.000000,31.700000,0.800000,1.500000,1.000000,0.800000,20.000000,39.500000,16.000000,47.000000,0.000000,1.000000,0.000000,1.000000,0.800000,0.000000,0.800000,2.300000,0.800000,0.900000,2.000000,0.800000,1.000000,1.000000,16.000000,0.000000,16.000000,0.600000,1.000000,13.700000,1.000000,0.000000,0.000000,2.430000,0.112000,1.000000,0.000000,0.000000,0.000000,1.000000,0.070000,0.000000,2.300000,2.000000,0.000000,7.500000,-3.000000,18.400000,1.000000,0.000000,0.000000,0.000000,0.000000,0.000000,1.000000,0.000000,0.000000,1.000000,0.000000,0.000000,0.000000,0.000000,0.000000,23886.000000,9359.000000,255.000000,5.000000,0.000000,0.000000,1.000000,0.000000,0.000000,0.000000,0.000000,4.000000,1.000000,0.000000,2011.000000,1.000000
00:00.565,0.000000,759.000000,19.200000,2.920000,97.000000,75.000000,28.000000,272.000000,45.600000,28.700000,13.700000,16.000000,31.700000,0.800000,1.500000,1.000000,0.800000,20.000000,39.500000,16.000000,47.000000,0.000000,1.000000,0.000000,1.000000,0.800000,0.000000,0.800000,2.300000,0.800000,0.900000,2.000000,0.800000,1.000000,0.900000,16.000000,0.000000,12.000000,0.600000,1.000000,13.700000,1.000000,0.000000,0.000000,2.430000,0.112000,1.000000,0.000000,0.000000,0.000000,1.000000,0.070000,0.700000,2.300000,2.000000,0.781000,7.000000,-3.000000,18.400000,1.000000,0.000000,0.000000,0.000000,0.000000,0.000000,1.000000,0.000000,0.000000,1.000000,0.000000,0.000000,0.000000,0.000000,0.000000,23886.000000,9359.000000,255.000000,5.000000,0.000000,0.000000,1.000000,0.000000,0.000000,0.000000,0.000000,4.000000,1.000000,0.000000,2011.000000,1.000000
00:00.847,0.000000,749.000000,20.000000,2.960000,97.000000,75.000000,28.000000,272.000000,45.600000,28.700000,13.700000,16.000000,31.700000,0.800000,1.500000,1.000000,0.800000,20.000000,39.500000,16.000000,47.000000,0.000000,1.000000,0.000000,1.000000,0.800000,0.000000,0.800000,2.300000,0.800000,0.900000,2.000000,0.800000,1.000000,1.000000,16.000000,0.000000,16.000000,0.600000,1.000000,13.700000,1.000000,0.000000,0.000000,2.430000,0.112000,1.000000,0.000000,0.000000,0.000000,1.000000,0.070000,1.500000,2.300000,2.000000,1.562000,7.500000,-3.000000,18.400000,1.000000,0.000000,0.000000,0.000000,0.000000,0.000000,1.000000,0.000000,0.000000,1.000000,0.000000,0.000000,0.000000,0.000000,0.000000,23886.000000,9359.000000,255.000000,5.000000,0.000000,0.000000,1.000000,0.000000,0.000000,0.000000,0.000000,4.000000,1.000000,0.000000,2011.000000,1.000000
00:01.130,0.000000,756.000000,19.600000,2.950000,97.000000,75.000000,28.000000,272.000000,45.600000,28.700000,13.700000,16.000000,31.700000,0.800000,1.500000,1.000000,0.800000,20.000000,39.500000,16.000000,47.000000,0.000000,1.000000,0.000000,1.000000,0.800000,0.000000,0.800000,2.300000,0.800000,0.900000,2.000000,0.800000,1.000000,1.000000,16.000000,0.000000,12.000000,0.600000,1.000000,13.700000,1.000000,0.000000,0.000000,2.430000,0.112000,1.000000,0.000000,0.000000,0.000000,1.000000,0.070000,2.300000,2.300000,2.000000,2.343000,6.500000,-3.000000,18.400000,1.000000,0.000000,0.000000,0.000000,0.000000,0.000000,1.000000,0.000000,0.000000,1.000000,0.000000,0.000000,0.000000,0.000000,0.000000,23886.000000,9359.000000,255.000000,5.000000,0.000000,0.000000,1.000000,0.000000,0.000000,0.000000,0.000000,4.000000,1.000000,0.000000,2011.000000,1.000000
00:01.413,0.000000,754.000000,19.600000,2.920000,97.000000,75.000000,28.000000,273.000000,45.600000,28.700000,13.700000,16.000000,31.700000,0.800000,1.500000,1.000000,0.800000,20.000000,39.500000,16.000000,47.000000,0.000000,1.000000,0.000000,1.000000,0.800000,0.000000,0.800000,2.300000,0.800000,0.900000,2.000000,0.800000,1.000000,1.000000,16.000000,0.000000,13.000000,0.600000,1.000000,13.700000,1.000000,0.000000,0.000000,2.560000,0.112000,1.000000,0.000000,0.000000,0.000000,1.000000,0.090000,3.100000,2.300000,2.000000,3.125000,7.000000,-3.000000,18.400000,1.000000,0.000000,0.000000,0.000000,0.000000,0.000000,1.000000,0.000000,0.000000,1.000000,0.000000,0.000000,0.000000,0.000000,0.000000,23886.000000,9359.000000,255.000000,5.000000,0.000000,0.000000,1.000000,0.000000,0.000000,0.000000,0.000000,4.000000,1.000000,0.000000,2011.000000,1.000000
00:01.695,0.000000,757.000000,19.600000,2.950000,97.000000,75.000000,28.000000,273.000000,45.600000,28.700000,13.700000,16.000000,31.700000,0.800000,1.500000,1.000000,0.800000,20.000000,39.500000,16.000000,47.000000,0.000000,1.000000,0.000000,1.000000,0.800000,0.000000,0.800000,2.300000,0.800000,0.900000,2.000000,0.800000,1.000000,0.900000,16.000000,0.000000,14.000000,0.600000,1.000000,13.700000,1.000000,0.000000,0.000000,2.430000,0.112000,1.000000,0.000000,0.000000,0.000000,1.000000,0.110000,3.100000,2.300000,2.000000,3.125000,6.000000,-3.000000,18.400000,1.000000,0.000000,0.000000,0.000000,0.000000,0.000000,1.000000,0.000000,0.000000,1.000000,0.000000,0.000000,0.000000,0.000000,0.000000,23886.000000,9359.000000,255.000000,5.000000,0.000000,0.000000,1.000000,0.000000,0.000000,0.000000,0.000000,4.000000,1.000000,0.000000,2011.000000,1.000000
00:01.978,0.000000,753.000000,19.600000,2.920000,97.000000,75.000000,28.000000,273.000000,45.600000,28.700000,13.700000,16.000000,31.700000,0.800000,1.500000,1.000000,0.800000,20.000000,39.500000,16.000000,47.000000,0.000000,1.000000,0.000000,1.000000,0.800000,0.000000,0.800000,2.300000,0.800000,0.900000,2.000000,0.800000,1.000000,0.900000,16.000000,0.000000,13.000000,0.600000,1.000000,13.700000,1.000000,0.000000,0.000000,2.560000,0.112000,1.000000,0.000000,0.000000,0.000000,1.000000,0.680000,2.300000,2.300000,2.000000,2.343000,6.000000,-3.000000,18.400000,1.000000,0.000000,0.000000,0.000000,0.000000,0.000000,1.000000,0.000000,0.000000,1.000000,0.000000,0.000000,0.000000,0.000000,0.000000,23886.000000,9359.000000,255.000000,5.000000,0.000000,0.000000,1.000000,0.000000,0.000000,0.000000,0.000000,4.000000,1.000000,0.000000,2011.000000,1.000000
00:02.260,0.000000,752.000000,19.600000,2.930000,97.000000,75.000000,28.000000,273.000000,45.600000,28.700000,13.700000,16.000000,31.700000,0.800000,1.500000,1.000000,0.800000,20.000000,39.500000,16.000000,47.000000,0.000000,1.000000,0.000000,1.000000,0.800000,0.000000,0.800000,2.300000,0.800000,0.900000,2.000000,0.800000,1.000000,0.900000,16.000000,0.000000,12.000000,0.600000,1.000000,13.700000,1.000000,0.000000,0.000000,2.430000,0.112000,1.000000,0.000000,0.000000,0.000000,1.000000,0.740000,2.300000,2.300000,2.000000,2.343000,6.500000,-3.000000,18.400000,1.000000,0.000000,0.000000,0.000000,0.000000,0.000000,1.000000,0.000000,0.000000,1.000000,0.000000,0.000000,0.000000,0.000000,0.000000,23886.000000,9359.000000,255.000000,5.000000,0.000000,0.000000,1.000000,0.000000,0.000000,0.000000,0.000000,4.000000,1.000000,0.000000,2011.000000,1.000000
00:02.543,0.000000,757.000000,19.200000,2.920000,97.000000,75.000000,28.000000,274.000000,45.600000,28.700000,13.700000,16.000000,31.700000,0.800000,1.500000,1.000000,0.800000,20.000000,39.500000,16.000000,47.000000,0.000000,1.000000,0.000000,1.000000,0.800000,0.000000,0.800000,2.300000,0.800000,0.900000,2.000000,0.800000,1.000000,1.000000,16.000000,0.000000,16.000000,0.600000,1.000000,13.700000,1.000000,0.000000,0.000000,2.430000,0.112000,1.000000,0.000000,0.000000,0.000000,1.000000,0.760000,1.500000,2.300000,2.000000,1.562000,6.500000,-3.000000,18.400000,1.000000,0.000000,0.000000,0.000000,0.000000,0.000000,1.000000,0.000000,0.000000,1.000000,0.000000,0.000000,0.000000,0.000000,0.000000,23886.000000,9359.000000,255.000000,5.000000,0.000000,0.000000,1.000000,0.000000,0.000000,0.000000,0.000000,4.000000,1.000000,0.000000,2011.000000,1.000000
00:03.005,0.000000,757.000000,19.200000,2.920000,97.000000,75.000000,28.000000,274.000000,45.600000,28.700000,13.700000,16.000000,31.700000,0.800000,1.500000,1.000000,0.800000,20.000000,39.500000,16.000000,47.000000,0.000000,1.000000,0.000000,1.000000,0.800000,0.000000,0.800000,2.300000,0.800000,0.900000,2.000000,0.800000,1.000000,0.900000,16.000000,0.000000,12.000000,0.600000,1.000000,13.700000,1.000000,0.000000,0.000000,2.430000,0.115000,1.000000,0.000000,0.000000,0.000000,1.000000,0.780000,0.700000,2.300000,2.000000,0.781000,7.000000,-3.000000,18.400000,1.000000,0.000000,0.000000,0.000000,0.000000,0.000000,1.000000,0.000000,0.000000,1.000000,0.000000,0.000000,0.000000,0.000000,0.000000,23886.000000,9359.000000,255.000000,5.000000,0.000000,0.000000,1.000000,0.000000,0.000000,0.000000,0.000000,4.000000,1.000000,0.000000,2011.000000,1.000000
00:03.287,0.000000,753.000000,19.600000,2.930000,97.000000,75.000000,28.000000,274.000000,45.600000,28.700000,13.700000,16.000000,31.700000,0.800000,1.500000,1.000000,0.800000,20.000000,39.500000,16.000000,47.000000,0.000000,1.000000,0.000000,1.000000,0.800000,0.000000,0.800000,2.300000,0.800000,0.900000,2.000000,0.800000,1.000000,0.900000,16.000000,0.000000,14.000000,0.600000,1.000000,13.700000,1.000000,0.000000,0.000000,2.430000,0.115000,1.000000,0.000000,0.000000,0.000000,1.000000,0.760000,0.700000,2.300000,2.000000,0.781000,7.000000,-3.000000,18.400000,1.000000,0.000000,0.000000,0.000000,0.000000,0.000000,1.000000,0.000000,0.000000,1.000000,0.000000,0.000000,0.000000,0.000000,0.000000,23886.000000,9359.000000,255.000000,5.000000,0.000000,0.000000,1.000000,0.000000,0.000000,0.000000,0.000000,4.000000,1.000000,0.000000,2011.000000,1.000000
00:03.570,0.000000,752.000000,19.600000,2.920000,97.000000,75.000000,28.000000,275.000000,45.600000,28.700000,13.700000,16.000000,31.700000,0.800000,1.500000,1.000000,0.800000,20.000000,39.500000,16.000000,47.000000,0.000000,1.000000,0.000000,1.000000,0.800000,0.000000,0.800000,2.300000,0.800000,0.900000,2.000000,0.800000,1.000000,1.000000,16.000000,0.000000,13.000000,0.600000,1.000000,13.700000,1.000000,0.000000,0.000000,2.430000,0.115000,1.000000,0.000000,0.000000,0.000000,1.000000,0.740000,0.000000,2.300000,2.000000,0.000000,7.500000,-3.000000,18.400000,1.000000,0.000000,0.000000,0.000000,0.000000,0.000000,1.000000,0.000000,0.000000,1.000000,0.000000,0.000000,0.000000,0.000000,0.000000,23886.000000,9359.000000,255.000000,5.000000,0.000000,0.000000,1.000000,0.000000,0.000000,0.000000,0.000000,4.000000,1.000000,0.000000,2011.000000,1.000000
00:03.852,0.000000,748.000000,19.200000,2.890000,97.000000,75.000000,28.000000,275.000000,45.600000,28.700000,13.700000,16.000000,31.700000,0.800000,1.500000,1.000000,0.800000,20.000000,39.500000,16.000000,47.000000,0.000000,1.000000,0.000000,1.000000,0.800000,0.000000,0.800000,2.300000,0.800000,0.900000,2.000000,0.800000,1.000000,1.000000,16.000000,0.000000,14.000000,0.600000,1.000000,13.700000,1.000000,0.000000,0.000000,2.430000,0.115000,1.000000,0.000000,0.000000,0.000000,1.000000,0.720000,0.000000,2.300000,2.000000,0.000000,8.000000,-3.000000,18.400000,1.000000,0.000000,0.000000,0.000000,0.000000,0.000000,1.000000,0.000000,0.000000,1.000000,0.000000,0.000000,0.000000,0.000000,0.000000,23886.000000,9359.000000,255.000000,5.000000,0.000000,0.000000,1.000000,0.000000,0.000000,0.000000,0.000000,4.000000,1.000000,0.000000,2011.000000,1.000000
00:04.135,0.000000,750.000000,19.600000,2.930000,97.000000,75.000000,28.000000,275.000000,45.600000,28.700000,13.700000,16.000000,31.700000,0.800000,1.500000,1.000000,0.800000,20.000000,39.500000,16.000000,47.000000,0.000000,1.000000,0.000000,1.000000,0.800000,0.000000,0.800000,2.300000,0.800000,0.900000,2.000000,0.800000,1.000000,1.000000,16.000000,0.000000,12.000000,0.600000,1.000000,13.700000,1.000000,0.000000,0.000000,2.430000,0.115000,1.000000,0.000000,0.000000,0.000000,1.000000,0.640000,-0.800000,2.300000,2.000000,-0.782000,8.000000,-3.000000,18.400000,1.000000,0.000000,0.000000,0.000000,0.000000,0.000000,1.000000,0.000000,0.000000,1.000000,0.000000,0.000000,0.000000,0.000000,0.000000,23886.000000,9359.000000,255.000000,5.000000,0.000000,0.000000,1.000000,0.000000,0.000000,0.000000,0.000000,4.000000,1.000000,0.000000,2011.000000,1.000000
00:04.418,0.000000,742.000000,20.000000,2.930000,97.000000,75.000000,28.000000,276.000000,45.600000,28.700000,13.700000,16.000000,31.700000,0.800000,1.500000,1.000000,0.800000,20.000000,39.500000,16.000000,47.000000,0.000000,1.000000,0.000000,1.000000,0.800000,0.000000,0.800000,2.300000,0.800000,0.900000,2.000000,0.800000,1.000000,1.000000,16.000000,0.000000,12.000000,0.600000,1.000000,13.700000,1.000000,0.000000,0.000000,2.430000,0.112000,1.000000,0.000000,0.000000,0.000000,1.000000,0.290000,0.700000,2.300000,2.000000,0.781000,8.500000,-3.000000,18.400000,1.000000,0.000000,0.000000,0.000000,0.000000,0.000000,1.000000,0.000000,0.000000,1.000000,0.000000,0.000000,0.000000,0.000000,0.000000,23886.000000,9359.000000,255.000000,5.000000,0.000000,0.000000,1.000000,0.000000,0.000000,0.000000,0.000000,4.000000,1.000000,0.000000,2011.000000,1.000000
00:04.700,0.000000,750.000000,19.600000,2.930000,97.000000,75.000000,28.000000,276.000000,45.600000,28.700000,13.700000,16.000000,31.700000,0.800000,1.500000,1.000000,0.800000,20.000000,39.500000,16.000000,47.000000,0.000000,1.000000,0.000000,1.000000,0.800000,0.000000,0.800000,2.300000,0.800000,0.900000,2.000000,0.800000,1.000000,0.900000,16.000000,0.000000,16.000000,0.600000,1.000000,13.700000,1.000000,0.000000,0.000000,2.430000,0.112000,1.000000,0.000000,0.000000,0.000000,1.000000,0.090000,1.500000,2.300000,2.000000,1.562000,7.000000,-3.000000,18.400000,1.000000,0.000000,0.000000,0.000000,0.000000,0.000000,1.000000,0.000000,0.000000,1.000000,0.000000,0.000000,0.000000,0.000000,0.000000,23886.000000,9359.000000,255.000000,5.000000,0.000000,0.000000,1.000000,0.000000,0.000000,0.000000,0.000000,4.000000,1.000000,0.000000,2011.000000,1.000000
00:04.983,0.000000,753.000000,19.600000,2.950000,97.000000,75.000000,28.000000,276.000000,45.600000,28.700000,13.700000,16.000000,31.700000,0.800000,1.500000,1.000000,0.800000,20.000000,39.500000,16.000000,47.000000,0.000000,1.000000,0.000000,1.000000,0.800000,0.000000,0.800000,2.300000,0.800000,0.900000,2.000000,0.800000,1.000000,0.900000,16.000000,0.000000,14.000000,0.600000,1.000000,13.700000,1.000000,0.000000,0.000000,2.430000,0.112000,1.000000,0.000000,0.000000,0.000000,1.000000,0.070000,1.500000,2.300000,2.000000,1.562000,6.500000,-3.000000,18.400000,1.000000,0.000000,0.000000,0.000000,0.000000,0.000000,1.000000,0.000000,0.000000,1.000000,0.000000,0.000000,0.000000,0.000000,0.000000,23886.000000,9359.000000,255.000000,5.000000,0.000000,0.000000,1.000000,0.000000,0.000000,0.000000,0.000000,4.000000,1.000000,0.000000,2011.000000,1.000000
00:05.265,0.000000,753.000000,19.600000,2.930000,97.000000,75.000000,28.000000,276.000000,45.600000,28.700000,13.700000,16.000000,31.700000,0.800000,1.500000,1.000000,0.800000,20.000000,39.500000,16.000000,47.000000,0.000000,1.000000,0.000000,1.000000,0.800000,0.000000,0.800000,2.300000,0.800000,0.900000,2.000000,0.800000,1.000000,0.900000,16.000000,0.000000,11.000000,0.600000,1.000000,13.700000,1.000000,0.000000,0.000000,2.430000,0.112000,1.000000,0.000000,0.000000,0.000000,1.000000,0.090000,2.300000,2.300000,2.000000,2.343000,6.500000,-3.000000,18.400000,1.000000,0.000000,0.000000,0.000000,0.000000,0.000000,1.000000,0.000000,0.000000,1.000000,0.000000,0.000000,0.000000,0.000000,0.000000,23886.000000,9359.000000,255.000000,5.000000,0.000000,0.000000,1.000000,0.000000,0.000000,0.000000,0.000000,4.000000,1.000000,0.000000,2011.000000,1.000000
00:05.548,0.000000,757.000000,19.600000,2.950000,97.000000,75.000000,28.000000,277.000000,45.600000,28.700000,13.700000,16.000000,31.700000,0.800000,1.500000,1.000000,0.800000,20.000000,39.500000,16.000000,47.000000,0.000000,1.000000,0.000000,1.000000,0.800000,0.000000,0.800000,2.300000,0.800000,0.900000,2.000000,0.800000,1.000000,1.000000,16.000000,0.000000,16.000000,0.600000,1.000000,13.700000,1.000000,0.000000,0.000000,2.430000,0.112000,1.000000,0.000000,0.000000,0.000000,1.000000,0.110000,3.100000,2.300000,2.000000,3.125000,6.500000,-3.000000,18.400000,1.000000,0.000000,0.000000,0.000000,0.000000,0.000000,1.000000,0.000000,0.000000,1.000000,0.000000,0.000000,0.000000,0.000000,0.000000,23886.000000,9359.000000,255.000000,5.000000,0.000000,0.000000,1.000000,0.000000,0.000000,0.000000,0.000000,4.000000,1.000000,0.000000,2011.000000,1.000000
00:06.010,0.000000,763.000000,19.200000,2.950000,97.000000,75.000000,28.000000,277.000000,45.600000,28.700000,13.700000,16.000000,31.700000,0.800000,1.500000,1.000000,0.800000,20.000000,39.500000,16.000000,47.000000,0.000000,1.000000,0.000000,1.000000,0.800000,0.000000,0.800000,2.300000,0.800000,0.900000,2.000000,0.800000,1.000000,1.000000,16.000000,0.000000,13.000000,0.600000,1.000000,13.700000,1.000000,0.000000,0.000000,2.430000,0.115000,1.000000,0.000000,0.000000,0.000000,1.000000,0.720000,2.300000,2.300000,2.000000,2.343000,6.500000,-3.000000,18.400000,1.000000,0.000000,0.000000,0.000000,0.000000,0.000000,1.000000,0.000000,0.000000,1.000000,0.000000,0.000000,0.000000,0.000000,0.000000,23886.000000,9359.000000,255.000000,5.000000,0.000000,0.000000,1.000000,0.000000,0.000000,0.000000,0.000000,4.000000,1.000000,0.000000,2011.000000,1.000000
00:06.292,0.000000,762.000000,19.200000,2.930000,97.000000,75.000000,28.000000,277.000000,45.600000,28.700000,13.700000,16.000000,31.700000,0.800000,1.500000,1.000000,0.800000,20.000000,39.500000,16.000000,47.000000,0.000000,1.000000,0.000000,1.000000,0.800000,0.000000,0.800000,2.300000,0.800000,0.900000,2.000000,0.800000,1.000000,0.900000,16.000000,0.000000,13.000000,0.600000,1.000000,13.700000,1.000000,0.000000,0.000000,2.430000,0.115000,1.000000,0.000000,0.000000,0.000000,1.000000,0.760000,1.500000,2.300000,2.000000,1.562000,7.000000,-3.000000,18.400000,1.000000,0.000000,0.000000,0.000000,0.000000,0.000000,1.000000,0.000000,0.000000,1.000000,0.000000,0.000000,0.000000,0.000000,0.000000,23886.000000,9359.000000,255.000000,5.000000,0.000000,0.000000,1.000000,0.000000,0.000000,0.000000,0.000000,4.000000,1.000000,0.000000,2011.000000,1.000000
00:06.575,0.000000,760.000000,19.200000,2.930000,97.000000,75.000000,28.000000,278.000000,45.600000,28.700000,13.700000,17.200000,32.900000,0.800000,1.600000,1.000000,0.800000,20.000000,40.000000,16.000000,47.000000,0.000000,1.000000,0.000000,1.000000,0.800000,0.000000,0.800000,2.300000,0.800000,0.900000,2.000000,0.800000,1.000000,0.900000,16.000000,0.000000,12.000000,0.600000,1.000000,13.700000,1.000000,0.000000,0.000000,2.430000,0.115000,1.000000,0.000000,0.000000,0.000000,1.000000,0.760000,1.500000,2.300000,2.000000,1.562000,7.000000,-3.000000,18.400000,1.000000,0.000000,0.000000,0.000000,0.000000,0.000000,1.000000,0.000000,0.000000,1.000000,0.000000,0.000000,0.000000,0.000000,0.000000,23886.000000,9359.000000,255.000000,5.000000,0.000000,0.000000,1.000000,0.000000,0.000000,0.000000,0.000000,4.000000,1.000000,0.000000,2011.000000,1.000000
00:06.858,0.000000,758.000000,19.600000,2.930000,97.000000,75.000000,28.000000,278.000000,45.600000,28.700000,13.700000,17.200000,32.900000,0.800000,1.600000,0.000000,0.800000,20.000000,40.000000,16.000000,47.000000,0.000000,1.000000,0.000000,1.000000,0.800000,0.000000,0.800000,2.300000,0.800000,0.900000,2.000000,0.800000,1.000000,1.000000,16.000000,0.000000,16.000000,0.600000,1.000000,13.700000,1.000000,0.000000,0.000000,2.430000,0.115000,1.000000,0.000000,0.000000,0.000000,1.000000,0.760000,0.700000,2.300000,2.000000,0.781000,7.500000,-3.000000,18.400000,1.000000,0.000000,0.000000,0.000000,0.000000,0.000000,1.000000,0.000000,0.000000,1.000000,0.000000,0.000000,0.000000,0.000000,0.000000,23886.000000,9359.000000,255.000000,5.000000,0.000000,0.000000,1.000000,0.000000,0.000000,0.000000,0.000000,4.000000,1.000000,0.000000,2011.000000,1.000000
00:07.140,0.000000,764.000000,19.200000,2.920000,97.000000,75.000000,28.000000,278.000000,45.600000,28.700000,13.700000,18.000000,33.700000,0.800000,1.600000,0.000000,0.800000,20.000000,40.000000,16.000000,47.000000,0.000000,1.000000,0.000000,1.000000,0.800000,0.000000,0.800000,2.300000,0.800000,0.900000,2.000000,0.800000,1.000000,1.000000,16.000000,0.000000,14.000000,0.600000,1.000000,13.700000,1.000000,0.000000,0.000000,2.430000,0.115000,1.000000,0.000000,0.000000,0.000000,1.000000,0.760000,0.700000,2.300000,2.000000,0.781000,7.500000,-3.000000,18.400000,1.000000,0.000000,0.000000,0.000000,0.000000,0.000000,1.000000,0.000000,0.000000,1.000000,0.000000,0.000000,0.000000,0.000000,0.000000,23886.000000,9359.000000,255.000000,5.000000,0.000000,0.000000,1.000000,0.000000,0.000000,0.000000,0.000000,4.000000,1.000000,0.000000,2011.000000,1.000000
00:07.423,0.000000,769.000000,19.200000,2.920000,97.000000,75.000000,28.000000,279.000000,45.600000,28.700000,13.700000,18.400000,34.100000,0.800000,1.600000,0.000000,0.800000,20.000000,40.000000,16.000000,47.000000,0.000000,1.000000,0.000000,1.000000,0.800000,0.000000,0.800000,2.300000,0.800000,0.900000,2.000000,0.800000,1.000000,0.900000,16.000000,0.000000,13.000000,0.600000,1.000000,13.700000,1.000000,0.000000,0.000000,2.430000,0.112000,1.000000,0.000000,0.000000,0.000000,1.000000,0.740000,0.000000,2.300000,2.000000,0.000000,7.500000,-3.000000,18.400000,1.000000,0.000000,0.000000,0.000000,0.000000,0.000000,1.000000,0.000000,0.000000,1.000000,0.000000,0.000000,0.000000,0.000000,0.000000,23886.000000,9359.000000,255.000000,5.000000,0.000000,0.000000,1.000000,0.000000,0.000000,0.000000,0.000000,4.000000,1.000000,0.000000,2011.000000,1.000000
00:07.705,0.000000,761.000000,24.700000,3.760000,97.000000,75.000000,28.000000,279.000000,45.600000,28.700000,13.700000,19.600000,35.200000,0.900000,1.700000,0.000000,0.900000,20.000000,40.000000,16.800000,48.200000,0.000000,1.000000,0.000000,1.000000,0.800000,0.300000,0.800000,2.300000,0.800000,0.900000,2.000000,0.800000,1.000000,0.200000,16.800000,0.000000,1.000000,0.600000,1.000000,13.700000,1.000000,0.000000,0.000000,2.560000,0.112000,1.000000,0.000000,0.000000,0.000000,1.000000,0.720000,-0.800000,2.300000,2.000000,-0.782000,8.000000,-3.000000,18.400000,1.000000,0.000000,0.000000,0.000000,0.000000,0.000000,1.000000,0.000000,0.000000,1.000000,0.000000,0.000000,0.000000,0.000000,0.000000,23886.000000,9359.000000,255.000000,5.000000,0.000000,0.000000,1.000000,0.000000,0.000000,0.000000,0.000000,4.000000,1.000000,0.000000,2011.000000,1.000000
00:07.988,0.000000,819.000000,31.300000,5.120000,97.000000,75.000000,28.000000,279.000000,45.600000,28.700000,13.700000,20.000000,36.000000,0.900000,1.700000,0.000000,0.900000,20.000000,40.000000,17.600000,49.000000,0.000000,1.000000,0.000000,0.000000,0.800000,1.100000,0.800000,2.400000,0.800000,0.900000,2.000000,0.800000,1.000000,0.100000,17.600000,0.000000,4.000000,0.600000,1.000000,13.700000,1.000000,0.000000,0.000000,2.680000,0.112000,1.000000,0.000000,0.000000,0.000000,1.000000,0.640000,-0.800000,1.500000,2.000000,-0.782000,10.000000,-3.000000,18.400000,1.000000,0.000000,0.000000,0.000000,0.000000,0.000000,1.000000,0.000000,0.000000,0.000000,0.000000,0.000000,0.000000,0.000000,0.000000,23886.000000,9359.000000,255.000000,5.000000,0.000000,0.000000,1.000000,0.000000,0.000000,0.000000,0.000000,4.000000,1.000000,0.000000,2011.000000,1.000000
00:08.270,0.000000,1021.000000,32.100000,6.500000,97.000000,75.000000,28.000000,279.000000,45.600000,28.700000,13.700000,21.100000,37.200000,1.000000,1.700000,0.000000,1.000000,20.000000,40.000000,18.800000,50.500000,0.000000,1.000000,0.000000,0.000000,0.800000,2.300000,0.800000,2.400000,0.800000,0.900000,2.000000,0.800000,1.000000,0.100000,18.800000,0.000000,5.000000,0.600000,1.000000,13.700000,1.000000,0.000000,0.000000,3.450000,0.112000,1.000000,0.000000,0.000000,0.000000,1.000000,0.740000,3.100000,1.500000,2.000000,3.125000,17.000000,-3.000000,18.400000,1.000000,0.000000,0.000000,0.000000,0.000000,0.000000,1.000000,0.000000,0.000000,0.000000,0.000000,0.000000,0.000000,0.000000,0.000000,23886.000000,9359.000000,255.000000,5.000000,0.000000,0.000000,1.000000,0.000000,0.000000,0.000000,0.000000,4.000000,1.000000,0.000000,2011.000000,1.000000
00:08.553,0.000000,1303.000000,26.200000,6.790000,97.000000,75.000000,28.000000,280.000000,45.600000,28.700000,13.700000,20.300000,36.000000,1.000000,1.800000,0.000000,1.000000,20.000000,40.000000,18.000000,49.800000,0.000000,1.000000,0.000000,0.000000,0.900000,1.900000,0.900000,2.500000,0.900000,0.900000,2.000000,0.900000,1.000000,0.300000,18.000000,0.000000,5.000000,0.600000,1.000000,13.800000,1.000000,0.000000,0.000000,3.580000,0.112000,1.000000,0.000000,0.000000,0.000000,1.000000,0.720000,0.700000,1.500000,2.000000,0.781000,22.500000,-3.000000,18.400000,1.000000,0.000000,0.000000,0.000000,0.000000,0.000000,1.000000,0.000000,0.000000,0.000000,0.000000,0.000000,0.000000,0.000000,0.000000,23886.000000,9359.000000,255.000000,5.000000,0.000000,0.000000,1.000000,0.000000,0.000000,0.000000,0.000000,4.000000,1.000000,0.000000,2011.000000,1.000000
00:08.836,0.000000,1562.000000,17.600000,5.530000,97.000000,75.000000,28.000000,280.000000,45.600000,28.700000,13.800000,20.300000,36.000000,1.000000,1.700000,0.000000,1.000000,20.000000,40.000000,17.600000,49.000000,0.000000,1.000000,0.000000,0.000000,0.800000,1.500000,0.800000,2.400000,0.800000,0.900000,2.000000,0.800000,1.000000,1.300000,17.600000,0.000000,19.000000,0.600000,1.000000,13.700000,1.000000,0.000000,0.000000,3.070000,0.140000,1.000000,0.000000,0.000000,0.000000,1.000000,0.070000,7.800000,1.500000,2.000000,7.812000,23.500000,-3.000000,18.400000,1.000000,0.000000,0.000000,0.000000,0.000000,0.000000,1.000000,0.000000,0.000000,0.000000,0.000000,0.000000,0.000000,0.000000,0.000000,23886.000000,9359.000000,255.000000,5.000000,0.000000,0.000000,1.000000,0.000000,0.000000,0.000000,0.000000,4.000000,1.000000,0.000000,2011.000000,1.000000
00:09.159,0.000000,1663.000000,19.200000,6.340000,97.000000,75.000000,28.000000,280.000000,45.600000,28.700000,13.800000,20.700000,36.400000,1.000000,1.700000,0.000000,1.000000,20.000000,40.000000,18.000000,49.800000,0.000000,1.000000,0.000000,0.000000,0.800000,1.900000,0.800000,2.400000,0.800000,0.900000,2.000000,0.800000,1.000000,0.200000,18.000000,0.000000,4.000000,0.600000,1.000000,13.800000,1.000000,0.000000,0.000000,2.560000,0.140000,1.000000,0.000000,0.000000,0.000000,1.000000,0.820000,3.100000,1.500000,2.000000,3.125000,24.000000,-3.000000,18.400000,1.000000,0.000000,0.000000,0.000000,0.000000,0.000000,1.000000,0.000000,0.000000,0.000000,0.000000,0.000000,0.000000,0.000000,0.000000,23886.000000,9359.000000,255.000000,5.000000,0.000000,0.000000,1.000000,0.000000,0.000000,0.000000,0.000000,4.000000,1.000000,0.000000,2011.000000,1.000000
00:09.442,0.000000,1690.000000,21.900000,7.420000,97.000000,75.000000,28.000000,281.000000,45.600000,28.700000,13.800000,21.100000,36.800000,1.000000,1.800000,0.000000,1.000000,20.000000,40.000000,18.800000,50.500000,0.000000,1.000000,0.000000,0.000000,0.900000,2.700000,0.900000,2.500000,0.900000,0.900000,2.000000,0.900000,1.000000,0.000000,18.800000,0.000000,0.000000,0.600000,1.000000,13.800000,1.000000,0.000000,0.000000,2.560000,0.136000,1.000000,0.000000,0.000000,0.000000,1.000000,0.830000,2.300000,1.500000,2.000000,2.343000,24.000000,-3.000000,18.400000,1.000000,0.000000,0.000000,0.000000,0.000000,0.000000,1.000000,0.000000,0.000000,0.000000,0.000000,0.000000,0.000000,0.000000,0.000000,23886.000000,9359.000000,255.000000,5.000000,0.000000,0.000000,1.000000,0.000000,0.000000,0.000000,0.000000,4.000000,1.000000,0.000000,2011.000000,1.000000
00:09.724,0.000000,1737.000000,21.500000,7.500000,97.000000,75.000000,28.000000,281.000000,45.600000,28.700000,13.800000,21.500000,37.600000,1.000000,1.800000,0.000000,1.000000,20.000000,40.000000,19.200000,50.900000,0.000000,1.000000,0.000000,0.000000,0.900000,2.700000,0.900000,2.500000,0.900000,0.900000,2.000000,0.900000,1.000000,0.500000,19.200000,0.000000,11.000000,0.600000,1.000000,13.800000,1.000000,0.000000,0.000000,2.680000,0.136000,1.000000,0.000000,0.000000,0.000000,1.000000,0.820000,1.500000,1.500000,2.000000,1.562000,24.500000,-3.000000,18.400000,1.000000,0.000000,0.000000,0.000000,0.000000,0.000000,1.000000,0.000000,0.000000,0.000000,0.000000,0.000000,0.000000,0.000000,0.000000,23886.000000,9359.000000,255.000000,5.000000,0.000000,0.000000,1.000000,0.000000,0.000000,0.000000,0.000000,4.000000,1.000000,0.000000,2011.000000,1.000000
00:10.007,0.000000,1810.000000,26.200000,9.390000,97.000000,75.000000,28.000000,281.000000,45.600000,28.700000,13.800000,22.300000,38.000000,1.000000,1.800000,0.000000,1.000000,20.000000,40.000000,20.000000,51.700000,0.000000,1.000000,0.000000,0.000000,0.900000,3.500000,0.900000,2.500000,0.900000,0.900000,2.000000,0.900000,1.000000,0.700000,20.000000,14.000000,0.000000,0.600000,1.000000,13.800000,1.000000,0.000000,0.000000,2.810000,0.136000,1.000000,0.000000,0.000000,0.000000,1.000000,0.760000,0.000000,2.300000,2.000000,0.000000,24.500000,-3.000000,18.400000,1.000000,0.000000,0.000000,0.000000,0.000000,0.000000,1.000000,0.000000,0.000000,0.000000,0.000000,0.000000,0.000000,0.000000,0.000000,23886.000000,9359.000000,255.000000,5.000000,0.000000,0.000000,1.000000,0.000000,0.000000,0.000000,0.000000,4.000000,1.000000,0.000000,2011.000000,1.000000
00:10.290,0.000000,1939.000000,23.900000,9.150000,97.000000,75.000000,28.000000,281.000000,45.600000,28.700000,13.800000,22.300000,38.000000,1.100000,1.800000,0.000000,1.100000,20.000000,40.000000,19.600000,51.700000,0.000000,1.000000,0.000000,0.000000,0.900000,3.500000,0.900000,2.500000,0.900000,0.900000,2.000000,0.900000,1.000000,0.700000,19.600000,15.000000,0.000000,0.600000,1.000000,13.800000,1.000000,0.000000,0.000000,2.940000,0.128000,1.000000,0.000000,0.000000,0.000000,1.000000,0.170000,4.600000,2.300000,2.000000,4.687000,25.000000,-3.000000,18.400000,1.000000,0.000000,0.000000,0.000000,0.000000,0.000000,1.000000,0.000000,0.000000,0.000000,0.000000,0.000000,0.000000,0.000000,0.000000,23886.000000,9359.000000,255.000000,5.000000,0.000000,0.000000,1.000000,0.000000,0.000000,0.000000,0.000000,4.000000,1.000000,0.000000,2011.000000,1.000000
00:10.572,0.000000,2077.000000,22.300000,9.250000,97.000000,75.000000,28.000000,282.000000,45.600000,28.700000,13.800000,22.300000,38.000000,1.100000,1.800000,0.000000,1.100000,20.000000,40.000000,19.600000,51.700000,0.000000,1.000000,0.000000,0.000000,0.900000,3.500000,0.900000,2.500000,0.900000,0.900000,2.000000,0.900000,1.000000,0.400000,19.600000,5.000000,0.000000,0.600000,1.000000,13.800000,1.000000,0.000000,0.000000,2.940000,0.128000,1.000000,0.000000,0.000000,0.000000,1.000000,0.110000,6.200000,2.300000,2.000000,6.250000,26.500000,-3.000000,18.400000,1.000000,0.000000,0.000000,0.000000,0.000000,0.000000,1.000000,0.000000,0.000000,0.000000,0.000000,0.000000,0.000000,0.000000,0.000000,23886.000000,9359.000000,255.000000,5.000000,0.000000,0.000000,1.000000,0.000000,0.000000,0.000000,0.000000,4.000000,1.000000,0.000000,2011.000000,1.000000
00:10.855,0.000000,2181.000000,21.100000,9.140000,97.000000,75.000000,28.000000,282.000000,45.600000,28.700000,13.800000,21.900000,38.000000,1.100000,1.800000,0.000000,1.100000,20.000000,40.000000,19.600000,51.700000,0.000000,1.000000,0.000000,0.000000,0.900000,3.500000,0.900000,2.500000,0.900000,0.900000,2.000000,0.900000,1.000000,0.600000,19.600000,9.000000,0.000000,0.600000,1.000000,13.800000,1.000000,0.000000,0.000000,2.680000,0.144000,1.000000,0.000000,0.000000,0.000000,1.000000,0.800000,2.300000,2.300000,2.000000,2.343000,27.500000,-3.000000,18.400000,1.000000,0.000000,0.000000,0.000000,0.000000,0.000000,1.000000,0.000000,0.000000,0.000000,0.000000,0.000000,0.000000,0.000000,0.000000,23886.000000,9359.000000,255.000000,5.000000,0.000000,0.000000,1.000000,0.000000,0.000000,0.000000,0.000000,4.000000,1.000000,0.000000,2011.000000,1.000000
00:11.137,0.000000,2234.000000,20.700000,9.230000,97.000000,75.000000,28.000000,282.000000,45.600000,28.700000,13.800000,21.900000,38.000000,1.000000,1.800000,0.000000,1.000000,20.000000,40.000000,19.600000,51.700000,0.000000,1.000000,0.000000,0.000000,0.900000,3.500000,0.900000,2.500000,0.900000,0.900000,2.000000,0.900000,1.000000,0.600000,19.600000,12.000000,0.000000,0.600000,1.000000,13.800000,1.000000,0.000000,0.000000,2.560000,0.144000,1.000000,0.000000,0.000000,0.000000,1.000000,0.800000,0.700000,2.300000,2.000000,0.781000,28.000000,-3.000000,18.400000,1.000000,0.000000,0.000000,0.000000,0.000000,0.000000,1.000000,0.000000,0.000000,0.000000,0.000000,0.000000,0.000000,0.000000,0.000000,23886.000000,9359.000000,255.000000,5.000000,0.000000,0.000000,1.000000,0.000000,0.000000,0.000000,0.000000,4.000000,1.000000,0.000000,2011.000000,1.000000
00:11.420,0.000000,2272.000000,20.700000,9.370000,97.000000,75.000000,28.000000,282.000000,45.600000,28.700000,13.800000,21.900000,38.000000,1.000000,1.800000,0.000000,1.000000,20.000000,40.000000,19.600000,51.700000,0.000000,1.000000,0.000000,0.000000,0.900000,3.500000,0.900000,2.500000,0.900000,0.900000,2.000000,0.900000,1.000000,0.500000,19.600000,9.000000,0.000000,0.600000,1.000000,13.800000,1.000000,0.000000,0.000000,2.560000,0.128000,1.000000,0.000000,0.000000,0.000000,1.000000,0.780000,-0.800000,2.300000,2.000000,-0.782000,28.500000,-3.000000,18.400000,1.000000,0.000000,0.000000,0.000000,0.000000,0.000000,1.000000,0.000000,0.000000,0.000000,0.000000,0.000000,0.000000,0.000000,0.000000,23886.000000,9359.000000,255.000000,5.000000,0.000000,0.000000,1.000000,0.000000,0.000000,0.000000,0.000000,4.000000,1.000000,0.000000,2011.000000,1.000000
00:11.703,0.000000,2278.000000,20.300000,9.280000,97.000000,75.000000,28.000000,283.000000,45.600000,28.700000,13.800000,21.900000,38.000000,1.000000,1.800000,0.000000,1.000000,20.000000,40.000000,19.600000,51.700000,0.000000,1.000000,0.000000,0.000000,0.900000,3.500000,0.900000,2.500000,0.900000,0.900000,2.000000,0.900000,1.000000,0.500000,19.600000,7.000000,0.000000,0.600000,1.000000,13.800000,1.000000,0.000000,0.000000,2.430000,0.119000,1.000000,0.000000,0.000000,0.000000,1.000000,0.740000,-1.600000,2.300000,2.000000,-1.563000,28.500000,-3.000000,18.400000,1.000000,0.000000,0.000000,0.000000,0.000000,0.000000,1.000000,0.000000,0.000000,0.000000,0.000000,0.000000,0.000000,0.000000,0.000000,23886.000000,9359.000000,255.000000,5.000000,0.000000,0.000000,1.000000,0.000000,0.000000,0.000000,0.000000,4.000000,1.000000,0.000000,2011.000000,1.000000
00:12.164,0.000000,2290.000000,20.300000,9.340000,97.000000,75.000000,28.000000,283.000000,45.600000,28.700000,13.800000,22.300000,38.000000,1.100000,1.800000,0.000000,1.100000,20.000000,40.000000,19.600000,51.700000,0.000000,1.000000,0.000000,0.000000,0.900000,3.500000,0.900000,2.500000,0.900000,0.900000,2.000000,0.900000,1.000000,0.500000,20.000000,11.000000,0.000000,0.600000,1.000000,13.800000,1.000000,0.000000,0.000000,2.560000,0.119000,1.000000,0.000000,0.000000,0.000000,1.000000,0.070000,3.900000,2.300000,2.000000,3.906000,29.000000,-3.000000,18.400000,1.000000,0.000000,0.000000,0.000000,0.000000,0.000000,1.000000,0.000000,0.000000,0.000000,0.000000,0.000000,0.000000,0.000000,0.000000,23886.000000,9359.000000,255.000000,5.000000,0.000000,0.000000,1.000000,0.000000,0.000000,0.000000,0.000000,4.000000,1.000000,0.000000,2011.000000,1.000000
00:12.447,0.000000,2313.000000,21.100000,9.700000,97.000000,75.000000,28.000000,283.000000,45.600000,28.700000,13.800000,22.700000,38.800000,1.100000,1.800000,0.000000,1.100000,20.000000,40.000000,20.000000,51.700000,0.000000,1.000000,0.000000,0.000000,0.900000,3.500000,0.900000,2.500000,0.900000,0.900000,2.000000,0.900000,1.000000,0.800000,20.000000,15.000000,0.000000,0.600000,1.000000,13.800000,1.000000,0.000000,0.000000,2.560000,0.118000,1.000000,0.000000,0.000000,0.000000,1.000000,0.780000,0.000000,2.300000,2.000000,0.000000,29.000000,-3.000000,18.400000,1.000000,0.000000,0.000000,0.000000,0.000000,0.000000,1.000000,0.000000,0.000000,0.000000,0.000000,0.000000,0.000000,0.000000,0.000000,23886.000000,9359.000000,255.000000,5.000000,0.000000,0.000000,1.000000,0.000000,0.000000,0.000000,0.000000,4.000000,1.000000,0.000000,2011.000000,1.000000
00:12.729,0.000000,2364.000000,23.500000,11.100000,97.000000,75.000000,28.000000,284.000000,45.600000,28.700000,13.800000,23.100000,38.800000,1.100000,1.900000,0.000000,1.100000,20.000000,40.000000,20.300000,52.900000,0.000000,1.000000,0.000000,0.000000,1.000000,4.300000,1.000000,2.600000,1.000000,0.900000,2.000000,1.000000,1.000000,0.800000,20.300000,14.000000,0.000000,0.600000,1.000000,13.800000,1.000000,0.000000,0.000000,2.810000,0.118000,1.000000,0.000000,0.000000,0.000000,1.000000,0.740000,-0.800000,3.100000,2.000000,-0.782000,30.000000,-3.000000,18.400000,1.000000,0.000000,0.000000,0.000000,0.000000,0.000000,1.000000,0.000000,0.000000,0.000000,0.000000,0.000000,0.000000,0.000000,0.000000,23886.000000,9359.000000,255.000000,5.000000,0.000000,0.000000,1.000000,0.000000,0.000000,0.000000,0.000000,4.000000,1.000000,0.000000,2011.000000,1.000000
00:13.012,0.000000,2460.000000,23.100000,11.320000,97.000000,76.000000,28.000000,284.000000,45.600000,28.700000,13.800000,23.100000,38.800000,1.100000,1.900000,0.000000,1.100000,20.000000,40.000000,20.300000,52.900000,0.000000,1.000000,0.000000,0.000000,1.000000,4.300000,1.000000,2.600000,1.000000,0.900000,2.000000,1.000000,1.000000,0.700000,20.300000,9.000000,0.000000,0.600000,1.000000,13.800000,1.000000,0.000000,0.000000,2.940000,0.126000,1.000000,0.000000,0.000000,0.000000,1.000000,0.050000,5.400000,3.100000,2.000000,5.468000,30.500000,-3.000000,18.400000,1.000000,0.000000,0.000000,0.000000,0.000000,0.000000,1.000000,0.000000,0.000000,0.000000,0.000000,0.000000,0.000000,0.000000,0.000000,23886.000000,9359.000000,255.000000,5.000000,0.000000,0.000000,1.000000,0.000000,0.000000,0.000000,0.000000,4.000000,1.000000,0.000000,2011.000000,1.000000
00:13.295,0.000000,2560.000000,22.300000,11.320000,97.000000,75.000000,28.000000,284.000000,45.600000,28.700000,13.800000,23.100000,38.800000,1.100000,1.900000,0.000000,1.100000,20.000000,40.000000,20.300000,52.900000,0.000000,1.000000,0.000000,0.000000,1.000000,4.300000,1.000000,2.600000,1.000000,0.900000,2.000000,1.000000,1.000000,0.700000,20.300000,11.000000,0.000000,0.600000,1.000000,13.800000,1.000000,0.000000,0.000000,2.810000,0.138000,1.000000,0.000000,0.000000,0.000000,1.000000,0.780000,2.300000,3.100000,2.000000,2.343000,31.500000,-3.000000,18.400000,1.000000,0.000000,0.000000,0.000000,0.000000,0.000000,1.000000,0.000000,0.000000,0.000000,0.000000,0.000000,0.000000,0.000000,0.000000,23886.000000,9359.000000,255.000000,5.000000,0.000000,0.000000,1.000000,0.000000,0.000000,0.000000,0.000000,4.000000,1.000000,0.000000,2011.000000,1.000000
00:13.577,0.000000,2638.000000,21.500000,11.390000,97.000000,75.000000,28.000000,285.000000,45.600000,28.700000,13.800000,23.100000,38.800000,1.100000,1.900000,0.000000,1.100000,20.000000,40.000000,20.300000,52.900000,0.000000,1.000000,0.000000,0.000000,1.000000,4.300000,1.000000,2.600000,1.000000,0.900000,2.000000,1.000000,1.000000,0.700000,20.300000,12.000000,0.000000,0.600000,1.000000,13.800000,1.000000,0.000000,0.000000,2.680000,0.138000,1.000000,0.000000,0.000000,0.000000,1.000000,0.780000,0.700000,3.100000,2.000000,0.781000,32.000000,-3.000000,18.400000,1.000000,0.000000,0.000000,0.000000,0.000000,0.000000,1.000000,0.000000,0.000000,0.000000,0.000000,0.000000,0.000000,0.000000,0.000000,23886.000000,9359.000000,255.000000,5.000000,0.000000,0.000000,1.000000,0.000000,0.000000,0.000000,0.000000,4.000000,1.000000,0.000000,2011.000000,1.000000
00:13.860,0.000000,2697.000000,21.100000,11.340000,97.000000,76.000000,28.000000,285.000000,45.600000,28.700000,13.800000,23.100000,38.800000,1.100000,1.900000,0.000000,1.100000,20.000000,40.000000,20.300000,52.500000,0.000000,1.000000,0.000000,0.000000,1.000000,4.300000,1.000000,2.600000,1.000000,0.900000,2.000000,1.000000,1.000000,0.800000,20.300000,9.000000,0.000000,0.600000,1.000000,13.800000,1.000000,0.000000,0.000000,2.560000,0.128000,1.000000,0.000000,0.000000,0.000000,1.000000,0.720000,-0.800000,3.100000,2.000000,-0.782000,32.500000,-3.000000,18.400000,1.000000,0.000000,0.000000,0.000000,0.000000,0.000000,1.000000,0.000000,0.000000,0.000000,0.000000,0.000000,0.000000,0.000000,0.000000,23886.000000,9359.000000,255.000000,5.000000,0.000000,0.000000,1.000000,0.000000,0.000000,0.000000,0.000000,4.000000,1.000000,0.000000,2011.000000,1.000000
00:14.142,0.000000,2742.000000,21.100000,11.480000,97.000000,76.000000,28.000000,285.000000,45.600000,28.700000,13.800000,22.700000,38.800000,1.100000,1.900000,0.000000,1.100000,20.000000,40.000000,20.300000,52.900000,0.000000,1.000000,0.000000,0.000000,1.000000,4.300000,1.000000,2.600000,1.000000,0.900000,2.000000,1.000000,1.000000,0.700000,20.300000,13.000000,0.000000,0.600000,1.000000,13.800000,1.000000,0.000000,0.000000,2.560000,0.121000,1.000000,0.000000,0.000000,0.000000,1.000000,0.410000,-1.600000,3.100000,2.000000,-1.563000,33.000000,-3.000000,18.400000,1.000000,0.000000,0.000000,0.000000,0.000000,0.000000,1.000000,0.000000,0.000000,0.000000,0.000000,0.000000,0.000000,0.000000,0.000000,23886.000000,9359.000000,255.000000,5.000000,0.000000,0.000000,1.000000,0.000000,0.000000,0.000000,0.000000,4.000000,1.000000,0.000000,2011.000000,1.000000
00:14.425,0.000000,2785.000000,21.100000,11.670000,97.000000,76.000000,28.000000,285.000000,45.600000,28.700000,13.800000,23.100000,38.800000,1.100000,1.900000,0.000000,1.100000,20.000000,40.000000,20.300000,52.500000,0.000000,1.000000,0.000000,0.000000,1.000000,4.300000,1.000000,2.600000,1.000000,0.900000,2.000000,1.000000,1.000000,0.700000,20.300000,9.000000,0.000000,0.600000,1.000000,13.800000,1.000000,0.000000,0.000000,2.560000,0.121000,1.000000,0.000000,0.000000,0.000000,1.000000,0.780000,0.700000,3.100000,2.000000,0.781000,33.000000,-3.000000,18.400000,1.000000,0.000000,0.000000,0.000000,0.000000,0.000000,1.000000,0.000000,0.000000,0.000000,0.000000,0.000000,0.000000,0.000000,0.000000,23886.000000,9359.000000,255.000000,5.000000,0.000000,0.000000,1.000000,0.000000,0.000000,0.000000,0.000000,4.000000,1.000000,0.000000,2011.000000,1.000000
00:14.708,0.000000,2817.000000,21.100000,11.920000,97.000000,76.000000,28.000000,286.000000,45.600000,28.700000,13.800000,23.100000,38.800000,1.100000,1.900000,0.000000,1.100000,20.000000,40.000000,20.300000,52.900000,0.000000,1.000000,0.000000,0.000000,1.000000,4.300000,1.000000,2.600000,1.000000,0.900000,2.000000,1.000000,1.000000,0.700000,20.300000,8.000000,0.000000,0.600000,1.000000,13.800000,1.000000,0.000000,0.000000,2.560000,0.125000,1.000000,0.000000,0.000000,0.000000,1.000000,0.820000,-0.800000,3.900000,2.000000,-0.782000,33.500000,-3.000000,18.400000,1.000000,0.000000,0.000000,0.000000,0.000000,0.000000,1.000000,0.000000,0.000000,0.000000,0.000000,0.000000,0.000000,0.000000,0.000000,23886.000000,9359.000000,255.000000,5.000000,0.000000,0.000000,1.000000,0.000000,0.000000,0.000000,0.000000,4.000000,1.000000,0.000000,2011.000000,1.000000
00:14.990,0.000000,2835.000000,21.500000,12.070000,97.000000,76.000000,28.000000,286.000000,45.600000,28.700000,13.800000,23.100000,38.800000,1.100000,1.900000,0.000000,1.100000,20.000000,40.000000,20.300000,52.500000,0.000000,1.000000,0.000000,0.000000,1.000000,4.300000,1.000000,2.600000,1.000000,0.900000,2.000000,1.000000,1.000000,0.700000,20.300000,13.000000,0.000000,0.600000,1.000000,13.800000,1.000000,0.000000,0.000000,2.560000,0.125000,1.000000,0.000000,0.000000,0.000000,1.000000,0.800000,-1.600000,3.900000,2.000000,-1.563000,33.500000,-3.000000,18.400000,1.000000,0.000000,0.000000,0.000000,0.000000,0.000000,1.000000,0.000000,0.000000,0.000000,0.000000,0.000000,0.000000,0.000000,0.000000,23886.000000,9359.000000,255.000000,5.000000,0.000000,0.000000,1.000000,0.000000,0.000000,0.000000,0.000000,4.000000,1.000000,0.000000,2011.000000,1.000000
00:15.314,0.000000,2860.000000,20.300000,11.650000,97.000000,76.000000,28.000000,286.000000,45.600000,28.700000,13.800000,22.700000,38.800000,1.100000,1.900000,0.000000,1.100000,20.000000,40.000000,20.300000,52.500000,0.000000,1.000000,0.000000,0.000000,1.000000,4.300000,1.000000,2.600000,1.000000,0.900000,2.000000,1.000000,1.000000,0.800000,20.300000,9.000000,0.000000,0.600000,1.000000,13.800000,1.000000,0.000000,0.000000,2.430000,0.120000,1.000000,0.000000,0.000000,0.000000,1.000000,0.800000,-3.200000,3.900000,2.000000,-3.125000,33.500000,-3.000000,18.400000,1.000000,0.000000,0.000000,0.000000,0.000000,0.000000,1.000000,0.000000,0.000000,0.000000,0.000000,0.000000,0.000000,0.000000,0.000000,23886.000000,9359.000000,255.000000,5.000000,0.000000,0.000000,1.000000,0.000000,0.000000,0.000000,0.000000,4.000000,1.000000,0.000000,2011.000000,1.000000
00:15.596,0.000000,2864.000000,20.700000,11.840000,97.000000,76.000000,28.000000,287.000000,45.600000,28.700000,13.800000,23.100000,38.800000,1.100000,1.900000,0.000000,1.100000,20.000000,40.000000,20.300000,52.500000,0.000000,1.000000,0.000000,0.000000,1.000000,4.300000,1.000000,2.600000,1.000000,0.900000,2.000000,1.000000,1.000000,0.700000,20.300000,13.000000,0.000000,0.600000,1.000000,13.800000,1.000000,0.000000,0.000000,2.430000,0.117000,1.000000,0.000000,0.000000,0.000000,1.000000,0.760000,-4.700000,3.900000,2.000000,-4.688000,33.500000,-3.000000,18.400000,1.000000,0.000000,0.000000,0.000000,0.000000,0.000000,1.000000,0.000000,0.000000,0.000000,0.000000,0.000000,0.000000,0.000000,0.000000,23886.000000,9359.000000,255.000000,5.000000,0.000000,0.000000,1.000000,0.000000,0.000000,0.000000,0.000000,4.000000,1.000000,0.000000,2011.000000,1.000000
00:15.879,0.000000,2868.000000,20.700000,11.850000,97.000000,76.000000,28.000000,287.000000,45.600000,28.700000,13.800000,23.100000,38.800000,1.100000,1.900000,0.000000,1.100000,20.000000,40.000000,20.300000,52.500000,0.000000,1.000000,0.000000,0.000000,1.000000,4.300000,1.000000,2.600000,1.000000,0.900000,2.000000,1.000000,1.000000,0.700000,20.300000,11.000000,0.000000,0.600000,1.000000,13.800000,1.000000,0.000000,0.000000,2.430000,0.114000,1.000000,0.000000,0.000000,0.000000,1.000000,0.680000,-6.300000,3.900000,2.000000,-6.250000,33.500000,-3.000000,18.400000,1.000000,0.000000,0.000000,0.000000,0.000000,0.000000,1.000000,0.000000,0.000000,0.000000,0.000000,0.000000,0.000000,0.000000,0.000000,23886.000000,9359.000000,255.000000,5.000000,0.000000,0.000000,1.000000,0.000000,0.000000,0.000000,0.000000,4.000000,1.000000,0.000000,2011.000000,1.000000
00:16.162,0.000000,2871.000000,20.000000,11.540000,97.000000,76.000000,28.000000,287.000000,45.600000,28.700000,13.800000,23.100000,38.800000,1.100000,1.900000,0.000000,1.100000,20.000000,40.000000,20.300000,52.900000,0.000000,1.000000,0.000000,0.000000,1.000000,4.300000,1.000000,2.600000,1.000000,0.900000,2.000000,1.000000,1.000000,0.700000,20.300000,10.000000,0.000000,0.600000,1.000000,13.800000,1.000000,0.000000,0.000000,2.430000,0.114000,1.000000,0.000000,0.000000,0.000000,1.000000,0.660000,-7.100000,3.900000,2.000000,-7.032000,33.500000,-3.000000,18.400000,1.000000,0.000000,0.000000,0.000000,0.000000,0.000000,1.000000,0.000000,0.000000,0.000000,0.000000,0.000000,0.000000,0.000000,0.000000,23886.000000,9359.000000,255.000000,5.000000,0.000000,0.000000,1.000000,0.000000,0.000000,0.000000,0.000000,4.000000,1.000000,0.000000,2011.000000,1.000000
00:16.444,0.000000,2875.000000,20.000000,11.460000,97.000000,76.000000,28.000000,287.000000,45.600000,28.700000,13.800000,23.100000,38.800000,1.100000,1.900000,0.000000,1.100000,20.000000,40.000000,20.300000,52.900000,0.000000,1.000000,0.000000,0.000000,1.000000,4.300000,1.000000,2.600000,1.000000,0.900000,2.000000,1.000000,1.000000,0.700000,20.300000,13.000000,0.000000,0.600000,1.000000,13.800000,1.000000,0.000000,0.000000,2.560000,0.113000,1.000000,0.000000,0.000000,0.000000,1.000000,0.070000,-0.800000,3.900000,2.000000,-0.782000,34.000000,-3.000000,18.400000,1.000000,0.000000,0.000000,0.000000,0.000000,0.000000,1.000000,0.000000,0.000000,0.000000,0.000000,0.000000,0.000000,0.000000,0.000000,23886.000000,9359.000000,255.000000,5.000000,0.000000,0.000000,1.000000,0.000000,0.000000,0.000000,0.000000,4.000000,1.000000,0.000000,2011.000000,1.000000
00:16.727,0.000000,2884.000000,21.100000,12.120000,97.000000,76.000000,28.000000,288.000000,45.600000,28.700000,13.800000,23.100000,39.200000,1.100000,1.900000,0.000000,1.100000,20.000000,40.000000,20.700000,52.900000,0.000000,1.000000,0.000000,0.000000,1.000000,4.300000,1.000000,2.600000,1.000000,0.900000,2.000000,1.000000,1.000000,0.900000,20.700000,14.000000,0.000000,0.600000,1.000000,13.800000,1.000000,0.000000,0.000000,2.430000,0.117000,1.000000,0.000000,0.000000,0.000000,1.000000,0.800000,-4.000000,3.100000,2.000000,-3.907000,34.000000,-3.000000,18.400000,1.000000,0.000000,0.000000,0.000000,0.000000,0.000000,1.000000,0.000000,0.000000,0.000000,0.000000,0.000000,0.000000,0.000000,0.000000,23886.000000,9359.000000,255.000000,5.000000,0.000000,0.000000,1.000000,0.000000,0.000000,0.000000,0.000000,4.000000,1.000000,0.000000,2011.000000,1.000000
00:17.009,0.000000,2906.000000,22.700000,13.070000,97.000000,76.000000,28.000000,288.000000,45.600000,28.700000,13.800000,23.500000,39.600000,1.100000,1.900000,0.000000,1.100000,20.000000,40.000000,21.100000,53.300000,0.000000,1.000000,0.000000,0.000000,1.000000,5.000000,1.000000,2.600000,1.000000,0.900000,2.000000,1.000000,1.000000,1.000000,21.100000,15.000000,0.000000,0.600000,1.000000,13.800000,1.000000,0.000000,0.000000,2.560000,0.117000,1.000000,0.000000,0.000000,0.000000,1.000000,0.760000,-5.500000,3.100000,2.000000,-5.469000,34.000000,-3.000000,18.400000,1.000000,0.000000,0.000000,0.000000,0.000000,0.000000,1.000000,0.000000,0.000000,0.000000,0.000000,0.000000,0.000000,0.000000,0.000000,23886.000000,9359.000000,255.000000,5.000000,0.000000,0.000000,1.000000,0.000000,0.000000,0.000000,0.000000,4.000000,1.000000,0.000000,2011.000000,1.000000
00:17.292,0.000000,2957.000000,22.300000,13.200000,97.000000,76.000000,28.000000,288.000000,45.600000,28.700000,13.800000,23.500000,39.600000,1.100000,1.900000,0.000000,1.100000,20.000000,40.000000,21.100000,53.300000,0.000000,1.000000,0.000000,0.000000,1.000000,4.700000,1.000000,2.600000,1.000000,0.900000,2.000000,1.000000,1.000000,0.700000,21.100000,12.000000,0.000000,0.600000,1.000000,13.800000,1.000000,0.000000,0.000000,2.680000,0.119000,1.000000,0.000000,0.000000,0.000000,1.000000,0.070000,0.000000,3.100000,2.000000,0.000000,34.000000,-3.000000,18.400000,0.000000,0.000000,0.000000,0.000000,0.000000,0.000000,1.000000,0.000000,0.000000,0.000000,0.000000,0.000000,0.000000,0.000000,0.000000,23886.000000,9359.000000,255.000000,5.000000,0.000000,0.000000,1.000000,0.000000,0.000000,0.000000,0.000000,4.000000,1.000000,0.000000,2011.000000,1.000000
00:17.574,0.000000,3016.000000,21.500000,12.950000,97.000000,76.000000,28.000000,289.000000,45.600000,28.700000,13.800000,23.500000,39.200000,1.100000,1.900000,0.000000,1.100000,20.000000,40.000000,21.100000,53.300000,0.000000,1.000000,0.000000,0.000000,1.000000,5.000000,1.000000,2.600000,1.000000,0.900000,2.000000,1.000000,1.000000,0.700000,21.100000,7.000000,0.000000,0.600000,1.000000,13.800000,1.000000,0.000000,0.000000,2.560000,0.129000,1.000000,0.000000,0.000000,0.000000,1.000000,0.800000,-4.000000,3.100000,2.000000,-3.907000,34.000000,-3.000000,18.400000,0.000000,0.000000,0.000000,0.000000,0.000000,0.000000,1.000000,0.000000,0.000000,0.000000,0.000000,0.000000,0.000000,0.000000,0.000000,23886.000000,9359.000000,255.000000,5.000000,0.000000,0.000000,1.000000,0.000000,0.000000,0.000000,0.000000,4.000000,1.000000,0.000000,2011.000000,1.000000
00:17.857,0.000000,3046.000000,21.100000,12.930000,97.000000,76.000000,28.000000,289.000000,45.600000,28.700000,13.800000,23.500000,39.200000,1.100000,1.900000,0.000000,1.100000,20.000000,40.000000,21.100000,53.300000,0.000000,1.000000,0.000000,0.000000,1.000000,5.000000,1.000000,2.600000,1.000000,0.900000,2.000000,1.000000,1.000000,0.700000,21.100000,12.000000,0.000000,0.600000,1.000000,13.900000,1.000000,0.000000,0.000000,2.560000,0.129000,1.000000,0.000000,0.000000,0.000000,1.000000,0.460000,-5.500000,3.100000,2.000000,-5.469000,34.500000,-3.000000,14.800000,0.000000,0.000000,0.000000,0.000000,0.000000,0.000000,1.000000,0.000000,0.000000,0.000000,0.000000,0.000000,0.000000,0.000000,0.000000,23886.000000,9359.000000,255.000000,5.000000,0.000000,0.000000,1.000000,0.000000,0.000000,0.000000,0.000000,4.000000,1.000000,0.000000,2011.000000,1.000000
00:18.140,0.000000,3078.000000,21.100000,12.870000,97.000000,76.000000,28.000000,289.000000,45.600000,28.700000,13.800000,23.500000,39.200000,1.100000,1.900000,0.000000,1.100000,20.000000,40.000000,21.100000,53.300000,0.000000,1.000000,0.000000,0.000000,1.000000,5.000000,1.000000,2.600000,1.000000,0.900000,2.000000,1.000000,1.000000,0.700000,21.100000,11.000000,0.000000,0.600000,1.000000,13.900000,1.000000,0.000000,0.000000,2.560000,0.120000,1.000000,0.000000,0.000000,0.000000,1.000000,0.090000,0.700000,3.100000,2.000000,0.781000,34.500000,-3.000000,14.800000,0.000000,0.000000,0.000000,0.000000,0.000000,0.000000,1.000000,0.000000,0.000000,0.000000,0.000000,0.000000,0.000000,0.000000,0.000000,23886.000000,9359.000000,255.000000,5.000000,0.000000,0.000000,1.000000,0.000000,0.000000,0.000000,0.000000,4.000000,1.000000,0.000000,2011.000000,1.000000
00:18.463,0.000000,3103.000000,20.700000,12.730000,97.000000,76.000000,28.000000,289.000000,45.600000,28.700000,13.800000,23.500000,39.200000,1.100000,1.900000,0.000000,1.100000,20.000000,40.000000,21.100000,53.300000,0.000000,1.000000,0.000000,0.000000,1.000000,5.000000,1.000000,2.600000,1.000000,0.900000,2.000000,1.000000,1.000000,0.700000,21.100000,10.000000,0.000000,0.600000,1.000000,13.900000,1.000000,0.000000,0.000000,2.430000,0.124000,1.000000,0.000000,0.000000,0.000000,1.000000,0.740000,-4.700000,3.100000,2.000000,-4.688000,34.500000,-3.000000,14.800000,0.000000,0.000000,0.000000,0.000000,0.000000,0.000000,1.000000,0.000000,0.000000,0.000000,0.000000,0.000000,0.000000,0.000000,0.000000,23886.000000,9359.000000,255.000000,5.000000,0.000000,0.000000,1.000000,0.000000,0.000000,0.000000,0.000000,4.000000,1.000000,0.000000,2011.000000,1.000000
00:18.746,0.000000,3121.000000,20.700000,12.870000,97.000000,76.000000,28.000000,290.000000,45.600000,28.700000,13.800000,23.500000,39.200000,1.100000,1.900000,0.000000,1.100000,20.000000,40.000000,21.100000,53.300000,0.000000,1.000000,0.000000,0.000000,1.000000,5.000000,1.000000,2.600000,1.000000,0.900000,2.000000,1.000000,1.000000,0.700000,21.100000,9.000000,0.000000,0.600000,1.000000,13.900000,1.000000,0.000000,0.000000,2.560000,0.117000,1.000000,0.000000,0.000000,0.000000,1.000000,0.070000,1.500000,3.100000,2.000000,1.562000,34.500000,-3.000000,14.800000,0.000000,0.000000,0.000000,0.000000,0.000000,0.000000,1.000000,0.000000,0.000000,0.000000,0.000000,0.000000,0.000000,0.000000,0.000000,23886.000000,9359.000000,255.000000,5.000000,0.000000,0.000000,1.000000,0.000000,0.000000,0.000000,0.000000,4.000000,1.000000,0.000000,2011.000000,1.000000
00:19.028,0.000000,3135.000000,20.700000,12.890000,97.000000,76.000000,28.000000,290.000000,45.600000,28.700000,13.800000,23.500000,39.600000,1.100000,1.900000,0.000000,1.100000,20.000000,40.000000,21.100000,53.300000,0.000000,1.000000,0.000000,0.000000,1.000000,5.000000,1.000000,2.600000,1.000000,0.900000,2.000000,1.000000,1.000000,0.700000,21.100000,12.000000,0.000000,0.600000,1.000000,13.900000,1.000000,0.000000,0.000000,2.560000,0.117000,1.000000,0.000000,0.000000,0.000000,1.000000,0.720000,3.100000,3.100000,2.000000,3.125000,34.500000,-3.000000,14.800000,0.000000,0.000000,0.000000,0.000000,0.000000,0.000000,1.000000,0.000000,0.000000,0.000000,0.000000,0.000000,0.000000,0.000000,0.000000,23886.000000,9359.000000,255.000000,5.000000,0.000000,0.000000,1.000000,0.000000,0.000000,0.000000,0.000000,4.000000,1.000000,0.000000,2011.000000,1.000000
00:19.311,0.000000,3135.000000,20.300000,12.710000,97.000000,76.000000,28.000000,290.000000,45.600000,28.700000,13.800000,23.500000,39.200000,1.100000,1.900000,0.000000,1.100000,20.000000,40.000000,21.100000,53.300000,0.000000,1.000000,0.000000,0.000000,1.000000,4.700000,1.000000,2.600000,1.000000,0.900000,2.000000,1.000000,1.000000,0.700000,21.100000,11.000000,0.000000,0.600000,1.000000,13.900000,1.000000,0.000000,0.000000,2.430000,0.121000,1.000000,0.000000,0.000000,0.000000,1.000000,0.290000,-3.200000,3.100000,2.000000,-3.125000,35.000000,-3.000000,14.800000,0.000000,0.000000,0.000000,0.000000,0.000000,0.000000,1.000000,0.000000,0.000000,0.000000,0.000000,0.000000,0.000000,0.000000,0.000000,23886.000000,9359.000000,255.000000,5.000000,0.000000,0.000000,1.000000,0.000000,0.000000,0.000000,0.000000,4.000000,1.000000,0.000000,2011.000000,1.000000
00:19.594,0.000000,3148.000000,20.300000,12.870000,97.000000,76.000000,28.000000,291.000000,45.600000,28.700000,13.800000,23.500000,39.200000,1.100000,1.900000,0.000000,1.100000,20.000000,40.000000,21.100000,53.300000,0.000000,1.000000,0.000000,0.000000,1.000000,5.000000,1.000000,2.600000,1.000000,0.900000,2.000000,1.000000,1.000000,0.700000,21.100000,11.000000,0.000000,0.600000,1.000000,13.900000,1.000000,0.000000,0.000000,2.560000,0.116000,1.000000,0.000000,0.000000,0.000000,1.000000,0.110000,3.100000,3.100000,2.000000,3.125000,35.000000,-3.000000,14.800000,0.000000,0.000000,0.000000,0.000000,0.000000,0.000000,1.000000,0.000000,0.000000,0.000000,0.000000,0.000000,0.000000,0.000000,0.000000,23886.000000,9359.000000,255.000000,5.000000,0.000000,0.000000,1.000000,0.000000,0.000000,0.000000,0.000000,4.000000,1.000000,0.000000,2011.000000,1.000000
00:19.876,0.000000,3153.000000,20.300000,12.730000,97.000000,77.000000,28.000000,291.000000,45.600000,28.700000,13.800000,23.500000,39.200000,1.100000,1.900000,0.000000,1.100000,20.000000,40.000000,21.100000,53.300000,0.000000,1.000000,0.000000,0.000000,1.000000,4.700000,1.000000,2.600000,1.000000,0.900000,2.000000,1.000000,1.000000,0.700000,21.100000,14.000000,0.000000,0.600000,1.000000,13.900000,1.000000,0.000000,0.000000,2.430000,0.120000,1.000000,0.000000,0.000000,0.000000,1.000000,0.780000,-1.600000,3.100000,2.000000,-1.563000,35.000000,-3.000000,14.800000,0.000000,0.000000,0.000000,0.000000,0.000000,0.000000,1.000000,0.000000,0.000000,0.000000,0.000000,0.000000,0.000000,0.000000,0.000000,23886.000000,9359.000000,255.000000,5.000000,0.000000,0.000000,1.000000,0.000000,0.000000,0.000000,0.000000,4.000000,1.000000,0.000000,2011.000000,1.000000
00:20.159,0.000000,3158.000000,20.300000,12.760000,97.000000,77.000000,28.000000,291.000000,45.600000,28.700000,13.800000,23.500000,39.200000,1.100000,1.900000,0.000000,1.100000,20.000000,40.000000,21.100000,53.300000,0.000000,1.000000,0.000000,0.000000,1.000000,4.700000,1.000000,2.600000,1.000000,0.900000,2.000000,1.000000,1.000000,0.700000,21.100000,10.000000,0.000000,0.600000,1.000000,13.900000,1.000000,0.000000,0.000000,2.560000,0.120000,1.000000,0.000000,0.000000,0.000000,1.000000,0.070000,3.100000,3.100000,2.000000,3.125000,35.000000,-3.000000,14.800000,0.000000,0.000000,0.000000,0.000000,0.000000,0.000000,1.000000,0.000000,0.000000,0.000000,0.000000,0.000000,0.000000,0.000000,0.000000,23886.000000,9359.000000,255.000000,5.000000,0.000000,0.000000,1.000000,0.000000,0.000000,0.000000,0.000000,4.000000,1.000000,0.000000,2011.000000,1.000000
00:20.441,0.000000,3164.000000,20.000000,12.560000,97.000000,77.000000,28.000000,291.000000,45.600000,28.700000,13.900000,23.500000,39.200000,1.100000,1.900000,0.000000,1.100000,20.000000,40.000000,21.100000,53.300000,0.000000,1.000000,0.000000,0.000000,1.000000,4.700000,1.000000,2.600000,1.000000,0.900000,2.000000,1.000000,1.000000,0.700000,21.100000,7.000000,0.000000,0.600000,1.000000,13.900000,1.000000,0.000000,0.000000,2.430000,0.117000,1.000000,0.000000,0.000000,0.000000,1.000000,0.760000,-0.800000,3.100000,2.000000,-0.782000,35.000000,-3.000000,14.800000,0.000000,0.000000,0.000000,0.000000,0.000000,0.000000,1.000000,0.000000,0.000000,0.000000,0.000000,0.000000,0.000000,0.000000,0.000000,23886.000000,9359.000000,255.000000,5.000000,0.000000,0.000000,1.000000,0.000000,0.000000,0.000000,0.000000,4.000000,1.000000,0.000000,2011.000000,1.000000
00:20.724,0.000000,3164.000000,20.300000,12.730000,97.000000,77.000000,28.000000,292.000000,45.600000,28.700000,13.800000,23.500000,39.200000,1.100000,1.900000,0.000000,1.100000,20.000000,40.000000,21.100000,53.300000,0.000000,1.000000,0.000000,0.000000,1.000000,4.700000,1.000000,2.600000,1.000000,0.900000,2.000000,1.000000,1.000000,0.700000,21.100000,8.000000,0.000000,0.600000,1.000000,13.900000,1.000000,0.000000,0.000000,2.430000,0.118000,1.000000,0.000000,0.000000,0.000000,1.000000,0.480000,-2.400000,3.100000,2.000000,-2.344000,35.000000,-3.000000,14.800000,0.000000,0.000000,0.000000,0.000000,0.000000,0.000000,1.000000,0.000000,0.000000,0.000000,0.000000,0.000000,0.000000,0.000000,0.000000,23886.000000,9359.000000,255.000000,5.000000,0.000000,0.000000,1.000000,0.000000,0.000000,0.000000,0.000000,4.000000,1.000000,0.000000,2011.000000,1.000000
00:21.007,0.000000,3164.000000,20.000000,12.670000,97.000000,77.000000,28.000000,292.000000,45.600000,28.700000,13.800000,23.500000,39.200000,1.100000,1.900000,0.000000,1.100000,20.000000,40.000000,21.100000,53.300000,0.000000,1.000000,0.000000,0.000000,1.000000,4.700000,1.000000,2.600000,1.000000,0.900000,2.000000,1.000000,1.000000,0.700000,21.100000,13.000000,0.000000,0.600000,1.000000,13.900000,1.000000,0.000000,0.000000,2.560000,0.117000,1.000000,0.000000,0.000000,0.000000,1.000000,0.150000,3.900000,3.100000,2.000000,3.906000,35.000000,-3.000000,14.800000,0.000000,0.000000,0.000000,0.000000,0.000000,0.000000,1.000000,0.000000,0.000000,0.000000,0.000000,0.000000,0.000000,0.000000,0.000000,23886.000000,9359.000000,255.000000,5.000000,0.000000,0.000000,1.000000,0.000000,0.000000,0.000000,0.000000,4.000000,1.000000,0.000000,2011.000000,1.000000
00:21.289,0.000000,3167.000000,19.600000,12.320000,97.000000,77.000000,28.000000,292.000000,45.600000,28.700000,13.900000,23.500000,39.200000,1.100000,1.900000,0.000000,1.100000,20.000000,40.000000,20.700000,53.300000,0.000000,1.000000,0.000000,0.000000,1.000000,4.700000,1.000000,2.600000,1.000000,0.900000,2.000000,1.000000,1.000000,0.700000,20.700000,11.000000,0.000000,0.600000,1.000000,13.900000,1.000000,0.000000,0.000000,2.430000,0.117000,1.000000,0.000000,0.000000,0.000000,1.000000,0.780000,-0.800000,3.100000,2.000000,-0.782000,35.000000,-3.000000,14.800000,0.000000,0.000000,0.000000,0.000000,0.000000,0.000000,1.000000,0.000000,0.000000,0.000000,0.000000,0.000000,0.000000,0.000000,0.000000,23886.000000,9359.000000,255.000000,5.000000,0.000000,0.000000,1.000000,0.000000,0.000000,0.000000,0.000000,4.000000,1.000000,0.000000,2011.000000,1.000000
00:21.613,0.000000,3140.000000,19.600000,12.310000,97.000000,77.000000,28.000000,293.000000,45.600000,28.700000,13.800000,23.500000,39.200000,1.100000,1.900000,0.000000,1.100000,20.000000,40.000000,20.700000,53.300000,0.000000,1.000000,0.000000,0.000000,1.000000,4.700000,1.000000,2.600000,1.000000,0.900000,2.000000,1.000000,1.000000,0.700000,20.700000,12.000000,0.000000,0.600000,1.000000,13.900000,1.000000,0.000000,0.000000,2.430000,0.117000,1.000000,0.000000,0.000000,0.000000,1.000000,0.150000,3.100000,3.100000,2.000000,3.125000,34.500000,-3.000000,14.800000,0.000000,0.000000,0.000000,0.000000,0.000000,0.000000,1.000000,0.000000,0.000000,0.000000,0.000000,0.000000,0.000000,0.000000,0.000000,23886.000000,9359.000000,255.000000,5.000000,0.000000,0.000000,1.000000,0.000000,0.000000,0.000000,0.000000,4.000000,1.000000,0.000000,2011.000000,1.000000
00:21.895,0.000000,3135.000000,19.200000,11.920000,97.000000,77.000000,28.000000,293.000000,45.600000,28.700000,13.800000,21.500000,37.600000,1.100000,1.900000,0.000000,1.100000,20.000000,40.000000,20.300000,52.900000,0.000000,1.000000,0.000000,0.000000,1.000000,4.300000,1.000000,2.600000,1.000000,0.900000,2.000000,1.000000,1.000000,0.600000,20.300000,8.000000,0.000000,0.600000,1.000000,13.900000,1.000000,0.000000,0.000000,2.430000,0.112000,1.000000,0.000000,0.000000,0.000000,1.000000,0.740000,4.600000,3.100000,2.000000,4.687000,34.500000,-3.000000,14.800000,0.000000,0.000000,0.000000,0.000000,0.000000,0.000000,1.000000,0.000000,0.000000,0.000000,0.000000,0.000000,0.000000,0.000000,0.000000,23886.000000,9359.000000,255.000000,5.000000,0.000000,0.000000,1.000000,0.000000,0.000000,0.000000,0.000000,4.000000,1.000000,0.000000,2011.000000,1.000000
00:22.178,0.000000,3046.000000,13.300000,8.040000,97.000000,77.000000,28.000000,293.000000,45.600000,28.700000,13.900000,17.200000,32.900000,1.000000,1.800000,0.000000,1.000000,20.000000,40.000000,17.600000,49.000000,0.000000,1.000000,0.000000,0.000000,0.900000,1.500000,0.900000,2.500000,0.900000,0.900000,2.000000,0.900000,1.000000,0.300000,16.800000,0.000000,11.000000,0.600000,1.000000,13.900000,1.000000,0.000000,0.000000,1.660000,0.105000,1.000000,0.000000,0.000000,0.000000,1.000000,0.800000,-1.600000,2.300000,2.000000,-1.563000,31.500000,-3.000000,14.800000,0.000000,0.000000,0.000000,0.000000,0.000000,0.000000,1.000000,0.000000,0.000000,0.000000,0.000000,0.000000,0.000000,0.000000,0.000000,23886.000000,9359.000000,255.000000,5.000000,0.000000,0.000000,1.000000,0.000000,0.000000,0.000000,0.000000,4.000000,1.000000,0.000000,2011.000000,1.000000
00:22.460,0.000000,2663.000000,5.800000,3.180000,97.000000,77.000000,28.000000,293.000000,45.600000,28.700000,13.800000,16.000000,31.700000,0.800000,1.500000,0.000000,0.800000,20.000000,40.000000,16.800000,48.200000,0.000000,1.000000,0.000000,0.000000,0.800000,0.000000,0.800000,2.300000,0.800000,0.900000,2.000000,0.800000,1.000000,0.700000,17.200000,0.000000,6.000000,0.600000,1.000000,13.800000,1.000000,0.000000,0.000000,1.150000,0.105000,1.000000,0.000000,0.000000,0.000000,0.999000,0.070000,0.000000,2.300000,2.000000,0.000000,19.000000,-3.000000,14.800000,1.000000,0.000000,0.000000,0.000000,0.000000,0.000000,1.000000,0.000000,0.000000,1.000000,0.000000,0.000000,0.000000,0.000000,0.000000,23886.000000,9359.000000,255.000000,5.000000,0.000000,0.000000,1.000000,1.000000,0.000000,0.000000,0.000000,4.000000,1.000000,0.000000,2011.000000,1.000000
00:22.743,0.000000,2265.000000,9.000000,4.180000,97.000000,78.000000,28.000000,294.000000,45.600000,28.700000,13.800000,16.000000,31.700000,0.800000,1.500000,1.000000,0.800000,20.000000,40.000000,16.800000,48.200000,0.000000,1.000000,0.000000,1.000000,0.800000,0.000000,0.800000,2.300000,0.800000,0.900000,2.000000,0.800000,1.000000,0.600000,16.400000,0.000000,2.000000,0.600000,1.000000,13.800000,1.000000,0.000000,0.000000,1.150000,0.105000,1.000000,0.000000,0.000000,0.000000,0.999000,0.000000,0.000000,2.300000,4.000000,0.000000,15.000000,-3.000000,14.800000,1.000000,0.000000,0.000000,0.000000,0.000000,0.000000,1.000000,0.000000,0.000000,1.000000,0.000000,0.000000,0.000000,0.000000,0.000000,23886.000000,9359.000000,255.000000,5.000000,0.000000,0.000000,1.000000,1.000000,0.000000,0.000000,0.000000,4.000000,1.000000,0.000000,2011.000000,1.000000
00:23.026,0.000000,1900.000000,12.100000,4.590000,97.000000,78.000000,28.000000,294.000000,45.600000,28.700000,13.800000,16.000000,31.700000,0.800000,1.500000,1.000000,0.800000,20.000000,40.000000,16.800000,48.200000,0.000000,1.000000,0.000000,1.000000,0.800000,0.000000,0.800000,2.300000,0.800000,0.900000,2.000000,0.800000,1.000000,0.900000,16.400000,0.000000,8.000000,0.600000,1.000000,13.900000,1.000000,0.000000,0.000000,1.150000,0.105000,1.000000,0.000000,0.000000,0.000000,0.999000,0.000000,0.000000,2.300000,4.000000,0.000000,12.000000,-3.000000,18.400000,1.000000,0.000000,0.000000,0.000000,0.000000,0.000000,1.000000,0.000000,0.000000,1.000000,0.000000,0.000000,0.000000,0.000000,0.000000,23886.000000,9359.000000,255.000000,5.000000,0.000000,0.000000,1.000000,1.000000,0.000000,0.000000,0.000000,4.000000,1.000000,0.000000,2011.000000,1.000000
00:23.308,0.000000,1562.000000,14.100000,4.370000,97.000000,78.000000,28.000000,294.000000,45.600000,28.700000,13.800000,16.000000,31.700000,0.800000,1.500000,1.000000,0.800000,20.000000,40.000000,16.800000,48.200000,0.000000,1.000000,0.000000,1.000000,0.800000,0.000000,0.800000,2.400000,0.800000,0.900000,2.000000,0.800000,1.000000,0.800000,16.800000,0.000000,17.000000,0.600000,1.000000,13.800000,1.000000,0.000000,0.000000,1.150000,0.105000,1.000000,0.000000,0.000000,0.000000,0.999000,0.000000,0.000000,2.300000,4.000000,0.000000,7.500000,-3.000000,18.400000,1.000000,0.000000,0.000000,0.000000,0.000000,0.000000,1.000000,0.000000,0.000000,1.000000,0.000000,0.000000,0.000000,0.000000,0.000000,23886.000000,9359.000000,255.000000,5.000000,0.000000,0.000000,1.000000,1.000000,0.000000,0.000000,0.000000,4.000000,1.000000,0.000000,2011.000000,1.000000
00:23.591,0.000000,1248.000000,18.400000,4.620000,97.000000,78.000000,28.000000,294.000000,45.600000,28.700000,13.800000,16.000000,31.700000,0.800000,1.500000,1.000000,0.800000,20.000000,40.000000,16.800000,48.200000,0.000000,1.000000,0.000000,1.000000,0.800000,0.000000,0.800000,2.400000,0.800000,0.900000,2.000000,0.800000,1.000000,0.900000,17.200000,0.000000,20.000000,0.600000,1.000000,13.800000,1.000000,0.000000,0.000000,1.790000,0.105000,1.000000,0.000000,0.000000,0.000000,0.999000,0.000000,0.000000,2.300000,4.000000,0.000000,7.000000,-3.000000,18.400000,1.000000,0.000000,0.000000,0.000000,0.000000,0.000000,1.000000,0.000000,0.000000,1.000000,0.000000,0.000000,0.000000,0.000000,0.000000,23886.000000,9359.000000,255.000000,5.000000,0.000000,0.000000,1.000000,0.000000,0.000000,0.000000,0.000000,4.000000,1.000000,0.000000,2011.000000,1.000000
00:23.873,0.000000,1093.000000,17.200000,3.780000,97.000000,78.000000,28.000000,295.000000,45.600000,28.700000,13.800000,16.000000,31.700000,0.800000,1.500000,1.000000,0.800000,20.000000,40.000000,16.400000,47.400000,0.000000,1.000000,0.000000,1.000000,0.800000,0.000000,0.800000,2.400000,0.800000,0.900000,2.000000,0.800000,1.000000,1.000000,16.800000,0.000000,16.000000,0.600000,1.000000,13.800000,1.000000,0.000000,0.000000,2.170000,0.060000,1.000000,0.000000,0.000000,0.000000,1.000000,0.000000,0.000000,2.300000,2.000000,0.000000,7.000000,-3.000000,18.400000,1.000000,0.000000,0.000000,0.000000,0.000000,0.000000,1.000000,0.000000,0.000000,1.000000,0.000000,0.000000,0.000000,0.000000,0.000000,23886.000000,9359.000000,255.000000,5.000000,0.000000,0.000000,1.000000,0.000000,0.000000,0.000000,0.000000,4.000000,1.000000,0.000000,2011.000000,1.000000
00:24.156,0.000000,996.000000,18.000000,3.600000,97.000000,78.000000,28.000000,295.000000,45.600000,28.700000,13.800000,16.000000,31.700000,0.800000,1.500000,1.000000,0.800000,20.000000,40.000000,16.400000,47.800000,0.000000,1.000000,0.000000,1.000000,0.800000,0.000000,0.800000,2.300000,0.800000,0.900000,2.000000,0.800000,1.000000,1.000000,16.400000,0.000000,16.000000,0.600000,1.000000,13.800000,1.000000,0.000000,0.000000,2.170000,0.060000,1.000000,0.000000,0.000000,0.000000,1.000000,0.000000,0.000000,2.300000,2.000000,0.000000,7.000000,-3.000000,18.400000,1.000000,0.000000,0.000000,0.000000,0.000000,0.000000,1.000000,0.000000,0.000000,1.000000,0.000000,0.000000,0.000000,0.000000,0.000000,23886.000000,9359.000000,255.000000,5.000000,0.000000,0.000000,1.000000,0.000000,0.000000,0.000000,0.000000,4.000000,1.000000,0.000000,2011.000000,1.000000
00:24.618,0.000000,894.000000,18.400000,3.310000,97.000000,78.000000,28.000000,295.000000,45.600000,28.700000,13.800000,16.000000,31.700000,0.800000,1.500000,1.000000,0.800000,20.000000,39.500000,16.000000,47.400000,0.000000,1.000000,0.000000,1.000000,0.800000,0.000000,0.800000,2.300000,0.800000,0.900000,2.000000,0.800000,1.000000,1.400000,16.000000,0.000000,18.000000,0.600000,1.000000,13.800000,1.000000,0.000000,0.000000,2.300000,0.060000,1.000000,0.000000,0.000000,0.000000,1.000000,0.010000,1.500000,2.300000,2.000000,1.562000,7.000000,-3.000000,18.400000,1.000000,0.000000,0.000000,0.000000,0.000000,0.000000,1.000000,0.000000,0.000000,1.000000,0.000000,0.000000,0.000000,0.000000,0.000000,23886.000000,9359.000000,255.000000,5.000000,0.000000,0.000000,1.000000,0.000000,0.000000,0.000000,0.000000,4.000000,1.000000,0.000000,2011.000000,1.000000
00:24.900,0.000000,857.000000,18.800000,3.230000,97.000000,78.000000,28.000000,296.000000,45.600000,28.700000,13.800000,16.000000,31.700000,0.800000,1.500000,1.000000,0.800000,20.000000,39.500000,16.000000,47.400000,0.000000,1.000000,0.000000,1.000000,0.800000,0.000000,0.800000,2.300000,0.800000,0.900000,2.000000,0.800000,1.000000,0.700000,16.000000,0.000000,13.000000,0.600000,1.000000,13.800000,1.000000,0.000000,0.000000,2.430000,0.103000,1.000000,0.000000,0.000000,0.000000,1.000000,0.010000,2.300000,2.300000,2.000000,2.343000,7.000000,-3.000000,18.400000,1.000000,0.000000,0.000000,0.000000,0.000000,0.000000,1.000000,0.000000,0.000000,1.000000,0.000000,0.000000,0.000000,0.000000,0.000000,23886.000000,9359.000000,255.000000,5.000000,0.000000,0.000000,1.000000,0.000000,0.000000,0.000000,0.000000,4.000000,1.000000,0.000000,2011.000000,1.000000
00:25.183,0.000000,846.000000,19.200000,3.260000,97.000000,78.000000,28.000000,296.000000,45.600000,28.700000,13.800000,16.000000,31.700000,0.800000,1.500000,1.000000,0.800000,20.000000,39.500000,16.000000,47.400000,0.000000,1.000000,0.000000,1.000000,0.800000,0.000000,0.800000,2.300000,0.800000,0.900000,2.000000,0.800000,1.000000,0.800000,16.000000,0.000000,14.000000,0.600000,1.000000,13.800000,1.000000,0.000000,0.000000,2.430000,0.103000,1.000000,0.000000,0.000000,0.000000,1.000000,0.030000,2.300000,2.300000,2.000000,2.343000,7.000000,-3.000000,18.400000,1.000000,0.000000,0.000000,0.000000,0.000000,0.000000,1.000000,0.000000,0.000000,1.000000,0.000000,0.000000,0.000000,0.000000,0.000000,23886.000000,9359.000000,255.000000,5.000000,0.000000,0.000000,1.000000,0.000000,0.000000,0.000000,0.000000,4.000000,1.000000,0.000000,2011.000000,1.000000
00:25.466,0.000000,840.000000,19.600000,3.280000,97.000000,78.000000,28.000000,296.000000,45.600000,28.700000,13.800000,16.000000,31.700000,0.800000,1.500000,1.000000,0.800000,20.000000,39.500000,16.000000,47.400000,0.000000,1.000000,0.000000,1.000000,0.800000,0.000000,0.800000,2.300000,0.800000,0.900000,2.000000,0.800000,1.000000,1.000000,16.000000,0.000000,14.000000,0.600000,1.000000,13.800000,1.000000,0.000000,0.000000,2.430000,0.103000,1.000000,0.000000,0.000000,0.000000,1.000000,0.070000,3.100000,2.300000,2.000000,3.125000,9.500000,-3.000000,18.400000,1.000000,0.000000,0.000000,0.000000,0.000000,0.000000,1.000000,0.000000,0.000000,1.000000,0.000000,0.000000,0.000000,0.000000,0.000000,23886.000000,9359.000000,255.000000,5.000000,0.000000,0.000000,1.000000,0.000000,0.000000,0.000000,0.000000,4.000000,1.000000,0.000000,2011.000000,1.000000
00:25.748,0.000000,858.000000,19.200000,3.280000,97.000000,78.000000,28.000000,297.000000,45.600000,28.700000,13.800000,16.800000,32.500000,0.800000,1.500000,1.000000,0.800000,20.000000,39.500000,16.000000,47.400000,0.000000,1.000000,0.000000,1.000000,0.800000,0.000000,0.800000,2.300000,0.800000,0.900000,2.000000,0.800000,1.000000,1.000000,16.000000,0.000000,17.000000,0.600000,1.000000,13.800000,1.000000,0.000000,0.000000,2.430000,0.103000,1.000000,0.000000,0.000000,0.000000,1.000000,0.210000,3.900000,2.300000,2.000000,3.906000,9.500000,-3.000000,18.400000,1.000000,0.000000,0.000000,0.000000,0.000000,0.000000,1.000000,0.000000,0.000000,1.000000,0.000000,0.000000,0.000000,0.000000,0.000000,23887.000000,9359.000000,255.000000,5.000000,0.000000,0.000000,1.000000,0.000000,0.000000,0.000000,0.000000,4.000000,1.000000,0.000000,2011.000000,1.000000
00:26.031,0.000000,869.000000,18.800000,3.260000,97.000000,78.000000,28.000000,297.000000,45.600000,28.700000,13.800000,18.400000,34.100000,0.800000,1.600000,0.000000,0.800000,20.500000,40.000000,16.000000,47.400000,0.000000,1.000000,0.000000,1.000000,0.800000,0.000000,0.800000,2.300000,0.800000,0.900000,2.000000,0.800000,1.000000,1.200000,16.000000,0.000000,20.000000,0.600000,1.000000,13.700000,1.000000,0.000000,0.000000,2.430000,0.103000,1.000000,0.000000,0.000000,0.000000,1.000000,0.760000,2.300000,2.300000,2.000000,2.343000,9.500000,-3.000000,18.400000,1.000000,0.000000,0.000000,0.000000,0.000000,0.000000,1.000000,0.000000,0.000000,1.000000,0.000000,0.000000,0.000000,0.000000,0.000000,23887.000000,9359.000000,255.000000,5.000000,0.000000,0.000000,1.000000,0.000000,0.000000,0.000000,0.000000,4.000000,1.000000,0.000000,2011.000000,1.000000
00:26.313,0.000000,880.000000,18.000000,3.180000,97.000000,78.000000,28.000000,297.000000,45.600000,28.700000,13.800000,18.800000,34.900000,0.900000,1.600000,0.000000,0.900000,20.500000,40.000000,16.000000,47.400000,0.000000,1.000000,0.000000,1.000000,0.800000,0.000000,0.800000,2.300000,0.800000,0.900000,2.000000,0.800000,1.000000,1.200000,16.000000,0.000000,18.000000,0.600000,1.000000,13.700000,1.000000,0.000000,0.000000,2.430000,0.112000,1.000000,0.000000,0.000000,0.000000,1.000000,0.800000,2.300000,2.300000,2.000000,2.343000,9.500000,-3.000000,18.400000,1.000000,0.000000,0.000000,0.000000,0.000000,0.000000,1.000000,0.000000,0.000000,1.000000,0.000000,0.000000,0.000000,0.000000,0.000000,23887.000000,9359.000000,255.000000,5.000000,0.000000,0.000000,1.000000,0.000000,0.000000,0.000000,0.000000,4.000000,1.000000,0.000000,2011.000000,1.000000
00:26.596,0.000000,881.000000,21.900000,3.840000,97.000000,78.000000,28.000000,297.000000,45.600000,28.700000,13.800000,19.600000,35.200000,0.900000,1.700000,0.000000,0.900000,20.500000,40.000000,16.800000,47.800000,0.000000,1.000000,0.000000,1.000000,0.800000,0.300000,0.800000,2.300000,0.800000,0.900000,2.000000,0.800000,1.000000,0.300000,16.800000,0.000000,4.000000,0.600000,1.000000,13.800000,1.000000,0.000000,0.000000,2.430000,0.112000,1.000000,0.000000,0.000000,0.000000,1.000000,0.780000,1.500000,2.300000,2.000000,1.562000,9.500000,-3.000000,18.400000,1.000000,0.000000,0.000000,0.000000,0.000000,0.000000,1.000000,0.000000,0.000000,1.000000,0.000000,0.000000,0.000000,0.000000,0.000000,23887.000000,9359.000000,255.000000,5.000000,0.000000,0.000000,1.000000,0.000000,0.000000,0.000000,0.000000,4.000000,1.000000,0.000000,2011.000000,1.000000
00:26.878,0.000000,916.000000,26.200000,4.790000,97.000000,78.000000,28.000000,298.000000,45.600000,28.700000,13.800000,20.000000,35.600000,0.900000,1.700000,0.000000,0.900000,20.500000,40.000000,17.200000,48.600000,0.000000,1.000000,0.000000,0.000000,0.800000,0.700000,0.800000,2.400000,0.800000,0.900000,2.000000,0.800000,1.000000,0.000000,17.200000,0.000000,4.000000,0.600000,1.000000,13.800000,1.000000,0.000000,0.000000,1.400000,0.112000,1.000000,0.000000,0.000000,0.000000,1.000000,0.800000,0.700000,2.300000,2.000000,0.781000,7.000000,-3.000000,18.400000,1.000000,0.000000,0.000000,0.000000,0.000000,0.000000,1.000000,0.000000,0.000000,0.000000,0.000000,0.000000,0.000000,0.000000,0.000000,23887.000000,9359.000000,255.000000,5.000000,0.000000,0.000000,1.000000,0.000000,0.000000,0.000000,0.000000,4.000000,1.000000,0.000000,2011.000000,1.000000
00:27.161,0.000000,1044.000000,26.200000,5.420000,97.000000,78.000000,28.000000,298.000000,45.600000,28.700000,13.800000,20.300000,36.000000,1.000000,1.700000,0.000000,1.000000,20.500000,40.000000,17.600000,49.000000,0.000000,1.000000,0.000000,0.000000,0.800000,1.100000,0.800000,2.400000,0.800000,0.900000,2.000000,0.800000,1.000000,0.000000,17.600000,0.000000,3.000000,0.600000,1.000000,13.800000,1.000000,0.000000,0.000000,2.940000,0.112000,1.000000,0.000000,0.000000,0.000000,1.000000,0.780000,0.700000,2.300000,2.000000,0.781000,15.000000,-3.000000,18.400000,1.000000,0.000000,0.000000,0.000000,0.000000,0.000000,1.000000,0.000000,0.000000,0.000000,0.000000,0.000000,0.000000,0.000000,0.000000,23887.000000,9359.000000,255.000000,5.000000,0.000000,0.000000,1.000000,0.000000,0.000000,0.000000,0.000000,4.000000,1.000000,0.000000,2011.000000,1.000000
00:27.444,0.000000,1239.000000,21.900000,5.450000,97.000000,78.000000,28.000000,298.000000,45.600000,28.700000,13.800000,20.300000,36.000000,1.000000,1.700000,0.000000,1.000000,20.500000,40.000000,17.600000,49.000000,0.000000,1.000000,0.000000,0.000000,0.800000,1.100000,0.800000,2.400000,0.800000,0.900000,2.000000,0.800000,1.000000,0.100000,17.600000,0.000000,2.000000,0.600000,1.000000,13.800000,1.000000,0.000000,0.000000,2.940000,0.121000,1.000000,0.000000,0.000000,0.000000,1.000000,0.830000,0.000000,2.300000,2.000000,0.000000,21.000000,-3.000000,18.400000,1.000000,0.000000,0.000000,0.000000,0.000000,0.000000,1.000000,0.000000,0.000000,0.000000,0.000000,0.000000,0.000000,0.000000,0.000000,23887.000000,9359.000000,255.000000,5.000000,0.000000,0.000000,1.000000,0.000000,0.000000,0.000000,0.000000,4.000000,1.000000,0.000000,2011.000000,1.000000
00:27.767,0.000000,1431.000000,19.200000,5.530000,97.000000,78.000000,28.000000,299.000000,45.600000,28.700000,13.800000,20.300000,36.000000,1.000000,1.700000,0.000000,1.000000,20.500000,40.000000,17.600000,49.000000,0.000000,1.000000,0.000000,0.000000,0.800000,1.100000,0.800000,2.400000,0.800000,0.900000,2.000000,0.800000,1.000000,0.400000,17.600000,0.000000,8.000000,0.600000,1.000000,13.800000,1.000000,0.000000,0.000000,2.680000,0.121000,1.000000,0.000000,0.000000,0.000000,1.000000,0.780000,0.000000,2.300000,2.000000,0.000000,22.000000,-3.000000,18.400000,1.000000,0.000000,0.000000,0.000000,0.000000,0.000000,1.000000,0.000000,0.000000,0.000000,0.000000,0.000000,0.000000,0.000000,0.000000,23887.000000,9359.000000,255.000000,5.000000,0.000000,0.000000,1.000000,0.000000,0.000000,0.000000,0.000000,4.000000,1.000000,0.000000,2011.000000,1.000000
00:28.050,0.000000,1527.000000,18.400000,5.590000,97.000000,78.000000,28.000000,299.000000,45.600000,28.700000,13.800000,20.300000,36.000000,1.000000,1.700000,0.000000,1.000000,20.500000,40.000000,17.600000,49.000000,0.000000,1.000000,0.000000,0.000000,0.800000,1.100000,0.800000,2.400000,0.800000,0.900000,2.000000,0.800000,1.000000,0.500000,17.600000,0.000000,8.000000,0.600000,1.000000,13.800000,1.000000,0.000000,0.000000,2.430000,0.121000,1.000000,0.000000,0.000000,0.000000,1.000000,0.800000,-0.800000,2.300000,2.000000,-0.782000,23.000000,-3.000000,18.400000,1.000000,0.000000,0.000000,0.000000,0.000000,0.000000,1.000000,0.000000,0.000000,0.000000,0.000000,0.000000,0.000000,0.000000,0.000000,23887.000000,9359.000000,255.000000,5.000000,0.000000,0.000000,1.000000,0.000000,0.000000,0.000000,0.000000,4.000000,1.000000,0.000000,2011.000000,1.000000
00:28.332,0.000000,1564.000000,17.600000,5.530000,97.000000,78.000000,28.000000,299.000000,45.600000,28.700000,13.800000,20.300000,36.000000,1.000000,1.700000,0.000000,1.000000,20.500000,40.000000,17.600000,49.000000,0.000000,1.000000,0.000000,0.000000,0.800000,1.100000,0.800000,2.400000,0.800000,0.900000,2.000000,0.800000,1.000000,0.500000,17.600000,0.000000,11.000000,0.600000,1.000000,13.800000,1.000000,0.000000,0.000000,2.300000,0.125000,1.000000,0.000000,0.000000,0.000000,1.000000,0.760000,-1.600000,2.300000,2.000000,-1.563000,22.500000,-3.000000,18.400000,1.000000,0.000000,0.000000,0.000000,0.000000,0.000000,1.000000,0.000000,0.000000,0.000000,0.000000,0.000000,0.000000,0.000000,0.000000,23887.000000,9359.000000,255.000000,5.000000,0.000000,0.000000,1.000000,0.000000,0.000000,0.000000,0.000000,4.000000,1.000000,0.000000,2011.000000,1.000000
00:28.615,0.000000,1562.000000,18.400000,5.760000,97.000000,78.000000,28.000000,299.000000,45.600000,28.700000,13.800000,20.300000,36.000000,1.000000,1.700000,0.000000,1.000000,20.500000,40.000000,17.600000,49.400000,0.000000,1.000000,0.000000,0.000000,0.800000,1.500000,0.800000,2.400000,0.800000,0.900000,2.000000,0.800000,1.000000,0.300000,17.600000,0.000000,7.000000,0.600000,1.000000,13.800000,1.000000,0.000000,0.000000,2.300000,0.125000,1.000000,0.000000,0.000000,0.000000,1.000000,0.740000,-1.600000,2.300000,2.000000,-1.563000,22.500000,-3.000000,18.400000,1.000000,0.000000,0.000000,0.000000,0.000000,0.000000,1.000000,0.000000,0.000000,0.000000,0.000000,0.000000,0.000000,0.000000,0.000000,23887.000000,9359.000000,255.000000,5.000000,0.000000,0.000000,1.000000,0.000000,0.000000,0.000000,0.000000,4.000000,1.000000,0.000000,2011.000000,1.000000
00:28.898,0.000000,1558.000000,18.800000,5.820000,97.000000,78.000000,28.000000,300.000000,45.600000,28.700000,13.800000,20.300000,36.000000,1.000000,1.700000,0.000000,1.000000,20.500000,40.000000,17.600000,49.400000,0.000000,1.000000,0.000000,0.000000,0.800000,1.500000,0.800000,2.400000,0.800000,0.900000,2.000000,0.800000,1.000000,0.400000,18.000000,0.000000,8.000000,0.600000,1.000000,13.800000,1.000000,0.000000,0.000000,2.300000,0.125000,1.000000,0.000000,0.000000,0.000000,1.000000,0.680000,-2.400000,2.300000,2.000000,-2.344000,22.500000,-3.000000,18.400000,1.000000,0.000000,0.000000,0.000000,0.000000,0.000000,1.000000,0.000000,0.000000,0.000000,0.000000,0.000000,0.000000,0.000000,0.000000,23887.000000,9359.000000,255.000000,5.000000,0.000000,0.000000,1.000000,0.000000,0.000000,0.000000,0.000000,4.000000,1.000000,0.000000,2011.000000,1.000000
00:29.180,0.000000,1550.000000,20.000000,6.150000,97.000000,78.000000,28.000000,300.000000,45.600000,28.700000,13.800000,20.300000,36.400000,1.000000,1.700000,0.000000,1.000000,20.500000,40.000000,18.000000,49.400000,0.000000,1.000000,0.000000,0.000000,0.800000,1.500000,0.800000,2.400000,0.800000,0.900000,2.000000,0.800000,1.000000,0.300000,18.000000,0.000000,5.000000,0.600000,1.000000,13.800000,1.000000,0.000000,0.000000,2.300000,0.105000,1.000000,0.000000,0.000000,0.000000,1.000000,0.250000,0.700000,2.300000,2.000000,0.781000,22.500000,-3.000000,18.400000,1.000000,0.000000,0.000000,0.000000,0.000000,0.000000,1.000000,0.000000,0.000000,0.000000,0.000000,0.000000,0.000000,0.000000,0.000000,23887.000000,9359.000000,255.000000,5.000000,0.000000,0.000000,1.000000,0.000000,0.000000,0.000000,0.000000,4.000000,1.000000,0.000000,2011.000000,1.000000
00:29.463,0.000000,1582.000000,20.700000,6.590000,97.000000,78.000000,28.000000,300.000000,45.600000,28.700000,13.800000,20.700000,36.800000,1.000000,1.800000,0.000000,1.000000,20.500000,40.000000,18.400000,49.800000,0.000000,1.000000,0.000000,0.000000,0.800000,1.900000,0.800000,2.400000,0.800000,0.900000,2.000000,0.800000,1.000000,0.100000,18.400000,0.000000,2.000000,0.600000,1.000000,13.800000,1.000000,0.000000,0.000000,2.430000,0.105000,1.000000,0.000000,0.000000,0.000000,1.000000,0.050000,1.500000,2.300000,2.000000,1.562000,23.000000,-3.000000,18.400000,1.000000,0.000000,0.000000,0.000000,0.000000,0.000000,1.000000,0.000000,0.000000,0.000000,0.000000,0.000000,0.000000,0.000000,0.000000,23887.000000,9359.000000,255.000000,5.000000,0.000000,0.000000,1.000000,0.000000,0.000000,0.000000,0.000000,4.000000,1.000000,0.000000,2011.000000,1.000000
00:29.745,0.000000,1642.000000,21.100000,6.930000,97.000000,78.000000,28.000000,301.000000,45.600000,28.700000,13.800000,21.100000,37.200000,1.000000,1.800000,0.000000,1.000000,20.500000,40.000000,18.400000,50.100000,0.000000,1.000000,0.000000,0.000000,0.900000,2.300000,0.900000,2.500000,0.900000,0.900000,2.000000,0.900000,1.000000,0.200000,18.800000,0.000000,2.000000,0.600000,1.000000,13.800000,1.000000,0.000000,0.000000,2.560000,0.115000,1.000000,0.000000,0.000000,0.000000,1.000000,0.070000,2.300000,2.300000,2.000000,2.343000,23.500000,-3.000000,18.400000,1.000000,0.000000,0.000000,0.000000,0.000000,0.000000,1.000000,0.000000,0.000000,0.000000,0.000000,0.000000,0.000000,0.000000,0.000000,23887.000000,9359.000000,255.000000,5.000000,0.000000,0.000000,1.000000,0.000000,0.000000,0.000000,0.000000,4.000000,1.000000,0.000000,2011.000000,1.000000
00:30.028,0.000000,1719.000000,21.500000,7.420000,97.000000,78.000000,28.000000,301.000000,45.600000,28.700000,13.800000,21.500000,37.200000,1.000000,1.800000,0.000000,1.000000,20.500000,40.000000,18.800000,50.500000,0.000000,1.000000,0.000000,0.000000,0.900000,2.300000,0.900000,2.500000,0.900000,0.900000,2.000000,0.900000,1.000000,0.300000,18.800000,0.000000,7.000000,0.600000,1.000000,13.900000,1.000000,0.000000,0.000000,2.680000,0.115000,1.000000,0.000000,0.000000,0.000000,1.000000,0.620000,3.900000,2.300000,2.000000,3.906000,24.000000,-3.000000,18.400000,1.000000,0.000000,0.000000,0.000000,0.000000,0.000000,1.000000,0.000000,0.000000,0.000000,0.000000,0.000000,0.000000,0.000000,0.000000,23887.000000,9359.000000,255.000000,5.000000,0.000000,0.000000,1.000000,0.000000,0.000000,0.000000,0.000000,4.000000,1.000000,0.000000,2011.000000,1.000000
00:30.311,0.000000,1806.000000,20.700000,7.510000,97.000000,78.000000,28.000000,301.000000,45.600000,28.700000,13.800000,21.500000,37.200000,1.000000,1.800000,0.000000,1.000000,20.500000,40.000000,18.800000,50.500000,0.000000,1.000000,0.000000,0.000000,0.900000,2.300000,0.900000,2.500000,0.900000,0.900000,2.000000,0.900000,1.000000,0.700000,18.800000,0.000000,13.000000,0.600000,1.000000,13.800000,1.000000,0.000000,0.000000,2.560000,0.115000,1.000000,0.000000,0.000000,0.000000,1.000000,0.760000,-1.600000,2.300000,2.000000,-1.563000,24.500000,-3.000000,18.400000,1.000000,0.000000,0.000000,0.000000,0.000000,0.000000,1.000000,0.000000,0.000000,0.000000,0.000000,0.000000,0.000000,0.000000,0.000000,23887.000000,9359.000000,255.000000,5.000000,0.000000,0.000000,1.000000,0.000000,0.000000,0.000000,0.000000,4.000000,1.000000,0.000000,2011.000000,1.000000
00:30.772,0.000000,1890.000000,20.000000,7.540000,97.000000,78.000000,28.000000,302.000000,45.600000,28.700000,13.800000,21.500000,37.200000,1.000000,1.800000,0.000000,1.000000,20.500000,40.000000,18.800000,50.500000,0.000000,1.000000,0.000000,0.000000,0.900000,2.700000,0.900000,2.500000,0.900000,0.900000,2.000000,0.900000,1.000000,0.600000,18.800000,0.000000,5.000000,0.600000,1.000000,13.800000,1.000000,0.000000,0.000000,2.560000,0.124000,1.000000,0.000000,0.000000,0.000000,1.000000,0.070000,3.900000,2.300000,2.000000,3.906000,25.000000,-3.000000,18.400000,1.000000,0.000000,0.000000,0.000000,0.000000,0.000000,1.000000,0.000000,0.000000,0.000000,0.000000,0.000000,0.000000,0.000000,0.000000,23887.000000,9359.000000,255.000000,5.000000,0.000000,0.000000,1.000000,0.000000,0.000000,0.000000,0.000000,4.000000,1.000000,0.000000,2011.000000,1.000000
00:31.055,0.000000,1951.000000,20.000000,7.710000,97.000000,78.000000,28.000000,302.000000,45.600000,28.700000,13.800000,21.500000,37.200000,1.000000,1.800000,0.000000,1.000000,20.500000,40.000000,18.800000,50.500000,0.000000,1.000000,0.000000,0.000000,0.900000,2.700000,0.900000,2.500000,0.900000,0.900000,2.000000,0.900000,1.000000,0.300000,18.800000,0.000000,7.000000,0.600000,1.000000,13.900000,1.000000,0.000000,0.000000,2.560000,0.121000,1.000000,0.000000,0.000000,0.000000,1.000000,0.250000,5.400000,2.300000,2.000000,5.468000,25.000000,-3.000000,18.400000,1.000000,0.000000,0.000000,0.000000,0.000000,0.000000,1.000000,0.000000,0.000000,0.000000,0.000000,0.000000,0.000000,0.000000,0.000000,23887.000000,9359.000000,255.000000,5.000000,0.000000,0.000000,1.000000,0.000000,0.000000,0.000000,0.000000,4.000000,1.000000,0.000000,2011.000000,1.000000
00:31.338,0.000000,1989.000000,19.600000,7.710000,97.000000,78.000000,28.000000,302.000000,45.600000,28.700000,13.800000,21.500000,37.200000,1.000000,1.800000,0.000000,1.000000,20.500000,40.000000,18.800000,50.500000,0.000000,1.000000,0.000000,0.000000,0.900000,2.700000,0.900000,2.500000,0.900000,0.900000,2.000000,0.900000,1.000000,0.500000,18.800000,0.000000,11.000000,0.600000,1.000000,13.900000,1.000000,0.000000,0.000000,2.430000,0.121000,1.000000,0.000000,0.000000,0.000000,1.000000,0.800000,0.700000,2.300000,2.000000,0.781000,25.500000,-3.000000,18.400000,1.000000,0.000000,0.000000,0.000000,0.000000,0.000000,1.000000,0.000000,0.000000,0.000000,0.000000,0.000000,0.000000,0.000000,0.000000,23887.000000,9359.000000,255.000000,5.000000,0.000000,0.000000,1.000000,0.000000,0.000000,0.000000,0.000000,4.000000,1.000000,0.000000,2011.000000,1.000000
00:31.620,0.000000,1997.000000,19.600000,7.810000,97.000000,78.000000,28.000000,302.000000,45.600000,28.700000,13.800000,21.500000,37.200000,1.000000,1.800000,0.000000,1.000000,20.500000,40.000000,18.800000,50.500000,0.000000,1.000000,0.000000,0.000000,0.900000,2.700000,0.900000,2.500000,0.900000,0.900000,2.000000,0.900000,1.000000,0.600000,18.800000,0.000000,7.000000,0.600000,1.000000,13.900000,1.000000,0.000000,0.000000,2.430000,0.121000,1.000000,0.000000,0.000000,0.000000,1.000000,0.760000,0.000000,2.300000,2.000000,0.000000,25.500000,-3.000000,18.400000,1.000000,0.000000,0.000000,0.000000,0.000000,0.000000,1.000000,0.000000,0.000000,0.000000,0.000000,0.000000,0.000000,0.000000,0.000000,23887.000000,9359.000000,255.000000,5.000000,0.000000,0.000000,1.000000,0.000000,0.000000,0.000000,0.000000,4.000000,1.000000,0.000000,2011.000000,1.000000
00:31.903,0.000000,2006.000000,19.600000,7.810000,97.000000,78.000000,28.000000,303.000000,45.600000,28.700000,13.800000,21.500000,37.600000,1.000000,1.800000,0.000000,1.000000,20.500000,40.000000,18.800000,50.500000,0.000000,1.000000,0.000000,0.000000,0.900000,2.700000,0.900000,2.500000,0.900000,0.900000,2.000000,0.900000,1.000000,0.600000,19.200000,0.000000,9.000000,0.600000,1.000000,13.800000,1.000000,0.000000,0.000000,2.300000,0.114000,1.000000,0.000000,0.000000,0.000000,1.000000,0.700000,-1.600000,2.300000,2.000000,-1.563000,25.500000,-3.000000,18.400000,1.000000,0.000000,0.000000,0.000000,0.000000,0.000000,1.000000,0.000000,0.000000,0.000000,0.000000,0.000000,0.000000,0.000000,0.000000,23887.000000,9359.000000,255.000000,5.000000,0.000000,0.000000,1.000000,0.000000,0.000000,0.000000,0.000000,4.000000,1.000000,0.000000,2011.000000,1.000000
00:32.185,0.000000,2018.000000,20.700000,8.340000,97.000000,78.000000,28.000000,303.000000,45.600000,28.700000,13.800000,21.900000,38.000000,1.000000,1.800000,0.000000,1.000000,20.500000,40.000000,19.200000,50.900000,0.000000,1.000000,0.000000,0.000000,0.900000,2.700000,0.900000,2.500000,0.900000,0.900000,2.000000,0.900000,1.000000,0.300000,19.200000,9.000000,0.000000,0.600000,1.000000,13.900000,1.000000,0.000000,0.000000,2.560000,0.114000,1.000000,0.000000,0.000000,0.000000,1.000000,0.090000,3.900000,2.300000,2.000000,3.906000,25.500000,-3.000000,18.400000,1.000000,0.000000,0.000000,0.000000,0.000000,0.000000,1.000000,0.000000,0.000000,0.000000,0.000000,0.000000,0.000000,0.000000,0.000000,23887.000000,9359.000000,255.000000,5.000000,0.000000,0.000000,1.000000,0.000000,0.000000,0.000000,0.000000,4.000000,1.000000,0.000000,2011.000000,1.000000
00:32.468,0.000000,2072.000000,20.700000,8.620000,97.000000,78.000000,28.000000,303.000000,45.600000,28.700000,13.800000,21.900000,38.000000,1.000000,1.800000,0.000000,1.000000,20.500000,40.000000,19.600000,51.300000,0.000000,1.000000,0.000000,0.000000,0.900000,3.100000,0.900000,2.500000,0.900000,0.900000,2.000000,0.900000,1.000000,0.900000,19.600000,12.000000,0.000000,0.600000,1.000000,13.800000,1.000000,0.000000,0.000000,2.680000,0.113000,1.000000,0.000000,0.000000,0.000000,1.000000,0.210000,5.400000,2.300000,2.000000,5.468000,26.000000,-3.000000,18.400000,1.000000,0.000000,0.000000,0.000000,0.000000,0.000000,1.000000,0.000000,0.000000,0.000000,0.000000,0.000000,0.000000,0.000000,0.000000,23887.000000,9359.000000,255.000000,5.000000,0.000000,0.000000,1.000000,0.000000,0.000000,0.000000,0.000000,4.000000,1.000000,0.000000,2011.000000,1.000000
00:32.750,0.000000,2131.000000,21.500000,9.070000,97.000000,78.000000,28.000000,303.000000,45.600000,28.700000,13.800000,21.900000,38.000000,1.000000,1.800000,0.000000,1.000000,20.500000,40.000000,19.600000,51.300000,0.000000,1.000000,0.000000,0.000000,0.900000,3.100000,0.900000,2.500000,0.900000,0.900000,2.000000,0.900000,1.000000,0.700000,19.600000,15.000000,0.000000,0.600000,1.000000,13.800000,1.000000,0.000000,0.000000,2.560000,0.113000,1.000000,0.000000,0.000000,0.000000,1.000000,0.780000,0.700000,2.300000,2.000000,0.781000,27.000000,-3.000000,18.400000,1.000000,0.000000,0.000000,0.000000,0.000000,0.000000,1.000000,0.000000,0.000000,0.000000,0.000000,0.000000,0.000000,0.000000,0.000000,23887.000000,9359.000000,255.000000,5.000000,0.000000,0.000000,1.000000,0.000000,0.000000,0.000000,0.000000,4.000000,1.000000,0.000000,2011.000000,1.000000
00:33.033,0.000000,2177.000000,20.300000,8.810000,97.000000,78.000000,28.000000,304.000000,45.600000,28.700000,13.800000,21.900000,38.000000,1.000000,1.800000,0.000000,1.000000,20.500000,40.000000,19.600000,51.300000,0.000000,1.000000,0.000000,0.000000,0.900000,3.100000,0.900000,2.500000,0.900000,0.900000,2.000000,0.900000,1.000000,0.700000,19.600000,7.000000,0.000000,0.600000,1.000000,13.800000,1.000000,0.000000,0.000000,2.560000,0.124000,1.000000,0.000000,0.000000,0.000000,1.000000,0.740000,-0.800000,2.300000,2.000000,-0.782000,27.500000,-3.000000,18.400000,1.000000,0.000000,0.000000,0.000000,0.000000,0.000000,1.000000,0.000000,0.000000,0.000000,0.000000,0.000000,0.000000,0.000000,0.000000,23887.000000,9359.000000,255.000000,5.000000,0.000000,0.000000,1.000000,0.000000,0.000000,0.000000,0.000000,4.000000,1.000000,0.000000,2011.000000,1.000000
00:33.316,0.000000,2193.000000,20.300000,8.840000,97.000000,78.000000,28.000000,304.000000,45.600000,28.700000,13.800000,21.900000,38.000000,1.000000,1.800000,0.000000,1.000000,20.500000,40.000000,19.600000,51.300000,0.000000,1.000000,0.000000,0.000000,0.900000,3.100000,0.900000,2.500000,0.900000,0.900000,2.000000,0.900000,1.000000,0.600000,19.600000,8.000000,0.000000,0.600000,1.000000,13.800000,1.000000,0.000000,0.000000,2.430000,0.124000,1.000000,0.000000,0.000000,0.000000,1.000000,0.720000,-2.400000,2.300000,2.000000,-2.344000,27.500000,-3.000000,18.400000,1.000000,0.000000,0.000000,0.000000,0.000000,0.000000,1.000000,0.000000,0.000000,0.000000,0.000000,0.000000,0.000000,0.000000,0.000000,23887.000000,9359.000000,255.000000,5.000000,0.000000,0.000000,1.000000,0.000000,0.000000,0.000000,0.000000,4.000000,1.000000,0.000000,2011.000000,1.000000
00:33.777,0.000000,2222.000000,21.900000,9.670000,97.000000,78.000000,28.000000,304.000000,45.600000,28.700000,13.800000,22.700000,38.400000,1.100000,1.800000,0.000000,1.100000,20.500000,40.000000,20.000000,52.100000,0.000000,1.000000,0.000000,0.000000,0.900000,3.500000,0.900000,2.500000,0.900000,0.900000,2.000000,0.900000,1.000000,0.700000,20.000000,12.000000,0.000000,0.600000,1.000000,13.900000,1.000000,0.000000,0.000000,2.560000,0.118000,1.000000,0.000000,0.000000,0.000000,1.000000,0.070000,3.100000,2.300000,2.000000,3.125000,28.000000,-3.000000,18.400000,1.000000,0.000000,0.000000,0.000000,0.000000,0.000000,1.000000,0.000000,0.000000,0.000000,0.000000,0.000000,0.000000,0.000000,0.000000,23887.000000,9359.000000,255.000000,5.000000,0.000000,0.000000,1.000000,0.000000,0.000000,0.000000,0.000000,4.000000,1.000000,0.000000,2011.000000,1.000000
00:34.060,0.000000,2296.000000,22.300000,10.180000,97.000000,79.000000,28.000000,305.000000,45.600000,28.700000,13.800000,22.700000,38.400000,1.100000,1.900000,0.000000,1.100000,20.500000,40.000000,20.000000,52.100000,0.000000,1.000000,0.000000,0.000000,0.900000,3.900000,0.900000,2.500000,0.900000,0.900000,2.000000,0.900000,1.000000,0.800000,20.000000,13.000000,0.000000,0.600000,1.000000,13.800000,1.000000,0.000000,0.000000,2.680000,0.121000,1.000000,0.000000,0.000000,0.000000,1.000000,0.760000,0.700000,2.300000,2.000000,0.781000,29.000000,-3.000000,18.400000,1.000000,0.000000,0.000000,0.000000,0.000000,0.000000,1.000000,0.000000,0.000000,0.000000,0.000000,0.000000,0.000000,0.000000,0.000000,23887.000000,9359.000000,255.000000,5.000000,0.000000,0.000000,1.000000,0.000000,0.000000,0.000000,0.000000,4.000000,1.000000,0.000000,2011.000000,1.000000
00:34.343,0.000000,2372.000000,21.900000,10.290000,97.000000,79.000000,28.000000,305.000000,45.600000,28.700000,13.800000,22.700000,38.400000,1.100000,1.900000,0.000000,1.100000,20.500000,40.000000,20.000000,52.100000,0.000000,1.000000,0.000000,0.000000,0.900000,3.500000,0.900000,2.500000,0.900000,0.900000,2.000000,0.900000,1.000000,0.700000,20.000000,11.000000,0.000000,0.600000,1.000000,13.800000,1.000000,0.000000,0.000000,2.680000,0.121000,1.000000,0.000000,0.000000,0.000000,1.000000,0.720000,-0.800000,2.300000,2.000000,-0.782000,29.500000,-3.000000,18.400000,1.000000,0.000000,0.000000,0.000000,0.000000,0.000000,1.000000,0.000000,0.000000,0.000000,0.000000,0.000000,0.000000,0.000000,0.000000,23887.000000,9359.000000,255.000000,5.000000,0.000000,0.000000,1.000000,0.000000,0.000000,0.000000,0.000000,4.000000,1.000000,0.000000,2011.000000,1.000000
00:34.625,0.000000,2437.000000,21.100000,10.290000,97.000000,78.000000,28.000000,305.000000,45.600000,28.700000,13.800000,22.700000,38.400000,1.100000,1.900000,0.000000,1.100000,20.500000,40.000000,20.000000,52.100000,0.000000,1.000000,0.000000,0.000000,0.900000,3.900000,0.900000,2.500000,0.900000,0.900000,2.000000,0.900000,1.000000,0.700000,20.000000,11.000000,0.000000,0.600000,1.000000,13.900000,1.000000,0.000000,0.000000,2.680000,0.127000,1.000000,0.000000,0.000000,0.000000,1.000000,0.090000,5.400000,2.300000,2.000000,5.468000,30.500000,-3.000000,18.400000,1.000000,0.000000,0.000000,0.000000,0.000000,0.000000,1.000000,0.000000,0.000000,0.000000,0.000000,0.000000,0.000000,0.000000,0.000000,23887.000000,9359.000000,255.000000,5.000000,0.000000,0.000000,1.000000,0.000000,0.000000,0.000000,0.000000,4.000000,1.000000,0.000000,2011.000000,1.000000
00:34.908,0.000000,2503.000000,20.300000,10.230000,97.000000,79.000000,28.000000,306.000000,45.600000,28.700000,13.800000,22.700000,38.400000,1.100000,1.900000,0.000000,1.100000,20.500000,40.000000,20.000000,52.100000,0.000000,1.000000,0.000000,0.000000,0.900000,3.900000,0.900000,2.500000,0.900000,0.900000,2.000000,0.900000,1.000000,0.700000,20.000000,11.000000,0.000000,0.600000,1.000000,13.900000,1.000000,0.000000,0.000000,2.560000,0.127000,1.000000,0.000000,0.000000,0.000000,1.000000,0.800000,0.700000,3.100000,2.000000,0.781000,31.000000,-3.000000,18.400000,1.000000,0.000000,0.000000,0.000000,0.000000,0.000000,1.000000,0.000000,0.000000,0.000000,0.000000,0.000000,0.000000,0.000000,0.000000,23887.000000,9359.000000,255.000000,5.000000,0.000000,0.000000,1.000000,0.000000,0.000000,0.000000,0.000000,4.000000,1.000000,0.000000,2011.000000,1.000000
00:35.190,0.000000,2538.000000,20.300000,10.400000,97.000000,79.000000,28.000000,306.000000,45.600000,28.700000,13.800000,22.700000,38.400000,1.100000,1.900000,0.000000,1.100000,20.500000,40.000000,20.000000,52.100000,0.000000,1.000000,0.000000,0.000000,0.900000,3.900000,0.900000,2.500000,0.900000,0.900000,2.000000,0.900000,1.000000,0.700000,20.000000,10.000000,0.000000,0.600000,1.000000,13.900000,1.000000,0.000000,0.000000,2.560000,0.126000,1.000000,0.000000,0.000000,0.000000,1.000000,0.760000,0.000000,3.100000,2.000000,0.000000,31.000000,-3.000000,18.400000,1.000000,0.000000,0.000000,0.000000,0.000000,0.000000,1.000000,0.000000,0.000000,0.000000,0.000000,0.000000,0.000000,0.000000,0.000000,23887.000000,9359.000000,255.000000,5.000000,0.000000,0.000000,1.000000,0.000000,0.000000,0.000000,0.000000,4.000000,1.000000,0.000000,2011.000000,1.000000
00:35.473,0.000000,2567.000000,20.300000,10.340000,97.000000,79.000000,28.000000,306.000000,45.600000,28.700000,13.800000,22.700000,38.400000,1.100000,1.900000,0.000000,1.100000,20.500000,40.000000,20.000000,52.100000,0.000000,1.000000,0.000000,0.000000,0.900000,3.900000,0.900000,2.500000,0.900000,0.900000,2.000000,0.900000,1.000000,0.700000,20.000000,12.000000,0.000000,0.600000,1.000000,13.900000,1.000000,0.000000,0.000000,2.430000,0.118000,1.000000,0.000000,0.000000,0.000000,1.000000,0.720000,-1.600000,3.100000,2.000000,-1.563000,31.500000,-3.000000,18.400000,1.000000,0.000000,0.000000,0.000000,0.000000,0.000000,1.000000,0.000000,0.000000,0.000000,0.000000,0.000000,0.000000,0.000000,0.000000,23887.000000,9359.000000,255.000000,5.000000,0.000000,0.000000,1.000000,0.000000,0.000000,0.000000,0.000000,4.000000,1.000000,0.000000,2011.000000,1.000000
00:35.756,0.000000,2596.000000,19.600000,10.180000,97.000000,79.000000,28.000000,306.000000,45.600000,28.700000,13.800000,22.700000,38.400000,1.100000,1.900000,0.000000,1.100000,20.500000,40.000000,20.000000,52.100000,0.000000,1.000000,0.000000,0.000000,0.900000,3.900000,0.900000,2.500000,0.900000,0.900000,2.000000,0.900000,1.000000,0.700000,20.000000,12.000000,0.000000,0.600000,1.000000,13.900000,1.000000,0.000000,0.000000,2.430000,0.118000,1.000000,0.000000,0.000000,0.000000,1.000000,0.520000,-3.200000,3.100000,2.000000,-3.125000,31.500000,-3.000000,18.400000,1.000000,0.000000,0.000000,0.000000,0.000000,0.000000,1.000000,0.000000,0.000000,0.000000,0.000000,0.000000,0.000000,0.000000,0.000000,23887.000000,9359.000000,255.000000,5.000000,0.000000,0.000000,1.000000,0.000000,0.000000,0.000000,0.000000,4.000000,1.000000,0.000000,2011.000000,1.000000
00:36.038,0.000000,2620.000000,20.000000,10.370000,97.000000,79.000000,28.000000,307.000000,45.600000,28.700000,13.800000,22.700000,38.400000,1.100000,1.900000,0.000000,1.100000,20.500000,40.000000,20.000000,52.100000,0.000000,1.000000,0.000000,0.000000,0.900000,3.900000,0.900000,2.500000,0.900000,0.900000,2.000000,0.900000,1.000000,0.700000,20.000000,13.000000,0.000000,0.600000,1.000000,13.900000,1.000000,0.000000,0.000000,2.560000,0.115000,1.000000,0.000000,0.000000,0.000000,1.000000,0.270000,3.900000,3.100000,2.000000,3.906000,32.000000,-3.000000,18.400000,1.000000,0.000000,0.000000,0.000000,0.000000,0.000000,1.000000,0.000000,0.000000,0.000000,0.000000,0.000000,0.000000,0.000000,0.000000,23887.000000,9359.000000,255.000000,5.000000,0.000000,0.000000,1.000000,0.000000,0.000000,0.000000,0.000000,4.000000,1.000000,0.000000,2011.000000,1.000000
00:36.321,0.000000,2647.000000,20.000000,10.590000,97.000000,79.000000,28.000000,307.000000,45.600000,28.700000,13.800000,22.700000,38.400000,1.100000,1.900000,0.000000,1.100000,20.500000,40.000000,20.000000,52.100000,0.000000,1.000000,0.000000,0.000000,0.900000,3.500000,0.900000,2.500000,0.900000,0.900000,2.000000,0.900000,1.000000,0.700000,20.000000,9.000000,0.000000,0.600000,1.000000,13.900000,1.000000,0.000000,0.000000,2.430000,0.117000,1.000000,0.000000,0.000000,0.000000,1.000000,0.800000,0.000000,3.100000,2.000000,0.000000,32.000000,-3.000000,18.400000,1.000000,0.000000,0.000000,0.000000,0.000000,0.000000,1.000000,0.000000,0.000000,0.000000,0.000000,0.000000,0.000000,0.000000,0.000000,23887.000000,9359.000000,255.000000,5.000000,0.000000,0.000000,1.000000,0.000000,0.000000,0.000000,0.000000,4.000000,1.000000,0.000000,2011.000000,1.000000
00:36.603,0.000000,2657.000000,19.600000,10.370000,97.000000,79.000000,28.000000,307.000000,45.600000,28.700000,13.800000,22.700000,38.400000,1.100000,1.900000,0.000000,1.100000,20.500000,40.000000,20.000000,52.100000,0.000000,1.000000,0.000000,0.000000,0.900000,3.900000,0.900000,2.500000,0.900000,0.900000,2.000000,0.900000,1.000000,0.700000,20.000000,12.000000,0.000000,0.600000,1.000000,13.900000,1.000000,0.000000,0.000000,2.430000,0.117000,1.000000,0.000000,0.000000,0.000000,1.000000,0.760000,-1.600000,3.100000,2.000000,-1.563000,32.000000,-3.000000,18.400000,1.000000,0.000000,0.000000,0.000000,0.000000,0.000000,1.000000,0.000000,0.000000,0.000000,0.000000,0.000000,0.000000,0.000000,0.000000,23887.000000,9359.000000,255.000000,5.000000,0.000000,0.000000,1.000000,0.000000,0.000000,0.000000,0.000000,4.000000,1.000000,0.000000,2011.000000,1.000000
00:36.927,0.000000,2664.000000,19.600000,10.350000,97.000000,79.000000,28.000000,308.000000,45.600000,28.700000,13.800000,22.700000,38.400000,1.100000,1.900000,0.000000,1.100000,20.500000,40.000000,20.000000,52.100000,0.000000,1.000000,0.000000,0.000000,0.900000,3.500000,0.900000,2.500000,0.900000,0.900000,2.000000,0.900000,1.000000,0.700000,20.000000,10.000000,0.000000,0.600000,1.000000,13.900000,1.000000,0.000000,0.000000,2.300000,0.113000,1.000000,0.000000,0.000000,0.000000,1.000000,0.720000,-3.200000,3.100000,2.000000,-3.125000,32.000000,-3.000000,18.400000,1.000000,0.000000,0.000000,0.000000,0.000000,0.000000,1.000000,0.000000,0.000000,0.000000,0.000000,0.000000,0.000000,0.000000,0.000000,23887.000000,9359.000000,255.000000,5.000000,0.000000,0.000000,1.000000,0.000000,0.000000,0.000000,0.000000,4.000000,1.000000,0.000000,2011.000000,1.000000
00:37.209,0.000000,2674.000000,21.100000,11.350000,97.000000,79.000000,28.000000,308.000000,45.600000,28.700000,13.800000,23.100000,39.200000,1.100000,1.900000,0.000000,1.100000,20.500000,40.000000,20.300000,52.500000,0.000000,1.000000,0.000000,0.000000,1.000000,4.300000,1.000000,2.600000,1.000000,0.900000,2.000000,1.000000,1.000000,1.100000,20.300000,15.000000,0.000000,0.600000,1.000000,13.800000,1.000000,0.000000,0.000000,2.560000,0.113000,1.000000,0.000000,0.000000,0.000000,1.000000,0.070000,3.100000,3.100000,2.000000,3.125000,32.500000,-3.000000,18.400000,1.000000,0.000000,0.000000,0.000000,0.000000,0.000000,1.000000,0.000000,0.000000,0.000000,0.000000,0.000000,0.000000,0.000000,0.000000,23887.000000,9359.000000,255.000000,5.000000,0.000000,0.000000,1.000000,0.000000,0.000000,0.000000,0.000000,4.000000,1.000000,0.000000,2011.000000,1.000000
00:37.492,0.000000,2730.000000,21.500000,11.780000,97.000000,79.000000,28.000000,308.000000,45.600000,28.700000,13.800000,23.100000,39.200000,1.100000,1.900000,0.000000,1.100000,20.500000,40.000000,20.700000,52.900000,0.000000,1.000000,0.000000,0.000000,1.000000,4.300000,1.000000,2.600000,1.000000,0.900000,2.000000,1.000000,1.000000,0.900000,20.300000,14.000000,0.000000,0.600000,1.000000,13.900000,1.000000,0.000000,0.000000,2.560000,0.113000,1.000000,0.000000,0.000000,0.000000,1.000000,0.760000,-0.800000,3.100000,2.000000,-0.782000,33.000000,-3.000000,18.400000,1.000000,0.000000,0.000000,0.000000,0.000000,0.000000,1.000000,0.000000,0.000000,0.000000,0.000000,0.000000,0.000000,0.000000,0.000000,23887.000000,9359.000000,255.000000,5.000000,0.000000,0.000000,1.000000,0.000000,0.000000,0.000000,0.000000,4.000000,1.000000,0.000000,2011.000000,1.000000
00:37.775,0.000000,2785.000000,21.100000,11.750000,97.000000,79.000000,28.000000,308.000000,45.600000,28.700000,13.800000,23.100000,39.200000,1.100000,1.900000,0.000000,1.100000,20.500000,40.000000,20.300000,52.900000,0.000000,1.000000,0.000000,0.000000,1.000000,4.300000,1.000000,2.600000,1.000000,0.900000,2.000000,1.000000,1.000000,0.700000,20.300000,12.000000,0.000000,0.600000,1.000000,13.900000,1.000000,0.000000,0.000000,2.560000,0.124000,1.000000,0.000000,0.000000,0.000000,1.000000,0.760000,-2.400000,3.100000,2.000000,-2.344000,33.500000,-3.000000,18.400000,1.000000,0.000000,0.000000,0.000000,0.000000,0.000000,1.000000,0.000000,0.000000,0.000000,0.000000,0.000000,0.000000,0.000000,0.000000,23887.000000,9359.000000,255.000000,5.000000,0.000000,0.000000,1.000000,0.000000,0.000000,0.000000,0.000000,4.000000,1.000000,0.000000,2011.000000,1.000000
00:38.057,0.000000,2832.000000,20.700000,11.810000,97.000000,79.000000,28.000000,309.000000,45.600000,28.700000,13.800000,23.100000,39.200000,1.100000,1.900000,0.000000,1.100000,20.500000,40.000000,20.700000,52.900000,0.000000,1.000000,0.000000,0.000000,1.000000,4.300000,1.000000,2.600000,1.000000,0.900000,2.000000,1.000000,1.000000,0.700000,20.300000,13.000000,0.000000,0.600000,1.000000,13.900000,1.000000,0.000000,0.000000,2.560000,0.124000,1.000000,0.000000,0.000000,0.000000,1.000000,0.700000,-4.000000,3.100000,2.000000,-3.907000,33.500000,-3.000000,18.400000,1.000000,0.000000,0.000000,0.000000,0.000000,0.000000,1.000000,0.000000,0.000000,0.000000,0.000000,0.000000,0.000000,0.000000,0.000000,23887.000000,9359.000000,255.000000,5.000000,0.000000,0.000000,1.000000,0.000000,0.000000,0.000000,0.000000,4.000000,1.000000,0.000000,2011.000000,1.000000
00:38.340,0.000000,2855.000000,20.700000,11.900000,97.000000,80.000000,28.000000,309.000000,45.600000,28.700000,13.800000,23.100000,39.200000,1.100000,1.900000,0.000000,1.100000,20.500000,40.000000,20.300000,52.900000,0.000000,1.000000,0.000000,0.000000,1.000000,4.300000,1.000000,2.600000,1.000000,0.900000,2.000000,1.000000,1.000000,0.600000,20.300000,8.000000,0.000000,0.600000,1.000000,13.900000,1.000000,0.000000,0.000000,2.430000,0.119000,1.000000,0.000000,0.000000,0.000000,1.000000,0.720000,-4.700000,3.100000,2.000000,-4.688000,33.500000,-3.000000,18.400000,1.000000,0.000000,0.000000,0.000000,0.000000,0.000000,1.000000,0.000000,0.000000,0.000000,0.000000,0.000000,0.000000,0.000000,0.000000,23887.000000,9359.000000,255.000000,5.000000,0.000000,0.000000,1.000000,0.000000,0.000000,0.000000,0.000000,4.000000,1.000000,0.000000,2011.000000,1.000000
00:38.622,0.000000,2884.000000,20.700000,11.950000,97.000000,80.000000,28.000000,309.000000,45.600000,28.700000,13.800000,23.100000,39.200000,1.100000,1.900000,0.000000,1.100000,20.500000,40.000000,20.300000,52.500000,0.000000,1.000000,0.000000,0.000000,1.000000,4.300000,1.000000,2.600000,1.000000,0.900000,2.000000,1.000000,1.000000,0.700000,20.300000,13.000000,0.000000,0.600000,1.000000,13.900000,1.000000,0.000000,0.000000,2.430000,0.116000,1.000000,0.000000,0.000000,0.000000,1.000000,0.680000,-6.300000,3.100000,2.000000,-6.250000,34.000000,-3.000000,18.400000,1.000000,0.000000,0.000000,0.000000,0.000000,0.000000,1.000000,0.000000,0.000000,0.000000,0.000000,0.000000,0.000000,0.000000,0.000000,23887.000000,9359.000000,255.000000,5.000000,0.000000,0.000000,1.000000,0.000000,0.000000,0.000000,0.000000,4.000000,1.000000,0.000000,2011.000000,1.000000
00:38.905,0.000000,2895.000000,20.700000,11.960000,97.000000,80.000000,28.000000,310.000000,45.600000,28.700000,13.800000,23.100000,39.200000,1.100000,1.900000,0.000000,1.100000,20.500000,40.000000,20.300000,52.900000,0.000000,1.000000,0.000000,0.000000,1.000000,4.300000,1.000000,2.600000,1.000000,0.900000,2.000000,1.000000,1.000000,0.700000,20.300000,12.000000,0.000000,0.600000,1.000000,13.900000,1.000000,0.000000,0.000000,2.560000,0.116000,1.000000,0.000000,0.000000,0.000000,1.000000,0.110000,-0.800000,3.100000,2.000000,-0.782000,34.000000,-3.000000,18.400000,1.000000,0.000000,0.000000,0.000000,0.000000,0.000000,1.000000,0.000000,0.000000,0.000000,0.000000,0.000000,0.000000,0.000000,0.000000,23887.000000,9359.000000,255.000000,5.000000,0.000000,0.000000,1.000000,0.000000,0.000000,0.000000,0.000000,4.000000,1.000000,0.000000,2011.000000,1.000000
00:39.188,0.000000,2908.000000,20.700000,12.090000,97.000000,80.000000,28.000000,310.000000,45.600000,28.700000,13.800000,23.500000,39.600000,1.100000,1.900000,0.000000,1.100000,20.500000,40.000000,20.700000,52.900000,0.000000,1.000000,0.000000,0.000000,1.000000,4.300000,1.000000,2.600000,1.000000,0.900000,2.000000,1.000000,1.000000,0.700000,20.700000,12.000000,0.000000,0.600000,1.000000,13.900000,1.000000,0.000000,0.000000,2.430000,0.115000,1.000000,0.000000,0.000000,0.000000,1.000000,0.800000,-5.500000,3.100000,2.000000,-5.469000,34.000000,-3.000000,18.400000,1.000000,0.000000,0.000000,0.000000,0.000000,0.000000,1.000000,0.000000,0.000000,0.000000,0.000000,0.000000,0.000000,0.000000,0.000000,23887.000000,9359.000000,255.000000,5.000000,0.000000,0.000000,1.000000,0.000000,0.000000,0.000000,0.000000,4.000000,1.000000,0.000000,2011.000000,1.000000
00:39.470,0.000000,2940.000000,21.900000,12.930000,97.000000,80.000000,28.000000,310.000000,45.600000,28.700000,13.800000,23.500000,39.600000,1.100000,1.900000,0.000000,1.100000,20.500000,40.000000,21.100000,53.300000,0.000000,1.000000,0.000000,0.000000,1.000000,4.700000,1.000000,2.600000,1.000000,0.900000,2.000000,1.000000,1.000000,1.000000,21.100000,16.000000,0.000000,0.600000,1.000000,13.900000,1.000000,0.000000,0.000000,2.680000,0.115000,1.000000,0.000000,0.000000,0.000000,1.000000,0.090000,-1.600000,3.100000,2.000000,-1.563000,34.000000,-3.000000,18.400000,1.000000,0.000000,0.000000,0.000000,0.000000,0.000000,1.000000,0.000000,0.000000,0.000000,0.000000,0.000000,0.000000,0.000000,0.000000,23887.000000,9359.000000,255.000000,5.000000,0.000000,0.000000,1.000000,0.000000,0.000000,0.000000,0.000000,4.000000,1.000000,0.000000,2011.000000,1.000000
00:39.753,0.000000,3000.000000,21.500000,12.820000,97.000000,80.000000,28.000000,310.000000,45.600000,28.700000,13.800000,23.500000,39.600000,1.100000,1.900000,0.000000,1.100000,20.500000,40.000000,21.100000,53.300000,0.000000,1.000000,0.000000,0.000000,1.000000,4.700000,1.000000,2.600000,1.000000,0.900000,2.000000,1.000000,1.000000,0.700000,21.100000,11.000000,0.000000,0.600000,1.000000,13.900000,1.000000,0.000000,0.000000,2.680000,0.125000,1.000000,0.000000,0.000000,0.000000,1.000000,0.720000,0.000000,3.100000,2.000000,0.000000,34.000000,-3.000000,18.400000,0.000000,0.000000,0.000000,0.000000,0.000000,0.000000,1.000000,0.000000,0.000000,0.000000,0.000000,0.000000,0.000000,0.000000,0.000000,23887.000000,9359.000000,255.000000,5.000000,0.000000,0.000000,1.000000,0.000000,0.000000,0.000000,0.000000,4.000000,1.000000,0.000000,2011.000000,1.000000
00:40.076,0.000000,3043.000000,20.700000,12.640000,97.000000,80.000000,28.000000,311.000000,45.600000,28.700000,13.900000,23.500000,39.600000,1.100000,1.900000,0.000000,1.100000,20.500000,40.000000,21.100000,53.300000,0.000000,1.000000,0.000000,0.000000,1.000000,4.700000,1.000000,2.600000,1.000000,0.900000,2.000000,1.000000,1.000000,0.700000,21.100000,6.000000,0.000000,0.600000,1.000000,13.900000,1.000000,0.000000,0.000000,2.430000,0.125000,1.000000,0.000000,0.000000,0.000000,1.000000,0.680000,-6.300000,3.100000,2.000000,-6.250000,34.500000,-3.000000,18.400000,0.000000,0.000000,0.000000,0.000000,0.000000,0.000000,1.000000,0.000000,0.000000,0.000000,0.000000,0.000000,0.000000,0.000000,0.000000,23887.000000,9359.000000,255.000000,5.000000,0.000000,0.000000,1.000000,0.000000,0.000000,0.000000,0.000000,4.000000,1.000000,0.000000,2011.000000,1.000000
00:40.359,0.000000,3078.000000,20.300000,12.560000,97.000000,80.000000,28.000000,311.000000,45.600000,28.700000,13.800000,23.500000,39.600000,1.100000,1.900000,0.000000,1.100000,20.500000,40.000000,21.100000,53.300000,0.000000,1.000000,0.000000,0.000000,1.000000,4.700000,1.000000,2.600000,1.000000,0.900000,2.000000,1.000000,1.000000,0.700000,21.100000,12.000000,0.000000,0.600000,1.000000,13.900000,1.000000,0.000000,0.000000,2.560000,0.118000,1.000000,0.000000,0.000000,0.000000,1.000000,0.070000,0.000000,3.100000,2.000000,0.000000,34.500000,-3.000000,14.800000,0.000000,0.000000,0.000000,0.000000,0.000000,0.000000,1.000000,0.000000,0.000000,0.000000,0.000000,0.000000,0.000000,0.000000,0.000000,23887.000000,9359.000000,255.000000,5.000000,0.000000,0.000000,1.000000,0.000000,0.000000,0.000000,0.000000,4.000000,1.000000,0.000000,2011.000000,1.000000
00:40.642,0.000000,3109.000000,20.300000,12.670000,97.000000,80.000000,28.000000,311.000000,45.600000,28.700000,13.800000,23.500000,39.600000,1.100000,1.900000,0.000000,1.100000,20.500000,40.000000,21.100000,53.300000,0.000000,1.000000,0.000000,0.000000,1.000000,4.700000,1.000000,2.600000,1.000000,0.900000,2.000000,1.000000,1.000000,0.700000,21.100000,8.000000,0.000000,0.600000,1.000000,13.900000,1.000000,0.000000,0.000000,2.430000,0.121000,1.000000,0.000000,0.000000,0.000000,1.000000,0.720000,-4.700000,3.100000,2.000000,-4.688000,34.500000,-3.000000,14.800000,0.000000,0.000000,0.000000,0.000000,0.000000,0.000000,1.000000,0.000000,0.000000,0.000000,0.000000,0.000000,0.000000,0.000000,0.000000,23887.000000,9359.000000,255.000000,5.000000,0.000000,0.000000,1.000000,0.000000,0.000000,0.000000,0.000000,4.000000,1.000000,0.000000,2011.000000,1.000000
00:40.924,0.000000,3121.000000,20.300000,12.620000,97.000000,80.000000,28.000000,312.000000,45.600000,28.700000,13.900000,23.500000,39.600000,1.100000,1.900000,0.000000,1.100000,20.500000,40.000000,21.100000,53.300000,0.000000,1.000000,0.000000,0.000000,1.000000,4.700000,1.000000,2.600000,1.000000,0.900000,2.000000,1.000000,1.000000,0.700000,21.100000,10.000000,0.000000,0.600000,1.000000,13.900000,1.000000,0.000000,0.000000,2.560000,0.115000,1.000000,0.000000,0.000000,0.000000,1.000000,0.050000,0.700000,3.100000,2.000000,0.781000,34.500000,-3.000000,14.800000,0.000000,0.000000,0.000000,0.000000,0.000000,0.000000,1.000000,0.000000,0.000000,0.000000,0.000000,0.000000,0.000000,0.000000,0.000000,23887.000000,9359.000000,255.000000,5.000000,0.000000,0.000000,1.000000,0.000000,0.000000,0.000000,0.000000,4.000000,1.000000,0.000000,2011.000000,1.000000
00:41.207,0.000000,3142.000000,20.000000,12.500000,97.000000,80.000000,28.000000,312.000000,45.600000,28.700000,13.900000,23.500000,39.600000,1.100000,1.900000,0.000000,1.100000,20.500000,40.000000,21.100000,53.300000,0.000000,1.000000,0.000000,0.000000,1.000000,4.700000,1.000000,2.600000,1.000000,0.900000,2.000000,1.000000,1.000000,0.700000,21.100000,8.000000,0.000000,0.600000,1.000000,13.900000,1.000000,0.000000,0.000000,2.560000,0.115000,1.000000,0.000000,0.000000,0.000000,1.000000,0.680000,2.300000,3.100000,2.000000,2.343000,35.000000,-3.000000,14.800000,0.000000,0.000000,0.000000,0.000000,0.000000,0.000000,1.000000,0.000000,0.000000,0.000000,0.000000,0.000000,0.000000,0.000000,0.000000,23887.000000,9359.000000,255.000000,5.000000,0.000000,0.000000,1.000000,0.000000,0.000000,0.000000,0.000000,4.000000,1.000000,0.000000,2011.000000,1.000000
00:41.489,0.000000,3153.000000,20.000000,12.540000,97.000000,80.000000,28.000000,312.000000,45.600000,28.700000,13.800000,23.500000,39.600000,1.100000,1.900000,0.000000,1.100000,20.500000,40.000000,21.100000,53.300000,0.000000,1.000000,0.000000,0.000000,1.000000,4.700000,1.000000,2.600000,1.000000,0.900000,2.000000,1.000000,1.000000,0.700000,21.100000,8.000000,0.000000,0.600000,1.000000,13.900000,1.000000,0.000000,0.000000,2.430000,0.118000,1.000000,0.000000,0.000000,0.000000,1.000000,0.390000,-4.000000,3.100000,2.000000,-3.907000,35.000000,-3.000000,14.800000,0.000000,0.000000,0.000000,0.000000,0.000000,0.000000,1.000000,0.000000,0.000000,0.000000,0.000000,0.000000,0.000000,0.000000,0.000000,23887.000000,9359.000000,255.000000,5.000000,0.000000,0.000000,1.000000,0.000000,0.000000,0.000000,0.000000,4.000000,1.000000,0.000000,2011.000000,1.000000
00:41.772,0.000000,3156.000000,19.600000,12.420000,97.000000,80.000000,28.000000,312.000000,45.600000,28.700000,13.900000,23.500000,39.600000,1.100000,1.900000,0.000000,1.100000,20.500000,40.000000,21.100000,53.300000,0.000000,1.000000,0.000000,0.000000,1.000000,4.700000,1.000000,2.600000,1.000000,0.900000,2.000000,1.000000,1.000000,0.700000,21.100000,11.000000,0.000000,0.600000,1.000000,13.900000,1.000000,0.000000,0.000000,2.560000,0.115000,1.000000,0.100000,0.000000,0.000000,1.000000,0.110000,2.300000,3.100000,2.000000,2.343000,35.000000,-3.000000,14.800000,0.000000,0.000000,0.000000,0.000000,0.000000,0.000000,1.000000,0.000000,0.000000,0.000000,0.000000,0.000000,0.000000,0.000000,0.000000,23887.000000,9359.000000,255.000000,5.000000,0.000000,0.000000,1.000000,0.000000,0.000000,0.000000,0.000000,4.000000,1.000000,0.000000,2011.000000,1.000000
00:42.054,0.000000,3164.000000,19.600000,12.460000,97.000000,80.000000,28.000000,313.000000,45.600000,28.700000,13.900000,23.500000,39.600000,1.100000,1.900000,0.000000,1.100000,20.500000,40.000000,21.100000,53.300000,0.000000,1.000000,0.000000,0.000000,1.000000,4.700000,1.000000,2.600000,1.000000,0.900000,2.000000,1.000000,1.000000,0.700000,21.100000,7.000000,0.000000,0.600000,1.000000,13.900000,1.000000,0.000000,0.000000,2.430000,0.115000,1.000000,0.100000,0.000000,0.000000,1.000000,0.760000,-2.400000,3.100000,2.000000,-2.344000,35.000000,-3.000000,14.800000,0.000000,0.000000,0.000000,0.000000,0.000000,0.000000,1.000000,0.000000,0.000000,0.000000,0.000000,0.000000,0.000000,0.000000,0.000000,23887.000000,9359.000000,255.000000,5.000000,0.000000,0.000000,1.000000,0.000000,0.000000,0.000000,0.000000,4.000000,1.000000,0.000000,2011.000000,1.000000
00:42.337,0.000000,3156.000000,16.400000,10.480000,97.000000,80.000000,28.000000,313.000000,45.600000,28.700000,13.900000,18.000000,34.100000,1.100000,1.900000,0.000000,1.100000,20.500000,40.000000,19.200000,50.900000,0.000000,1.000000,0.000000,0.000000,1.000000,2.700000,1.000000,2.600000,1.000000,0.900000,2.000000,1.000000,1.000000,0.700000,17.600000,8.000000,0.000000,0.600000,1.000000,13.900000,1.000000,0.000000,0.000000,2.300000,0.116000,1.000000,0.100000,0.000000,0.000000,1.000000,0.070000,3.100000,3.100000,2.000000,3.125000,34.500000,-3.000000,14.800000,0.000000,0.000000,0.000000,0.000000,0.000000,0.000000,1.000000,0.000000,0.000000,0.000000,0.000000,0.000000,0.000000,0.000000,0.000000,23887.000000,9359.000000,255.000000,5.000000,0.000000,0.000000,1.000000,0.000000,0.000000,0.000000,0.000000,4.000000,1.000000,0.000000,2011.000000,1.000000
00:42.620,0.000000,2917.000000,6.600000,3.950000,97.000000,80.000000,28.000000,313.000000,45.600000,28.700000,13.800000,16.000000,31.700000,0.800000,1.500000,0.000000,0.800000,20.500000,40.000000,16.800000,48.200000,0.000000,1.000000,0.000000,0.000000,0.800000,0.000000,0.800000,2.300000,0.800000,0.900000,2.000000,0.800000,1.000000,1.300000,16.400000,0.000000,18.000000,0.600000,1.000000,13.800000,1.000000,0.000000,0.000000,1.150000,0.105000,1.000000,0.200000,0.000000,0.000000,1.000000,0.850000,1.500000,2.300000,2.000000,1.562000,22.000000,-3.000000,14.800000,1.000000,0.000000,0.000000,0.000000,0.000000,0.000000,1.000000,0.000000,0.000000,1.000000,0.000000,0.000000,0.000000,0.000000,0.000000,23887.000000,9359.000000,255.000000,5.000000,0.000000,0.000000,1.000000,0.000000,0.000000,0.000000,0.000000,4.000000,1.000000,0.000000,2011.000000,1.000000
00:43.081,0.000000,2257.000000,9.400000,4.230000,97.000000,80.000000,28.000000,314.000000,45.600000,28.700000,13.800000,16.000000,31.700000,0.800000,1.500000,1.000000,0.800000,20.500000,40.000000,16.400000,47.800000,0.000000,1.000000,0.000000,1.000000,0.800000,0.000000,0.800000,2.300000,0.800000,0.900000,2.000000,0.800000,1.000000,0.700000,16.400000,0.000000,14.000000,0.600000,1.000000,13.900000,1.000000,0.000000,0.000000,1.150000,0.105000,1.000000,0.000000,0.000000,0.000000,0.999000,0.000000,0.000000,2.300000,4.000000,0.000000,15.000000,-3.000000,18.400000,1.000000,0.000000,0.000000,0.000000,0.000000,0.000000,1.000000,0.000000,0.000000,1.000000,0.000000,0.000000,0.000000,0.000000,0.000000,23887.000000,9359.000000,255.000000,5.000000,0.000000,0.000000,1.000000,1.000000,0.000000,0.000000,0.000000,4.000000,1.000000,0.000000,2011.000000,1.000000
00:43.364,0.000000,1899.000000,11.300000,4.310000,97.000000,80.000000,28.000000,314.000000,45.600000,28.700000,13.800000,16.000000,31.700000,0.800000,1.500000,1.000000,0.800000,20.500000,40.000000,16.400000,47.800000,0.000000,1.000000,0.000000,1.000000,0.800000,0.000000,0.800000,2.400000,0.800000,0.900000,2.000000,0.800000,1.000000,0.500000,16.000000,0.000000,10.000000,0.600000,1.000000,13.900000,1.000000,0.000000,0.000000,1.150000,0.105000,1.000000,0.000000,0.000000,0.000000,0.999000,0.000000,0.000000,2.300000,4.000000,0.000000,11.500000,-3.000000,18.400000,1.000000,0.000000,0.000000,0.000000,0.000000,0.000000,1.000000,0.000000,0.000000,1.000000,0.000000,0.000000,0.000000,0.000000,0.000000,23887.000000,9359.000000,255.000000,5.000000,0.000000,0.000000,1.000000,1.000000,0.000000,0.000000,0.000000,4.000000,1.000000,0.000000,2011.000000,1.000000
00:43.647,0.000000,1570.000000,14.100000,4.450000,97.000000,80.000000,28.000000,314.000000,45.600000,28.700000,13.800000,16.000000,31.700000,0.800000,1.500000,1.000000,0.800000,20.500000,40.000000,16.400000,47.800000,0.000000,1.000000,0.000000,1.000000,0.800000,0.000000,0.800000,2.400000,0.800000,0.900000,2.000000,0.800000,1.000000,0.300000,16.000000,0.000000,1.000000,0.600000,1.000000,13.800000,1.000000,0.000000,0.000000,1.150000,0.105000,1.000000,0.000000,0.000000,0.000000,0.999000,0.000000,0.000000,2.300000,4.000000,0.000000,8.500000,-3.000000,18.400000,1.000000,0.000000,0.000000,0.000000,0.000000,0.000000,1.000000,0.000000,0.000000,1.000000,0.000000,0.000000,0.000000,0.000000,0.000000,23887.000000,9359.000000,255.000000,5.000000,0.000000,0.000000,1.000000,1.000000,0.000000,0.000000,0.000000,4.000000,1.000000,0.000000,2011.000000,1.000000
00:43.929,0.000000,1261.000000,15.600000,4.000000,97.000000,80.000000,28.000000,314.000000,45.600000,28.700000,13.800000,16.000000,31.700000,0.800000,1.500000,1.000000,0.800000,20.500000,40.000000,16.800000,48.200000,0.000000,1.000000,0.000000,1.000000,0.800000,0.000000,0.800000,2.300000,0.800000,0.900000,2.000000,0.800000,1.000000,1.400000,16.800000,0.000000,18.000000,0.600000,1.000000,13.800000,1.000000,0.000000,0.000000,1.660000,0.105000,1.000000,0.000000,0.000000,0.000000,0.999000,0.000000,0.000000,2.300000,4.000000,0.000000,7.000000,-3.000000,18.400000,1.000000,0.000000,0.000000,0.000000,0.000000,0.000000,1.000000,0.000000,0.000000,1.000000,0.000000,0.000000,0.000000,0.000000,0.000000,23887.000000,9359.000000,255.000000,5.000000,0.000000,0.000000,1.000000,0.000000,0.000000,0.000000,0.000000,4.000000,1.000000,0.000000,2011.000000,1.000000
00:44.212,0.000000,1072.000000,18.800000,4.040000,97.000000,80.000000,28.000000,315.000000,45.600000,28.700000,13.800000,16.000000,31.700000,0.800000,1.500000,1.000000,0.800000,20.500000,40.000000,16.400000,47.800000,0.000000,1.000000,0.000000,1.000000,0.800000,0.000000,0.800000,2.400000,0.800000,0.900000,2.000000,0.800000,1.000000,1.500000,16.400000,0.000000,24.000000,0.600000,1.000000,13.800000,1.000000,0.000000,0.000000,2.040000,0.105000,1.000000,0.000000,0.000000,0.000000,1.000000,0.000000,0.000000,2.300000,4.000000,0.000000,7.000000,-3.000000,18.400000,1.000000,0.000000,0.000000,0.000000,0.000000,0.000000,1.000000,0.000000,0.000000,1.000000,0.000000,0.000000,0.000000,0.000000,0.000000,23887.000000,9359.000000,255.000000,5.000000,0.000000,0.000000,1.000000,0.000000,0.000000,0.000000,0.000000,4.000000,1.000000,0.000000,2011.000000,1.000000
00:44.494,0.000000,971.000000,19.600000,3.760000,97.000000,80.000000,28.000000,315.000000,45.600000,28.700000,13.800000,16.000000,31.700000,0.800000,1.500000,1.000000,0.800000,20.500000,40.000000,16.400000,47.800000,0.000000,1.000000,0.000000,1.000000,0.800000,0.000000,0.800000,2.300000,0.800000,0.900000,2.000000,0.800000,1.000000,1.200000,16.400000,0.000000,14.000000,0.600000,1.000000,13.800000,1.000000,0.000000,0.000000,2.170000,0.068000,1.000000,0.000000,0.000000,0.000000,1.000000,0.000000,0.000000,2.300000,2.000000,0.000000,7.000000,-3.000000,18.400000,1.000000,0.000000,0.000000,0.000000,0.000000,0.000000,1.000000,0.000000,0.000000,1.000000,0.000000,0.000000,0.000000,0.000000,0.000000,23887.000000,9359.000000,255.000000,5.000000,0.000000,0.000000,1.000000,0.000000,0.000000,0.000000,0.000000,4.000000,1.000000,0.000000,2011.000000,1.000000
00:44.777,0.000000,908.000000,18.400000,3.340000,97.000000,80.000000,28.000000,315.000000,45.600000,28.700000,13.800000,16.000000,31.700000,0.800000,1.500000,1.000000,0.800000,20.000000,40.000000,16.000000,47.400000,0.000000,1.000000,0.000000,1.000000,0.800000,0.000000,0.800000,2.300000,0.800000,0.900000,2.000000,0.800000,1.000000,1.300000,16.400000,0.000000,20.000000,0.600000,1.000000,13.800000,1.000000,0.000000,0.000000,2.300000,0.068000,1.000000,0.000000,0.000000,0.000000,1.000000,0.000000,0.700000,2.300000,2.000000,0.781000,7.000000,-3.000000,18.400000,1.000000,0.000000,0.000000,0.000000,0.000000,0.000000,1.000000,0.000000,0.000000,1.000000,0.000000,0.000000,0.000000,0.000000,0.000000,23887.000000,9359.000000,255.000000,5.000000,0.000000,0.000000,1.000000,0.000000,0.000000,0.000000,0.000000,4.000000,1.000000,0.000000,2011.000000,1.000000
00:45.060,0.000000,872.000000,18.800000,3.260000,97.000000,80.000000,28.000000,316.000000,45.600000,28.700000,13.800000,16.000000,31.700000,0.800000,1.500000,1.000000,0.800000,20.000000,39.500000,16.000000,47.400000,0.000000,1.000000,0.000000,1.000000,0.800000,0.000000,0.800000,2.300000,0.800000,0.900000,2.000000,0.800000,1.000000,0.700000,16.000000,0.000000,13.000000,0.600000,1.000000,13.800000,1.000000,0.000000,0.000000,2.300000,0.068000,1.000000,0.000000,0.000000,0.000000,1.000000,0.010000,1.500000,2.300000,2.000000,1.562000,7.000000,-3.000000,18.400000,1.000000,0.000000,0.000000,0.000000,0.000000,0.000000,1.000000,0.000000,0.000000,1.000000,0.000000,0.000000,0.000000,0.000000,0.000000,23887.000000,9359.000000,255.000000,5.000000,0.000000,0.000000,1.000000,0.000000,0.000000,0.000000,0.000000,4.000000,1.000000,0.000000,2011.000000,1.000000
00:45.342,0.000000,863.000000,18.800000,3.260000,97.000000,80.000000,28.000000,316.000000,45.600000,28.700000,13.800000,16.000000,31.700000,0.800000,1.500000,1.000000,0.800000,20.000000,39.500000,16.000000,47.400000,0.000000,1.000000,0.000000,1.000000,0.800000,0.000000,0.800000,2.300000,0.800000,0.900000,2.000000,0.800000,1.000000,1.100000,16.000000,0.000000,15.000000,0.600000,1.000000,13.800000,1.000000,0.000000,0.000000,2.430000,0.068000,1.000000,0.000000,0.000000,0.000000,1.000000,0.010000,2.300000,2.300000,2.000000,2.343000,7.000000,-3.000000,18.400000,1.000000,0.000000,0.000000,0.000000,0.000000,0.000000,1.000000,0.000000,0.000000,1.000000,0.000000,0.000000,0.000000,0.000000,0.000000,23887.000000,9359.000000,255.000000,5.000000,0.000000,0.000000,1.000000,0.000000,0.000000,0.000000,0.000000,4.000000,1.000000,0.000000,2011.000000,1.000000
00:45.625,0.000000,863.000000,18.800000,3.210000,97.000000,80.000000,28.000000,316.000000,45.600000,28.700000,13.800000,16.000000,31.700000,0.800000,1.500000,1.000000,0.800000,20.000000,39.500000,16.000000,47.400000,0.000000,1.000000,0.000000,1.000000,0.800000,0.000000,0.800000,2.300000,0.800000,0.900000,2.000000,0.800000,1.000000,1.200000,16.000000,0.000000,16.000000,0.600000,1.000000,13.700000,1.000000,0.000000,0.000000,2.430000,0.107000,1.000000,0.000000,0.000000,0.000000,1.000000,0.030000,3.100000,2.300000,2.000000,3.125000,7.000000,-3.000000,18.400000,1.000000,0.000000,0.000000,0.000000,0.000000,0.000000,1.000000,0.000000,0.000000,1.000000,0.000000,0.000000,0.000000,0.000000,0.000000,23887.000000,9359.000000,255.000000,5.000000,0.000000,0.000000,1.000000,0.000000,0.000000,0.000000,0.000000,4.000000,1.000000,0.000000,2011.000000,1.000000
00:46.087,0.000000,875.000000,18.400000,3.210000,97.000000,80.000000,28.000000,317.000000,45.600000,28.700000,13.800000,16.000000,31.700000,0.800000,1.500000,1.000000,0.800000,20.000000,39.500000,16.000000,47.400000,0.000000,1.000000,0.000000,1.000000,0.800000,0.000000,0.800000,2.300000,0.800000,0.900000,2.000000,0.800000,1.000000,1.100000,16.000000,0.000000,15.000000,0.600000,1.000000,13.800000,1.000000,0.000000,0.000000,2.430000,0.107000,1.000000,0.000000,0.000000,0.000000,1.000000,0.210000,3.900000,2.300000,2.000000,3.906000,9.500000,-3.000000,18.400000,1.000000,0.000000,0.000000,0.000000,0.000000,0.000000,1.000000,0.000000,0.000000,1.000000,0.000000,0.000000,0.000000,0.000000,0.000000,23887.000000,9359.000000,255.000000,5.000000,0.000000,0.000000,1.000000,0.000000,0.000000,0.000000,0.000000,4.000000,1.000000,0.000000,2011.000000,1.000000
00:46.369,0.000000,889.000000,18.000000,3.200000,97.000000,80.000000,28.000000,317.000000,45.600000,28.700000,13.800000,16.000000,31.700000,0.800000,1.500000,1.000000,0.800000,20.000000,39.500000,16.000000,47.000000,0.000000,1.000000,0.000000,1.000000,0.800000,0.000000,0.800000,2.300000,0.800000,0.900000,2.000000,0.800000,1.000000,1.100000,16.000000,0.000000,18.000000,0.600000,1.000000,13.800000,1.000000,0.000000,0.000000,2.300000,0.107000,1.000000,0.000000,0.000000,0.000000,1.000000,0.760000,2.300000,2.300000,2.000000,2.343000,9.500000,-3.000000,18.400000,1.000000,0.000000,0.000000,0.000000,0.000000,0.000000,1.000000,0.000000,0.000000,1.000000,0.000000,0.000000,0.000000,0.000000,0.000000,23887.000000,9359.000000,255.000000,5.000000,0.000000,0.000000,1.000000,0.000000,0.000000,0.000000,0.000000,4.000000,1.000000,0.000000,2011.000000,1.000000
00:46.652,0.000000,884.000000,17.600000,3.090000,97.000000,80.000000,28.000000,317.000000,45.600000,28.700000,13.800000,16.000000,31.700000,0.800000,1.500000,1.000000,0.800000,20.000000,39.500000,16.000000,47.000000,0.000000,1.000000,0.000000,1.000000,0.800000,0.000000,0.800000,2.300000,0.800000,0.900000,2.000000,0.800000,1.000000,1.400000,16.000000,0.000000,21.000000,0.600000,1.000000,13.700000,1.000000,0.000000,0.000000,2.300000,0.107000,1.000000,0.000000,0.000000,0.000000,1.000000,0.780000,1.500000,2.300000,2.000000,1.562000,9.500000,-3.000000,18.400000,1.000000,0.000000,0.000000,0.000000,0.000000,0.000000,1.000000,0.000000,0.000000,1.000000,0.000000,0.000000,0.000000,0.000000,0.000000,23887.000000,9359.000000,255.000000,5.000000,0.000000,0.000000,1.000000,0.000000,0.000000,0.000000,0.000000,4.000000,1.000000,0.000000,2011.000000,1.000000
00:46.934,0.000000,876.000000,17.600000,3.100000,97.000000,80.000000,28.000000,317.000000,45.600000,28.700000,13.800000,16.000000,31.700000,0.800000,1.500000,1.000000,0.800000,20.000000,39.500000,16.000000,47.000000,0.000000,1.000000,0.000000,1.000000,0.800000,0.000000,0.800000,2.300000,0.800000,0.900000,2.000000,0.800000,1.000000,1.100000,16.000000,0.000000,19.000000,0.600000,1.000000,13.700000,1.000000,0.000000,0.000000,2.300000,0.107000,1.000000,0.000000,0.000000,0.000000,1.000000,0.800000,1.500000,2.300000,2.000000,1.562000,9.500000,-3.000000,18.400000,1.000000,0.000000,0.000000,0.000000,0.000000,0.000000,1.000000,0.000000,0.000000,1.000000,0.000000,0.000000,0.000000,0.000000,0.000000,23887.000000,9359.000000,255.000000,5.000000,0.000000,0.000000,1.000000,0.000000,0.000000,0.000000,0.000000,4.000000,1.000000,0.000000,2011.000000,1.000000
00:47.217,0.000000,862.000000,18.000000,3.100000,97.000000,80.000000,28.000000,318.000000,45.600000,28.700000,13.800000,16.000000,31.700000,0.800000,1.500000,1.000000,0.800000,20.000000,39.500000,16.000000,47.000000,0.000000,1.000000,0.000000,1.000000,0.800000,0.000000,0.800000,2.300000,0.800000,0.900000,2.000000,0.800000,1.000000,1.100000,16.000000,0.000000,19.000000,0.600000,1.000000,13.700000,1.000000,0.000000,0.000000,2.300000,0.108000,1.000000,0.000000,0.000000,0.000000,1.000000,0.800000,0.700000,2.300000,2.000000,0.781000,9.500000,-3.000000,18.400000,1.000000,0.000000,0.000000,0.000000,0.000000,0.000000,1.000000,0.000000,0.000000,1.000000,0.000000,0.000000,0.000000,0.000000,0.000000,23887.000000,9359.000000,255.000000,5.000000,0.000000,0.000000,1.000000,0.000000,0.000000,0.000000,0.000000,4.000000,1.000000,0.000000,2011.000000,1.000000
00:47.499,0.000000,853.000000,18.000000,3.070000,97.000000,80.000000,28.000000,318.000000,45.600000,28.700000,13.800000,16.000000,31.700000,0.800000,1.500000,1.000000,0.800000,20.000000,39.500000,16.000000,47.000000,0.000000,1.000000,0.000000,1.000000,0.800000,0.000000,0.800000,2.300000,0.800000,0.900000,2.000000,0.800000,1.000000,1.200000,16.000000,0.000000,18.000000,0.600000,1.000000,13.700000,1.000000,0.000000,0.000000,2.300000,0.108000,1.000000,0.000000,0.000000,0.000000,1.000000,0.780000,0.700000,2.300000,2.000000,0.781000,9.500000,-3.000000,18.400000,1.000000,0.000000,0.000000,0.000000,0.000000,0.000000,1.000000,0.000000,0.000000,1.000000,0.000000,0.000000,0.000000,0.000000,0.000000,23887.000000,9359.000000,255.000000,5.000000,0.000000,0.000000,1.000000,0.000000,0.000000,0.000000,0.000000,4.000000,1.000000,0.000000,2011.000000,1.000000
00:47.782,0.000000,844.000000,18.000000,3.040000,97.000000,80.000000,28.000000,318.000000,45.600000,28.700000,13.800000,16.000000,31.700000,0.800000,1.500000,1.000000,0.800000,20.000000,39.500000,16.000000,47.000000,0.000000,1.000000,0.000000,1.000000,0.800000,0.000000,0.800000,2.300000,0.800000,0.900000,2.000000,0.800000,1.000000,1.000000,16.000000,0.000000,14.000000,0.600000,1.000000,13.700000,1.000000,0.000000,0.000000,2.300000,0.108000,1.000000,0.100000,0.000000,0.000000,1.000000,0.760000,0.000000,2.300000,2.000000,0.000000,9.500000,-3.000000,18.400000,1.000000,0.000000,0.000000,0.000000,0.000000,0.000000,1.000000,0.000000,0.000000,1.000000,0.000000,0.000000,0.000000,0.000000,0.000000,23887.000000,9359.000000,255.000000,5.000000,0.000000,0.000000,1.000000,0.000000,0.000000,0.000000,0.000000,4.000000,1.000000,0.000000,2011.000000,1.000000
00:48.065,0.000000,838.000000,18.400000,3.090000,97.000000,80.000000,28.000000,319.000000,45.600000,28.700000,13.800000,16.000000,31.700000,0.800000,1.500000,1.000000,0.800000,20.000000,39.500000,16.000000,47.000000,0.000000,1.000000,0.000000,1.000000,0.800000,0.000000,0.800000,2.300000,0.800000,0.900000,2.000000,0.800000,1.000000,1.300000,16.000000,0.000000,22.000000,0.600000,1.000000,13.700000,1.000000,0.000000,0.000000,2.300000,0.108000,1.000000,0.100000,0.000000,0.000000,1.000000,0.760000,0.000000,2.300000,2.000000,0.000000,9.500000,-3.000000,18.400000,1.000000,0.000000,0.000000,0.000000,0.000000,0.000000,1.000000,0.000000,0.000000,1.000000,0.000000,0.000000,0.000000,0.000000,0.000000,23887.000000,9359.000000,255.000000,5.000000,0.000000,0.000000,1.000000,0.000000,0.000000,0.000000,0.000000,4.000000,1.000000,0.000000,2011.000000,1.000000
00:48.347,0.000000,827.000000,18.400000,3.010000,97.000000,81.000000,28.000000,319.000000,45.600000,28.700000,13.800000,16.000000,31.700000,0.800000,1.500000,1.000000,0.800000,20.000000,39.500000,16.000000,47.000000,0.000000,1.000000,0.000000,1.000000,0.800000,0.000000,0.800000,2.300000,0.800000,0.900000,2.000000,0.800000,1.000000,1.400000,16.000000,0.000000,20.000000,0.600000,1.000000,13.700000,1.000000,0.000000,0.000000,2.300000,0.108000,1.000000,0.100000,0.000000,0.000000,1.000000,0.740000,-0.800000,2.300000,2.000000,-0.782000,9.500000,-3.000000,18.400000,1.000000,0.000000,0.000000,0.000000,0.000000,0.000000,1.000000,0.000000,0.000000,1.000000,0.000000,0.000000,0.000000,0.000000,0.000000,23887.000000,9359.000000,255.000000,5.000000,0.000000,0.000000,1.000000,0.000000,0.000000,0.000000,0.000000,4.000000,1.000000,0.000000,2011.000000,1.000000
00:48.630,0.000000,820.000000,18.400000,3.040000,97.000000,81.000000,28.000000,319.000000,45.600000,28.700000,13.700000,16.000000,31.700000,0.800000,1.500000,1.000000,0.800000,20.000000,39.500000,16.000000,47.000000,0.000000,1.000000,0.000000,1.000000,0.800000,0.000000,0.800000,2.300000,0.800000,0.900000,2.000000,0.800000,1.000000,1.200000,16.000000,0.000000,16.000000,0.600000,1.000000,13.700000,1.000000,0.000000,0.000000,2.300000,0.105000,1.000000,0.100000,0.000000,0.000000,1.000000,0.740000,-0.800000,2.300000,2.000000,-0.782000,9.500000,-3.000000,18.400000,1.000000,0.000000,0.000000,0.000000,0.000000,0.000000,1.000000,0.000000,0.000000,1.000000,0.000000,0.000000,0.000000,0.000000,0.000000,23887.000000,9359.000000,255.000000,5.000000,0.000000,0.000000,1.000000,0.000000,0.000000,0.000000,0.000000,4.000000,1.000000,0.000000,2011.000000,1.000000
00:49.092,0.000000,818.000000,18.400000,2.980000,97.000000,81.000000,28.000000,320.000000,45.600000,28.700000,13.700000,16.000000,31.700000,0.800000,1.500000,1.000000,0.800000,20.000000,39.500000,16.000000,47.000000,0.000000,1.000000,0.000000,1.000000,0.800000,0.000000,0.800000,2.300000,0.800000,0.900000,2.000000,0.800000,1.000000,1.400000,16.000000,0.000000,20.000000,0.600000,1.000000,13.700000,1.000000,0.000000,0.000000,2.300000,0.105000,1.000000,0.100000,0.000000,0.000000,1.000000,0.720000,-1.600000,2.300000,2.000000,-1.563000,11.500000,-3.000000,18.400000,1.000000,0.000000,0.000000,0.000000,0.000000,0.000000,1.000000,0.000000,0.000000,1.000000,0.000000,0.000000,0.000000,0.000000,0.000000,23887.000000,9359.000000,255.000000,5.000000,0.000000,0.000000,1.000000,0.000000,0.000000,0.000000,0.000000,4.000000,1.000000,0.000000,2011.000000,1.000000
00:49.374,0.000000,822.000000,18.000000,2.950000,97.000000,80.000000,28.000000,320.000000,45.600000,28.700000,13.700000,16.000000,31.700000,0.800000,1.500000,1.000000,0.800000,20.000000,39.500000,16.000000,47.000000,0.000000,1.000000,0.000000,1.000000,0.800000,0.000000,0.800000,2.300000,0.800000,0.900000,2.000000,0.800000,1.000000,1.400000,16.000000,0.000000,22.000000,0.600000,1.000000,13.700000,1.000000,0.000000,0.000000,2.300000,0.105000,1.000000,0.100000,0.000000,0.000000,1.000000,0.680000,-2.400000,2.300000,2.000000,-2.344000,12.000000,-3.000000,18.400000,1.000000,0.000000,0.000000,0.000000,0.000000,0.000000,1.000000,0.000000,0.000000,1.000000,0.000000,0.000000,0.000000,0.000000,0.000000,23887.000000,9359.000000,255.000000,5.000000,0.000000,0.000000,1.000000,0.000000,0.000000,0.000000,0.000000,4.000000,1.000000,0.000000,2011.000000,1.000000
00:49.657,0.000000,822.000000,17.600000,2.920000,97.000000,80.000000,28.000000,320.000000,45.600000,28.700000,13.700000,16.000000,31.700000,0.800000,1.500000,1.000000,0.800000,20.000000,39.500000,16.000000,47.000000,0.000000,1.000000,0.000000,1.000000,0.800000,0.000000,0.800000,2.300000,0.800000,0.900000,2.000000,0.800000,1.000000,1.500000,16.000000,0.000000,24.000000,0.600000,1.000000,13.700000,1.000000,0.000000,0.000000,2.170000,0.105000,1.000000,0.100000,0.000000,0.000000,1.000000,0.600000,-2.400000,2.300000,2.000000,-2.344000,11.500000,-3.000000,18.400000,1.000000,0.000000,0.000000,0.000000,0.000000,0.000000,1.000000,0.000000,0.000000,1.000000,0.000000,0.000000,0.000000,0.000000,0.000000,23887.000000,9359.000000,255.000000,5.000000,0.000000,0.000000,1.000000,0.000000,0.000000,0.000000,0.000000,4.000000,1.000000,0.000000,2011.000000,1.000000
00:49.939,0.000000,825.000000,17.600000,2.890000,97.000000,80.000000,28.000000,320.000000,45.600000,28.700000,13.700000,16.000000,31.700000,0.800000,1.500000,1.000000,0.800000,20.000000,39.500000,16.000000,47.000000,0.000000,1.000000,0.000000,1.000000,0.800000,0.000000,0.800000,2.300000,0.800000,0.900000,2.000000,0.800000,1.000000,1.100000,16.000000,0.000000,18.000000,0.600000,1.000000,13.700000,1.000000,0.000000,0.000000,2.170000,0.103000,1.000000,0.100000,0.000000,0.000000,1.000000,0.150000,-0.800000,2.300000,2.000000,-0.782000,11.000000,-3.000000,18.400000,1.000000,0.000000,0.000000,0.000000,0.000000,0.000000,1.000000,0.000000,0.000000,1.000000,0.000000,0.000000,0.000000,0.000000,0.000000,23887.000000,9359.000000,255.000000,5.000000,0.000000,0.000000,1.000000,0.000000,0.000000,0.000000,0.000000,4.000000,1.000000,0.000000,2011.000000,1.000000
00:50.222,0.000000,810.000000,18.000000,2.920000,97.000000,80.000000,28.000000,321.000000,45.600000,28.700000,13.700000,16.000000,31.700000,0.800000,1.500000,1.000000,0.800000,20.000000,39.500000,16.000000,47.000000,0.000000,1.000000,0.000000,1.000000,0.800000,0.000000,0.800000,2.300000,0.800000,0.900000,2.000000,0.800000,1.000000,1.100000,16.000000,0.000000,15.000000,0.600000,1.000000,13.700000,1.000000,0.000000,0.000000,2.300000,0.103000,1.000000,0.100000,0.000000,0.000000,1.000000,0.070000,-0.800000,2.300000,2.000000,-0.782000,10.500000,-3.000000,18.400000,1.000000,0.000000,0.000000,0.000000,0.000000,0.000000,1.000000,0.000000,0.000000,1.000000,0.000000,0.000000,0.000000,0.000000,0.000000,23887.000000,9359.000000,255.000000,5.000000,0.000000,0.000000,1.000000,0.000000,0.000000,0.000000,0.000000,4.000000,1.000000,0.000000,2011.000000,1.000000
00:50.505,0.000000,799.000000,18.400000,2.920000,97.000000,81.000000,28.000000,321.000000,45.600000,28.700000,13.700000,16.000000,31.700000,0.800000,1.500000,1.000000,0.800000,20.000000,39.500000,16.000000,47.000000,0.000000,1.000000,0.000000,1.000000,0.800000,0.000000,0.800000,2.300000,0.800000,0.900000,2.000000,0.800000,1.000000,1.200000,16.000000,0.000000,16.000000,0.600000,1.000000,13.700000,1.000000,0.000000,0.000000,2.300000,0.103000,1.000000,0.100000,0.000000,0.000000,1.000000,0.070000,0.000000,2.300000,2.000000,0.000000,10.000000,-3.000000,18.400000,1.000000,0.000000,0.000000,0.000000,0.000000,0.000000,1.000000,0.000000,0.000000,1.000000,0.000000,0.000000,0.000000,0.000000,0.000000,23887.000000,9359.000000,255.000000,5.000000,0.000000,0.000000,1.000000,0.000000,0.000000,0.000000,0.000000,4.000000,1.000000,0.000000,2011.000000,1.000000
00:50.787,0.000000,796.000000,18.000000,2.890000,97.000000,81.000000,28.000000,321.000000,45.600000,28.700000,13.700000,16.000000,31.700000,0.800000,1.500000,1.000000,0.800000,20.000000,39.500000,16.000000,47.000000,0.000000,1.000000,0.000000,1.000000,0.800000,0.000000,0.800000,2.300000,0.800000,0.900000,2.000000,0.800000,1.000000,1.200000,16.000000,0.000000,19.000000,0.600000,1.000000,13.700000,1.000000,0.000000,0.000000,2.300000,0.103000,1.000000,0.100000,0.000000,0.000000,1.000000,0.070000,0.700000,2.300000,2.000000,0.781000,9.500000,-3.000000,18.400000,1.000000,0.000000,0.000000,0.000000,0.000000,0.000000,1.000000,0.000000,0.000000,1.000000,0.000000,0.000000,0.000000,0.000000,0.000000,23887.000000,9359.000000,255.000000,5.000000,0.000000,0.000000,1.000000,0.000000,0.000000,0.000000,0.000000,4.000000,1.000000,0.000000,2011.000000,1.000000
00:51.070,0.000000,795.000000,18.000000,2.840000,97.000000,81.000000,28.000000,322.000000,45.600000,28.700000,13.700000,16.000000,31.700000,0.800000,1.500000,1.000000,0.800000,20.000000,39.500000,16.000000,47.000000,0.000000,1.000000,0.000000,1.000000,0.800000,0.000000,0.800000,2.300000,0.800000,0.900000,2.000000,0.800000,1.000000,1.300000,16.000000,0.000000,18.000000,0.600000,1.000000,13.700000,1.000000,0.000000,0.000000,2.300000,0.103000,1.000000,0.200000,0.000000,0.000000,1.000000,0.110000,1.500000,2.300000,2.000000,1.562000,9.000000,-3.000000,18.400000,1.000000,0.000000,0.000000,0.000000,0.000000,0.000000,1.000000,0.000000,0.000000,1.000000,0.000000,0.000000,0.000000,0.000000,0.000000,23887.000000,9359.000000,255.000000,5.000000,0.000000,0.000000,1.000000,0.000000,0.000000,0.000000,0.000000,4.000000,1.000000,0.000000,2011.000000,1.000000
00:51.352,0.000000,787.000000,18.000000,2.820000,97.000000,81.000000,28.000000,322.000000,45.600000,28.700000,13.700000,16.000000,31.700000,0.800000,1.500000,1.000000,0.800000,20.000000,39.500000,16.000000,47.000000,0.000000,1.000000,0.000000,1.000000,0.800000,0.000000,0.800000,2.300000,0.800000,0.900000,2.000000,0.800000,1.000000,1.400000,16.000000,0.000000,17.000000,0.600000,1.000000,13.700000,1.000000,0.000000,0.000000,2.300000,0.103000,1.000000,0.200000,0.000000,0.000000,1.000000,0.700000,0.000000,2.300000,2.000000,0.000000,8.500000,-3.000000,18.400000,1.000000,0.000000,0.000000,0.000000,0.000000,0.000000,1.000000,0.000000,0.000000,1.000000,0.000000,0.000000,0.000000,0.000000,0.000000,23887.000000,9359.000000,255.000000,5.000000,0.000000,0.000000,1.000000,0.000000,0.000000,0.000000,0.000000,4.000000,1.000000,0.000000,2011.000000,1.000000
00:51.635,0.000000,787.000000,18.000000,2.850000,97.000000,81.000000,28.000000,322.000000,45.600000,28.700000,13.700000,16.000000,31.700000,0.800000,1.500000,1.000000,0.800000,20.000000,39.500000,16.000000,47.000000,0.000000,1.000000,0.000000,1.000000,0.800000,0.000000,0.800000,2.300000,0.800000,0.900000,2.000000,0.800000,1.000000,1.100000,16.000000,0.000000,14.000000,0.600000,1.000000,13.700000,1.000000,0.000000,0.000000,2.300000,0.105000,1.000000,0.200000,0.000000,0.000000,1.000000,0.760000,0.000000,2.300000,2.000000,0.000000,8.500000,-3.000000,18.400000,1.000000,0.000000,0.000000,0.000000,0.000000,0.000000,1.000000,0.000000,0.000000,1.000000,0.000000,0.000000,0.000000,0.000000,0.000000,23887.000000,9359.000000,255.000000,5.000000,0.000000,0.000000,1.000000,0.000000,0.000000,0.000000,0.000000,4.000000,1.000000,0.000000,2011.000000,1.000000
00:51.918,0.000000,777.000000,18.400000,2.840000,97.000000,81.000000,28.000000,322.000000,45.600000,28.700000,13.700000,16.000000,31.700000,0.800000,1.500000,1.000000,0.800000,20.000000,39.500000,16.000000,47.000000,0.000000,1.000000,0.000000,1.000000,0.800000,0.000000,0.800000,2.300000,0.800000,0.900000,2.000000,0.800000,1.000000,1.300000,16.000000,0.000000,20.000000,0.600000,1.000000,13.700000,1.000000,0.000000,0.000000,2.300000,0.105000,1.000000,0.200000,0.000000,0.000000,1.000000,0.760000,-0.800000,2.300000,2.000000,-0.782000,9.000000,-3.000000,18.400000,1.000000,0.000000,0.000000,0.000000,0.000000,0.000000,1.000000,0.000000,0.000000,1.000000,0.000000,0.000000,0.000000,0.000000,0.000000,23887.000000,9359.000000,255.000000,5.000000,0.000000,0.000000,1.000000,0.000000,0.000000,0.000000,0.000000,4.000000,1.000000,0.000000,2011.000000,1.000000
00:52.241,0.000000,764.000000,18.400000,2.810000,97.000000,81.000000,28.000000,323.000000,45.600000,28.700000,13.700000,16.000000,31.700000,0.800000,1.500000,1.000000,0.800000,20.000000,39.500000,16.000000,47.000000,0.000000,1.000000,0.000000,1.000000,0.800000,0.000000,0.800000,2.300000,0.800000,0.900000,2.000000,0.800000,1.000000,1.300000,16.000000,0.000000,22.000000,0.600000,1.000000,13.700000,1.000000,0.000000,0.000000,2.300000,0.105000,1.000000,0.200000,0.000000,0.000000,1.000000,0.760000,-0.800000,2.300000,2.000000,-0.782000,9.500000,-3.000000,18.400000,1.000000,0.000000,0.000000,0.000000,0.000000,0.000000,1.000000,0.000000,0.000000,1.000000,0.000000,0.000000,0.000000,0.000000,0.000000,23887.000000,9359.000000,255.000000,5.000000,0.000000,0.000000,1.000000,0.000000,0.000000,0.000000,0.000000,4.000000,1.000000,0.000000,2011.000000,1.000000
00:52.524,0.000000,769.000000,18.400000,2.810000,97.000000,81.000000,28.000000,323.000000,45.600000,28.700000,13.700000,16.000000,31.700000,0.800000,1.500000,1.000000,0.800000,20.000000,39.500000,16.000000,47.000000,0.000000,1.000000,0.000000,1.000000,0.800000,0.000000,0.800000,2.300000,0.800000,0.900000,2.000000,0.800000,1.000000,1.300000,16.000000,0.000000,17.000000,0.600000,1.000000,13.700000,1.000000,0.000000,0.000000,2.300000,0.105000,1.000000,0.200000,0.000000,0.000000,1.000000,0.740000,-1.600000,2.300000,2.000000,-1.563000,9.500000,-3.000000,18.400000,1.000000,0.000000,0.000000,0.000000,0.000000,0.000000,1.000000,0.000000,0.000000,1.000000,0.000000,0.000000,0.000000,0.000000,0.000000,23887.000000,9359.000000,255.000000,5.000000,0.000000,0.000000,1.000000,0.000000,0.000000,0.000000,0.000000,4.000000,1.000000,0.000000,2011.000000,1.000000
00:52.806,0.000000,760.000000,18.800000,2.820000,97.000000,81.000000,28.000000,323.000000,45.600000,28.700000,13.700000,16.000000,31.700000,0.800000,1.500000,1.000000,0.800000,20.000000,39.500000,16.000000,47.000000,0.000000,1.000000,0.000000,1.000000,0.800000,0.000000,0.800000,2.300000,0.800000,0.900000,2.000000,0.800000,1.000000,1.400000,16.000000,0.000000,19.000000,0.600000,1.000000,13.700000,1.000000,0.000000,0.000000,2.300000,0.105000,1.000000,0.200000,0.000000,0.000000,1.000000,0.720000,-1.600000,2.300000,2.000000,-1.563000,9.500000,-3.000000,18.400000,1.000000,0.000000,0.000000,0.000000,0.000000,0.000000,1.000000,0.000000,0.000000,1.000000,0.000000,0.000000,0.000000,0.000000,0.000000,23887.000000,9359.000000,255.000000,5.000000,0.000000,0.000000,1.000000,0.000000,0.000000,0.000000,0.000000,4.000000,1.000000,0.000000,2011.000000,1.000000
00:53.089,0.000000,767.000000,18.400000,2.790000,97.000000,81.000000,28.000000,324.000000,45.600000,28.700000,13.700000,16.000000,31.700000,0.800000,1.500000,1.000000,0.800000,20.000000,39.500000,16.000000,47.000000,0.000000,1.000000,0.000000,1.000000,0.800000,0.000000,0.800000,2.300000,0.800000,0.900000,2.000000,0.700000,1.000000,1.200000,16.000000,0.000000,16.000000,0.600000,1.000000,13.700000,1.000000,0.000000,0.000000,2.300000,0.104000,1.000000,0.200000,0.000000,0.000000,1.000000,0.680000,-2.400000,2.300000,2.000000,-2.344000,9.000000,-3.000000,18.400000,1.000000,0.000000,0.000000,0.000000,0.000000,0.000000,1.000000,0.000000,0.000000,1.000000,0.000000,0.000000,0.000000,0.000000,0.000000,23887.000000,9359.000000,255.000000,5.000000,0.000000,0.000000,1.000000,0.000000,0.000000,0.000000,0.000000,4.000000,1.000000,0.000000,2011.000000,1.000000
00:53.371,0.000000,758.000000,18.400000,2.790000,97.000000,81.000000,28.000000,324.000000,45.600000,28.700000,13.700000,16.000000,31.700000,0.800000,1.500000,1.000000,0.800000,20.000000,39.500000,16.000000,47.000000,0.000000,1.000000,0.000000,1.000000,0.800000,0.000000,0.800000,2.300000,0.800000,0.900000,2.000000,0.800000,1.000000,1.000000,16.000000,0.000000,18.000000,0.600000,1.000000,13.700000,1.000000,0.000000,0.000000,2.300000,0.104000,1.000000,0.200000,0.000000,0.000000,1.000000,0.270000,-0.800000,2.300000,2.000000,-0.782000,9.000000,-3.000000,18.400000,1.000000,0.000000,0.000000,0.000000,0.000000,0.000000,1.000000,0.000000,0.000000,1.000000,0.000000,0.000000,0.000000,0.000000,0.000000,23887.000000,9359.000000,255.000000,5.000000,0.000000,0.000000,1.000000,0.000000,0.000000,0.000000,0.000000,4.000000,1.000000,0.000000,2011.000000,1.000000
00:53.654,0.000000,755.000000,18.800000,2.810000,97.000000,81.000000,28.000000,324.000000,45.600000,28.700000,13.700000,16.000000,31.700000,0.800000,1.500000,1.000000,0.800000,20.000000,39.500000,15.600000,47.000000,0.000000,1.000000,0.000000,1.000000,0.800000,0.000000,0.700000,2.300000,0.800000,0.900000,2.000000,0.800000,1.000000,1.000000,16.000000,0.000000,17.000000,0.600000,1.000000,13.700000,1.000000,0.000000,0.000000,2.300000,0.104000,1.000000,0.200000,0.000000,0.000000,1.000000,0.090000,0.000000,2.300000,2.000000,0.000000,8.500000,-3.000000,18.400000,1.000000,0.000000,0.000000,0.000000,0.000000,0.000000,1.000000,0.000000,0.000000,1.000000,0.000000,0.000000,0.000000,0.000000,0.000000,23887.000000,9359.000000,255.000000,5.000000,0.000000,0.000000,1.000000,0.000000,0.000000,0.000000,0.000000,4.000000,1.000000,0.000000,2011.000000,1.000000
00:53.937,0.000000,748.000000,18.800000,2.790000,97.000000,81.000000,28.000000,324.000000,45.600000,28.700000,13.700000,16.000000,31.700000,0.800000,1.500000,1.000000,0.800000,20.000000,39.500000,16.000000,47.000000,0.000000,1.000000,0.000000,1.000000,0.800000,0.000000,0.800000,2.300000,0.800000,0.900000,2.000000,0.700000,1.000000,1.100000,16.000000,0.000000,18.000000,0.600000,1.000000,13.700000,1.000000,0.000000,0.000000,2.300000,0.104000,1.000000,0.200000,0.000000,0.000000,1.000000,0.070000,0.000000,2.300000,2.000000,0.000000,7.500000,-3.000000,18.400000,1.000000,0.000000,0.000000,0.000000,0.000000,0.000000,1.000000,0.000000,0.000000,1.000000,0.000000,0.000000,0.000000,0.000000,0.000000,23887.000000,9359.000000,255.000000,5.000000,0.000000,0.000000,1.000000,0.000000,0.000000,0.000000,0.000000,4.000000,1.000000,0.000000,2011.000000,1.000000
00:54.219,0.000000,749.000000,18.400000,2.780000,97.000000,81.000000,28.000000,325.000000,45.600000,28.700000,13.700000,16.000000,31.700000,0.800000,1.500000,1.000000,0.800000,20.000000,39.500000,15.600000,47.000000,0.000000,1.000000,0.000000,1.000000,0.700000,0.000000,0.800000,2.300000,0.700000,0.900000,2.000000,0.800000,1.000000,1.200000,15.600000,0.000000,19.000000,0.600000,1.000000,13.700000,1.000000,0.000000,0.000000,2.300000,0.104000,1.000000,0.300000,0.000000,0.000000,1.000000,0.070000,0.700000,2.300000,2.000000,0.781000,7.500000,-3.000000,18.400000,1.000000,0.000000,0.000000,0.000000,0.000000,0.000000,1.000000,0.000000,0.000000,1.000000,0.000000,0.000000,0.000000,0.000000,0.000000,23887.000000,9359.000000,255.000000,5.000000,0.000000,0.000000,1.000000,0.000000,0.000000,0.000000,0.000000,4.000000,1.000000,0.000000,2011.000000,1.000000
00:54.502,0.000000,742.000000,18.800000,2.760000,97.000000,81.000000,28.000000,325.000000,45.600000,28.700000,13.700000,16.000000,31.700000,0.800000,1.500000,1.000000,0.800000,20.000000,39.500000,16.000000,47.000000,0.000000,1.000000,0.000000,1.000000,0.700000,0.000000,0.700000,2.300000,0.700000,0.900000,2.000000,0.700000,1.000000,1.400000,15.600000,0.000000,20.000000,0.600000,1.000000,13.700000,1.000000,0.000000,0.000000,2.300000,0.104000,1.000000,0.300000,0.000000,0.000000,1.000000,0.090000,1.500000,2.300000,2.000000,1.562000,7.000000,-3.000000,18.400000,1.000000,0.000000,0.000000,0.000000,0.000000,0.000000,1.000000,0.000000,0.000000,1.000000,0.000000,0.000000,0.000000,0.000000,0.000000,23887.000000,9359.000000,255.000000,5.000000,0.000000,0.000000,1.000000,0.000000,0.000000,0.000000,0.000000,4.000000,1.000000,0.000000,2011.000000,1.000000
00:54.784,0.000000,742.000000,18.800000,2.760000,97.000000,81.000000,28.000000,325.000000,45.600000,28.700000,13.700000,16.000000,31.700000,0.800000,1.500000,1.000000,0.800000,20.000000,39.500000,15.600000,46.600000,0.000000,1.000000,0.000000,1.000000,0.700000,0.000000,0.700000,2.300000,0.700000,0.900000,2.000000,0.700000,1.000000,1.300000,15.600000,0.000000,16.000000,0.600000,1.000000,13.700000,1.000000,0.000000,0.000000,2.300000,0.106000,1.000000,0.300000,0.000000,0.000000,1.000000,0.130000,2.300000,2.300000,2.000000,2.343000,6.000000,-3.000000,18.400000,1.000000,0.000000,0.000000,0.000000,0.000000,0.000000,1.000000,0.000000,0.000000,1.000000,0.000000,0.000000,0.000000,0.000000,0.000000,23887.000000,9359.000000,255.000000,5.000000,0.000000,0.000000,1.000000,0.000000,0.000000,0.000000,0.000000,4.000000,1.000000,0.000000,2011.000000,1.000000
00:55.246,0.000000,731.000000,18.800000,2.750000,97.000000,81.000000,28.000000,326.000000,45.600000,28.700000,13.700000,16.000000,31.700000,0.800000,1.500000,1.000000,0.800000,20.000000,39.500000,16.000000,47.000000,0.000000,1.000000,0.000000,1.000000,0.700000,0.000000,0.700000,2.300000,0.700000,0.900000,2.000000,0.700000,1.000000,1.100000,15.600000,0.000000,18.000000,0.600000,1.000000,13.700000,1.000000,0.000000,0.000000,2.430000,0.106000,1.000000,0.300000,0.000000,0.000000,1.000000,0.700000,1.500000,2.300000,2.000000,1.562000,6.500000,-3.000000,18.400000,1.000000,0.000000,0.000000,0.000000,0.000000,0.000000,1.000000,0.000000,0.000000,1.000000,0.000000,0.000000,0.000000,0.000000,0.000000,23887.000000,9359.000000,255.000000,5.000000,0.000000,0.000000,1.000000,0.000000,0.000000,0.000000,0.000000,4.000000,1.000000,0.000000,2011.000000,1.000000
00:55.529,0.000000,732.000000,18.800000,2.710000,97.000000,81.000000,28.000000,326.000000,45.600000,28.700000,13.700000,16.000000,31.700000,0.800000,1.500000,1.000000,0.800000,20.000000,39.500000,15.600000,46.600000,0.000000,1.000000,0.000000,1.000000,0.700000,0.000000,0.700000,2.300000,0.700000,0.900000,2.000000,0.700000,1.000000,1.500000,15.600000,0.000000,23.000000,0.600000,1.000000,13.700000,1.000000,0.000000,0.000000,2.300000,0.106000,1.000000,0.300000,0.000000,0.000000,1.000000,0.740000,0.700000,2.300000,2.000000,0.781000,7.000000,-3.000000,18.400000,1.000000,0.000000,0.000000,0.000000,0.000000,0.000000,1.000000,0.000000,0.000000,1.000000,0.000000,0.000000,0.000000,0.000000,0.000000,23887.000000,9359.000000,255.000000,5.000000,0.000000,0.000000,1.000000,0.000000,0.000000,0.000000,0.000000,4.000000,1.000000,0.000000,2011.000000,1.000000
00:55.811,0.000000,732.000000,18.400000,2.700000,97.000000,81.000000,28.000000,326.000000,45.600000,28.700000,13.700000,16.000000,31.700000,0.800000,1.500000,1.000000,0.800000,20.000000,39.500000,15.600000,46.600000,0.000000,1.000000,0.000000,1.000000,0.700000,0.000000,0.700000,2.300000,0.700000,0.900000,2.000000,0.700000,1.000000,1.100000,15.600000,0.000000,15.000000,0.600000,1.000000,13.700000,1.000000,0.000000,0.000000,2.300000,0.106000,1.000000,0.300000,0.000000,0.000000,1.000000,0.760000,0.700000,2.300000,2.000000,0.781000,6.500000,-3.000000,18.400000,1.000000,0.000000,0.000000,0.000000,0.000000,0.000000,1.000000,0.000000,0.000000,1.000000,0.000000,0.000000,0.000000,0.000000,0.000000,23887.000000,9359.000000,255.000000,5.000000,0.000000,0.000000,1.000000,0.000000,0.000000,0.000000,0.000000,4.000000,1.000000,0.000000,2011.000000,1.000000
00:56.094,0.000000,720.000000,18.800000,2.700000,97.000000,81.000000,28.000000,326.000000,45.600000,28.700000,13.700000,16.000000,31.700000,0.800000,1.500000,1.000000,0.800000,20.000000,39.500000,15.600000,46.600000,0.000000,1.000000,0.000000,1.000000,0.700000,0.000000,0.700000,2.300000,0.700000,0.900000,2.000000,0.700000,1.000000,1.100000,15.600000,0.000000,14.000000,0.600000,1.000000,13.700000,1.000000,0.000000,0.000000,2.300000,0.106000,1.000000,0.300000,0.000000,0.000000,1.000000,0.760000,0.000000,2.300000,2.000000,0.000000,7.500000,-3.000000,18.400000,1.000000,0.000000,0.000000,0.000000,0.000000,0.000000,1.000000,0.000000,0.000000,1.000000,0.000000,0.000000,0.000000,0.000000,0.000000,23887.000000,9359.000000,255.000000,5.000000,0.000000,0.000000,1.000000,0.000000,0.000000,0.000000,0.000000,4.000000,1.000000,0.000000,2011.000000,1.000000
00:56.377,0.000000,710.000000,18.800000,2.680000,97.000000,81.000000,28.000000,327.000000,45.600000,28.700000,13.700000,16.000000,31.700000,0.800000,1.500000,1.000000,0.800000,20.000000,39.500000,15.600000,46.600000,0.000000,1.000000,0.000000,1.000000,0.700000,0.000000,0.700000,2.300000,0.700000,0.900000,2.000000,0.700000,1.000000,1.300000,15.600000,0.000000,17.000000,0.600000,1.000000,13.700000,1.000000,0.000000,0.000000,2.300000,0.108000,1.000000,0.300000,0.000000,0.000000,1.000000,0.740000,0.000000,2.300000,2.000000,0.000000,8.500000,-3.000000,18.400000,1.000000,0.000000,0.000000,0.000000,0.000000,0.000000,1.000000,0.000000,0.000000,1.000000,0.000000,0.000000,0.000000,0.000000,0.000000,23887.000000,9359.000000,255.000000,5.000000,0.000000,0.000000,1.000000,0.000000,0.000000,0.000000,0.000000,4.000000,1.000000,0.000000,2011.000000,1.000000
00:56.659,0.000000,721.000000,18.800000,2.680000,97.000000,81.000000,28.000000,327.000000,45.600000,28.700000,13.700000,16.000000,31.700000,0.800000,1.500000,1.000000,0.800000,20.000000,39.500000,15.600000,46.600000,0.000000,1.000000,0.000000,1.000000,0.700000,0.000000,0.700000,2.300000,0.700000,0.900000,2.000000,0.700000,1.000000,1.300000,15.600000,0.000000,17.000000,0.600000,1.000000,13.600000,1.000000,0.000000,0.000000,2.300000,0.108000,1.000000,0.300000,0.000000,0.000000,1.000000,0.720000,-0.800000,2.300000,2.000000,-0.782000,8.000000,-3.000000,18.400000,1.000000,0.000000,0.000000,0.000000,0.000000,0.000000,1.000000,0.000000,0.000000,1.000000,0.000000,0.000000,0.000000,0.000000,0.000000,23887.000000,9359.000000,255.000000,5.000000,0.000000,0.000000,1.000000,0.000000,0.000000,0.000000,0.000000,4.000000,1.000000,0.000000,2011.000000,1.000000
00:56.942,0.000000,725.000000,18.400000,2.680000,97.000000,81.000000,28.000000,327.000000,45.600000,28.700000,13.700000,16.000000,31.700000,0.800000,1.500000,1.000000,0.800000,20.000000,39.500000,15.600000,46.600000,0.000000,1.000000,0.000000,1.000000,0.700000,0.000000,0.700000,2.300000,0.700000,0.900000,2.000000,0.700000,1.000000,1.200000,15.600000,0.000000,15.000000,0.600000,1.000000,13.700000,1.000000,0.000000,0.000000,2.300000,0.108000,1.000000,0.300000,0.000000,0.000000,1.000000,0.680000,-0.800000,2.300000,2.000000,-0.782000,7.500000,-3.000000,18.400000,1.000000,0.000000,0.000000,0.000000,0.000000,0.000000,1.000000,0.000000,0.000000,1.000000,0.000000,0.000000,0.000000,0.000000,0.000000,23887.000000,9359.000000,255.000000,5.000000,0.000000,0.000000,1.000000,0.000000,0.000000,0.000000,0.000000,4.000000,1.000000,0.000000,2011.000000,1.000000
00:57.224,0.000000,721.000000,18.400000,2.670000,97.000000,81.000000,28.000000,328.000000,45.600000,28.700000,13.700000,16.000000,31.700000,0.800000,1.500000,1.000000,0.800000,20.000000,39.500000,15.600000,46.600000,0.000000,1.000000,0.000000,1.000000,0.700000,0.000000,0.700000,2.300000,0.700000,0.900000,2.000000,0.700000,1.000000,1.200000,15.600000,0.000000,19.000000,0.600000,1.000000,13.700000,1.000000,0.000000,0.000000,2.300000,0.108000,1.000000,0.300000,0.000000,0.000000,1.000000,0.640000,-1.600000,2.300000,2.000000,-1.563000,8.500000,-3.000000,18.400000,1.000000,0.000000,0.000000,0.000000,0.000000,0.000000,1.000000,0.000000,0.000000,1.000000,0.000000,0.000000,0.000000,0.000000,0.000000,23887.000000,9359.000000,255.000000,5.000000,0.000000,0.000000,1.000000,0.000000,0.000000,0.000000,0.000000,4.000000,1.000000,0.000000,2011.000000,1.000000
00:57.507,0.000000,721.000000,18.800000,2.700000,97.000000,81.000000,28.000000,328.000000,45.600000,28.700000,13.700000,16.000000,31.700000,0.800000,1.500000,1.000000,0.800000,20.000000,39.500000,15.600000,46.600000,0.000000,1.000000,0.000000,1.000000,0.700000,0.000000,0.700000,2.300000,0.700000,0.900000,2.000000,0.700000,1.000000,1.200000,15.600000,0.000000,19.000000,0.600000,1.000000,13.700000,1.000000,0.000000,0.000000,2.300000,0.108000,1.000000,0.400000,0.000000,0.000000,1.000000,0.110000,0.000000,2.300000,2.000000,0.000000,8.000000,-3.000000,18.400000,1.000000,0.000000,0.000000,0.000000,0.000000,0.000000,1.000000,0.000000,0.000000,1.000000,0.000000,0.000000,0.000000,0.000000,0.000000,23887.000000,9359.000000,255.000000,5.000000,0.000000,0.000000,1.000000,0.000000,0.000000,0.000000,0.000000,4.000000,1.000000,0.000000,2011.000000,1.000000
00:57.790,0.000000,725.000000,18.400000,2.670000,97.000000,81.000000,28.000000,328.000000,45.600000,28.700000,13.700000,16.000000,31.700000,0.800000,1.500000,1.000000,0.800000,20.000000,39.500000,15.600000,46.600000,0.000000,1.000000,0.000000,1.000000,0.700000,0.000000,0.700000,2.300000,0.700000,0.900000,2.000000,0.700000,1.000000,1.200000,15.600000,0.000000,17.000000,0.600000,1.000000,13.700000,1.000000,0.000000,0.000000,2.300000,0.108000,1.000000,0.400000,0.000000,0.000000,1.000000,0.070000,0.700000,2.300000,2.000000,0.781000,7.000000,-3.000000,18.400000,1.000000,0.000000,0.000000,0.000000,0.000000,0.000000,1.000000,0.000000,0.000000,1.000000,0.000000,0.000000,0.000000,0.000000,0.000000,23887.000000,9359.000000,255.000000,5.000000,0.000000,0.000000,1.000000,0.000000,0.000000,0.000000,0.000000,4.000000,1.000000,0.000000,2011.000000,1.000000
